feature,importance
EntryOffset,0.04102255721949146
Risk,0.039644802049192365
ATR_Value,0.03814753773167551
RangeWidth,0.03804903325697254
RangeAtrRatio,0.037633375462364664
ATR_Pct,0.037398442466331276
ATR_Ratio,0.03721764387986368
ATR,0.03710743846192758
BreakoutBodyPct,0.036596925390988036
TP,0.03581995990906167
EMA_200_5M,0.035462826429916945
EMA_200_1H,0.03475268355652183
RangeLow,0.03405424321386124
SL,0.0338707852396114
RangeHigh,0.03386444221458187
EntryPrice,0.03338899291710921
EMA_50_5M,0.03336419778701218
EMA_9_5M,0.03323474593919344
RangeMid,0.03305863683966913
EMA_21_5M,0.03222563062948825
BreakoutDistance,0.029626103082242797
BreakoutAtrMultiple,0.02855133857536292
Trend_Score,0.013924367352007517
EntryType_REVERSAL,0.011231483776737505
EntryType_PULLBACK,0.010145915448370494
WindowType_300,0.008202755540016052
WindowType_1000,0.00803326125268006
Price_Above_EMA200_5M,0.007468164120369608
PriceAboveEMA200_5M,0.007420864888900501
WindowType_1630,0.0066434079418157006
Is_Tight_Range,0.004836016085664656
Price_Above_EMA200_1H,0.004815473348993723
Type_SELL,0.004715226801863589
Type_BUY,0.004683861062359142
Consolidation_Score,0.004577986440642697
WindowID_2025-07-21_1630,0.001089262916134117
WindowID_2025-03-25_1630,0.0009758461600671944
WindowID_2025-05-14_1000,0.0009664674828999435
WindowID_2025-08-04_1000,0.0009401115398937177
WindowID_2025-03-20_1000,0.0008270673758163069
WindowID_2025-06-23_1000,0.0008205386570878333
WindowID_2025-09-04_1630,0.0008150263979129951
WindowID_2025-07-17_0300,0.0008136599050561871
WindowID_2025-01-20_0300,0.0007892066630615967
WindowID_2025-03-21_1000,0.000782311264581233
WindowID_2025-05-19_1000,0.0007784315754174295
WindowID_2025-05-08_1630,0.0007694393439927126
WindowID_2025-04-11_0300,0.0007537178047183039
WindowID_2025-03-19_0300,0.0007527342652570033
WindowID_2025-04-29_1630,0.0007437342996351375
WindowID_2025-04-17_1630,0.0007389500178057332
WindowID_2025-07-01_0300,0.0007319503121100676
WindowID_2025-02-12_0300,0.0007085600243354563
WindowID_2025-05-06_1000,0.0007005858749011089
WindowID_2025-06-24_1630,0.00068305593932726
WindowID_2025-05-27_0300,0.0006802581328633299
WindowID_2025-06-27_1630,0.0006786589768227308
WindowID_2025-05-30_0300,0.000666124430523626
WindowID_2025-06-03_0300,0.0006651508648435674
WindowID_2024-11-29_1630,0.0006626034525893693
WindowID_2025-08-11_0300,0.0006602133590889857
WindowID_2025-05-07_1000,0.0006392343099169107
WindowID_2025-06-09_0300,0.0006334334656709505
WindowID_2025-03-10_0300,0.0006264934573826382
WindowID_2025-07-08_0300,0.0006242352618019559
WindowID_2025-08-01_0300,0.0006072440165586938
WindowID_2025-10-29_1630,0.0006041061825595789
WindowID_2025-03-03_0300,0.0006015838592496324
WindowID_2025-07-09_1630,0.000600558970382841
WindowID_2025-09-11_1000,0.0005963391793434519
WindowID_2025-05-29_1000,0.0005957104013368008
WindowID_2025-02-13_1630,0.0005947460074612542
WindowID_2025-06-26_1630,0.000593823997874297
WindowID_2025-11-04_1630,0.0005928331162531193
WindowID_2025-01-16_1000,0.0005886593529410854
WindowID_2025-05-16_1000,0.000575287727710021
WindowID_2025-08-12_0300,0.0005698573392639698
WindowID_2025-06-26_1000,0.0005664870013946072
WindowID_2025-03-25_0300,0.0005624655583462033
WindowID_2025-06-23_0300,0.0005619737220656914
WindowID_2025-07-07_1630,0.0005469865664099022
WindowID_2025-08-18_0300,0.0005425928492860559
WindowID_2025-02-27_1630,0.000539849179593528
WindowID_2025-06-05_1000,0.0005373742889648778
WindowID_2025-04-29_0300,0.0005295330113223586
WindowID_2024-12-03_0300,0.0005245988671050381
WindowID_2025-02-27_0300,0.0005190657375898272
WindowID_2025-06-06_0300,0.0005184381396409403
WindowID_2025-11-03_1000,0.0005175671857406252
WindowID_2025-07-21_0300,0.0005169702378287198
WindowID_2025-07-07_0300,0.0005152388083938564
WindowID_2025-01-28_0300,0.000513767777348828
WindowID_2025-02-11_1630,0.0005118973452217288
WindowID_2025-06-02_0300,0.0005090869415872259
WindowID_2024-12-16_1630,0.0005072421938126735
WindowID_2025-06-17_0300,0.0005071944615156492
WindowID_2025-06-18_1630,0.0005067536420199143
WindowID_2025-05-14_0300,0.0005054795463458592
WindowID_2025-04-07_0300,0.0005043037520105734
WindowID_2025-05-21_1000,0.0005030268757089104
WindowID_2025-05-01_1000,0.0005016907307129237
WindowID_2025-02-11_1000,0.0004959736794652798
Is_Consolidating,0.0004954116522222758
WindowID_2025-02-17_1630,0.0004946894845667311
WindowID_2025-09-02_1630,0.00048637748419037385
WindowID_2025-10-15_1630,0.0004837983947746156
WindowID_2025-04-16_1000,0.000481601040945165
WindowID_2025-10-28_1000,0.0004811181237234119
WindowID_2025-01-02_0300,0.0004779473643029539
WindowID_2025-05-12_0300,0.00047150723515586464
WindowID_2025-08-18_1000,0.0004714181888237033
WindowID_2025-11-05_0300,0.00046598888583521375
WindowID_2025-07-18_1000,0.0004627511880285116
WindowID_2025-08-25_1000,0.0004590921465114607
WindowID_2025-01-29_1630,0.00045377351018100197
WindowID_2025-08-08_0300,0.0004534271130311963
WindowID_2025-07-31_1630,0.0004454173360789298
WindowID_2025-07-09_0300,0.00044386057358728793
WindowID_2025-09-30_1630,0.0004414553435399014
WindowID_2025-02-04_1000,0.00044048229015135787
WindowID_2025-09-04_0300,0.0004398876981097184
WindowID_2025-01-21_1000,0.00043472989510213983
WindowID_2025-09-30_1000,0.00043408258313767684
WindowID_2025-01-30_1630,0.0004287591103545058
WindowID_2025-05-28_0300,0.0004274002693754536
WindowID_2025-03-21_1630,0.0004203300884561251
WindowID_2024-11-29_1000,0.0004182585279009323
WindowID_2025-07-30_1000,0.0004166327518013499
WindowID_2024-12-10_1000,0.00041572242944068406
WindowID_2025-06-25_1000,0.0004128407249870401
WindowID_2025-09-05_1000,0.0004115494524709301
WindowID_2025-05-22_0300,0.00041084529529990645
WindowID_2025-01-22_0300,0.0004092129902432688
WindowID_2025-01-15_1000,0.0004046497491322714
WindowID_2025-03-12_0300,0.0003977367198944873
WindowID_2025-09-09_1630,0.000397173553714141
WindowID_2025-02-26_1630,0.00039624929218653044
WindowID_2025-04-21_1630,0.00039429977972695485
WindowID_2024-12-23_1000,0.0003908298576722458
WindowID_2024-12-19_1000,0.0003893281096970236
WindowID_2025-03-14_1000,0.00038707772295812077
WindowID_2025-09-25_1000,0.00038684541914722087
WindowID_2025-01-23_1630,0.00038114637713341484
WindowID_2025-03-03_1630,0.0003791540105266864
WindowID_2024-12-18_0300,0.0003782426078262593
WindowID_2024-12-19_0300,0.0003772845313069131
WindowID_2025-05-20_1630,0.00037710683342677355
WindowID_2025-10-02_1630,0.000375679560899935
WindowID_2025-03-18_1000,0.00037448328485143394
WindowID_2025-08-21_1000,0.0003714865761798671
WindowID_2025-09-05_0300,0.000371225128538688
WindowID_2025-04-08_1000,0.0003711549808014873
WindowID_2025-05-13_1000,0.00037041280957122937
WindowID_2025-04-16_1630,0.0003657302102959096
WindowID_2025-09-03_1630,0.0003615695134130944
WindowID_2024-12-24_1000,0.00035978838932037985
WindowID_2025-10-13_1000,0.0003594459201371155
WindowID_2025-09-26_1000,0.0003573294173700581
WindowID_2024-12-20_1630,0.00035728579713799406
WindowID_2025-10-31_1000,0.00035710595456478196
WindowID_2025-08-28_1000,0.00035531897624974514
WindowID_2024-12-09_1000,0.0003525749035919723
WindowID_2025-08-15_0300,0.0003503418169830785
WindowID_2025-07-02_1000,0.0003495429129495202
WindowID_2025-09-11_0300,0.000347133754149975
WindowID_2025-05-16_0300,0.0003461775685606907
WindowID_2025-06-27_1000,0.0003461325842013523
WindowID_2025-09-12_1000,0.0003427512642239516
WindowID_2025-06-19_0300,0.0003420319510735878
WindowID_2025-09-01_1630,0.00033825785881816064
WindowID_2025-01-14_0300,0.00033823806266721477
WindowID_2025-09-24_0300,0.00033666000008001495
WindowID_2025-03-18_0300,0.00033564207664645604
WindowID_2025-09-11_1630,0.00033563221572204704
WindowID_2025-08-07_0300,0.0003355683409552353
WindowID_2025-03-26_0300,0.0003336653008807297
WindowID_2025-03-24_1000,0.0003319896592059475
WindowID_2025-10-06_1630,0.00032929282520433923
WindowID_2025-10-01_0300,0.0003287884729857483
WindowID_2025-10-13_1630,0.0003284792368432794
WindowID_2025-05-07_0300,0.00032427720746262703
WindowID_2025-06-10_0300,0.00032157528232793316
WindowID_2025-06-12_0300,0.0003193427496761305
WindowID_2025-04-14_1630,0.00031897169760243603
WindowID_2025-05-23_1630,0.0003174353771820644
WindowID_2025-06-02_1000,0.00031626984377557756
WindowID_2025-09-08_1630,0.00031604069280685265
WindowID_2025-09-23_1000,0.00031490050803299947
WindowID_2025-02-18_1630,0.0003108365633472932
WindowID_2025-10-08_1630,0.0003102839565192192
WindowID_2025-03-17_0300,0.00031014553047484635
WindowID_2025-07-11_1000,0.00030907667549594383
WindowID_2025-09-25_0300,0.0003087653032683566
WindowID_2025-01-15_0300,0.00030734852415712893
WindowID_2025-03-31_1000,0.0003062200516384046
WindowID_2025-09-29_0300,0.0003042060300707148
WindowID_2024-12-30_1000,0.00030315974612363917
WindowID_2024-12-16_1000,0.00030210913089569224
WindowID_2025-01-30_1000,0.000300321708485075
WindowID_2025-07-24_0300,0.000297098912644693
WindowID_2025-10-16_0300,0.00029669334523424977
WindowID_2025-10-03_0300,0.00029488534413754674
WindowID_2025-03-13_1000,0.0002917200349454314
WindowID_2024-12-23_1630,0.00027979340685327673
WindowID_2025-08-05_1630,0.00027972376039791977
WindowID_2025-07-23_1000,0.0002793259801384903
WindowID_2025-01-17_1000,0.00027663366626866744
WindowID_2025-01-02_1630,0.0002749530286925702
WindowID_2025-05-21_0300,0.0002746826134260415
WindowID_2025-07-28_0300,0.00027467610514341157
WindowID_2025-10-13_0300,0.000274411544016778
WindowID_2025-10-15_0300,0.0002743641195589922
WindowID_2025-10-21_1000,0.0002735861509238192
WindowID_2025-04-03_1000,0.00027321737700842147
WindowID_2025-02-20_1000,0.0002726353220760677
WindowID_2025-05-15_0300,0.0002722868749733603
WindowID_2025-05-22_1000,0.0002721305734505915
WindowID_2025-08-01_1000,0.0002696517012693642
WindowID_2025-01-07_1000,0.0002681905324041345
WindowID_2025-01-30_0300,0.00026694970715232676
WindowID_2025-08-05_1000,0.00026580356395526357
WindowID_2025-01-03_1000,0.00026397809238858116
WindowID_2025-09-22_1000,0.0002633568390560949
WindowID_2025-06-03_1000,0.0002620082809883063
WindowID_2025-10-06_0300,0.0002603195965548504
WindowID_2025-06-27_0300,0.0002599261032727944
WindowID_2025-06-20_0300,0.00025990245025211403
WindowID_2025-09-26_0300,0.00025678278975836856
WindowID_2025-10-15_1000,0.00025605488072117185
WindowID_2025-03-12_1000,0.0002537404687897285
WindowID_2025-10-16_1630,0.0002521295984085938
WindowID_2025-02-05_1000,0.0002515742509224902
WindowID_2025-09-29_1630,0.00024996285814217966
WindowID_2025-01-09_1000,0.00024808300499450363
WindowID_2025-02-04_0300,0.00024654368208224816
WindowID_2025-06-04_0300,0.0002459488175000823
WindowID_2025-06-19_1000,0.0002448714462598329
WindowID_2025-07-01_1000,0.0002438829382490063
WindowID_2025-01-15_1630,0.00024295615692362008
WindowID_2025-01-29_1000,0.0002422766729843283
WindowID_2025-10-16_1000,0.0002410911038950028
WindowID_2025-10-31_0300,0.00024060416874099297
WindowID_2025-10-24_1000,0.00024058721817078662
WindowID_2025-03-31_0300,0.00023999126715061036
WindowID_2025-01-10_1000,0.00023949591841129363
WindowID_2025-10-03_1000,0.00023899964777549776
WindowID_2025-06-10_1000,0.0002360798984281661
WindowID_2025-10-10_1630,0.0002359026334530745
WindowID_2025-07-09_1000,0.0002352780616825854
WindowID_2025-07-22_0300,0.00023467199839262998
WindowID_2025-09-23_1630,0.00023354643626403496
WindowID_2025-03-24_0300,0.00023336520388717122
WindowID_2025-02-06_1630,0.0002317282794450484
WindowID_2025-06-30_0300,0.00023155158788576246
WindowID_2025-07-29_0300,0.00023028888196035998
WindowID_2025-01-23_1000,0.00022881113333389223
WindowID_2025-09-05_1630,0.00022819141719150154
WindowID_2025-10-23_1000,0.00022660491301796948
WindowID_2025-08-26_1630,0.00022562882208347737
WindowID_2025-05-29_0300,0.0002256011285342634
WindowID_2024-12-02_1000,0.0002254147788098783
WindowID_2025-04-07_1630,0.00022380979901851257
WindowID_2025-02-18_0300,0.00022259608048899552
WindowID_2025-09-01_1000,0.00022177009825915912
WindowID_2025-03-20_0300,0.00022107142327179396
WindowID_2025-02-26_1000,0.00021972791262331702
WindowID_2025-07-10_0300,0.00021944010183126009
WindowID_2025-08-29_1000,0.00021889011308704804
WindowID_2025-05-09_0300,0.00021888795103379552
WindowID_2025-07-01_1630,0.00021875455983874802
WindowID_2025-10-09_0300,0.0002182157770053197
WindowID_2025-10-20_1000,0.0002175225196449083
WindowID_2025-08-08_1630,0.00021427187973189064
WindowID_2025-10-17_1000,0.00021358148982829355
WindowID_2024-12-04_1630,0.0002129097542960034
WindowID_2025-10-17_1630,0.00021278689180560543
WindowID_2024-12-12_0300,0.00021215061408753384
WindowID_2025-02-19_1000,0.00021094753902284186
WindowID_2025-10-01_1630,0.0002105036573095124
WindowID_2025-01-17_0300,0.0002102371056693802
WindowID_2025-08-06_1630,0.00021017096236789276
WindowID_2025-08-27_1000,0.00020988278846846155
WindowID_2025-11-04_1000,0.0002098781187035399
WindowID_2025-08-07_1630,0.00020951633804067662
WindowID_2025-06-18_0300,0.00020821306565166703
WindowID_2025-04-29_1000,0.00020691151595203348
WindowID_2025-07-07_1000,0.00020571729962649073
WindowID_2025-05-08_1000,0.000205340287029411
WindowID_2025-03-21_0300,0.00020532717717202666
WindowID_2025-08-01_1630,0.00020452962208497092
WindowID_2025-01-28_1000,0.0002034315902153062
WindowID_2025-01-08_1630,0.00020335061902681755
WindowID_2025-08-20_1000,0.00020324121837232194
WindowID_2025-11-05_1630,0.00020295722578901035
WindowID_2025-04-08_1630,0.00020289508727392027
WindowID_2025-10-20_0300,0.0002026611035248666
WindowID_2025-08-22_0300,0.0002011129082493108
WindowID_2025-01-13_1000,0.00020055953766560448
WindowID_2025-07-31_0300,0.00020026691238388323
WindowID_2025-09-12_1630,0.00019823319859043983
WindowID_2025-06-16_1630,0.00019693107940925092
WindowID_2025-08-08_1000,0.00019580024953887463
WindowID_2025-09-10_1630,0.00019540051512161873
WindowID_2025-02-18_1000,0.00019531224560615003
WindowID_2025-08-14_0300,0.00019510259267375925
WindowID_2025-08-18_1630,0.00019459388034496897
WindowID_2025-07-29_1000,0.00019336769526872118
WindowID_2025-08-13_1000,0.00019253068502653346
WindowID_2025-02-19_1630,0.00019058132982798304
WindowID_2025-08-11_1630,0.00019039067271402305
WindowID_2025-08-20_0300,0.0001896482293218237
WindowID_2025-10-08_0300,0.00018734788529577425
WindowID_2025-08-12_1000,0.0001861584465188746
WindowID_2025-02-12_1630,0.00018475418244091958
WindowID_2025-01-03_1630,0.00018436034951258183
WindowID_2025-06-30_1630,0.00018426300271902815
WindowID_2025-09-03_1000,0.00018418645200111755
WindowID_2025-01-06_1000,0.00018230971988345988
WindowID_2025-08-28_0300,0.00018126653268403834
WindowID_2025-07-25_1000,0.00018090266461928583
WindowID_2025-01-28_1630,0.0001801820576617483
WindowID_2025-02-07_1630,0.0001801614965717937
WindowID_2025-02-21_0300,0.00017858275297417877
WindowID_2025-07-16_0300,0.00017668026273316129
WindowID_2025-10-29_0300,0.00017537966008115665
WindowID_2025-04-22_1000,0.00017505117512346783
WindowID_2025-05-02_1000,0.00017248613279926842
WindowID_2025-04-09_1630,0.00017228907527919854
WindowID_2025-04-10_1000,0.00017198021881790156
WindowID_2025-06-25_1630,0.0001719730784464604
WindowID_2025-05-21_1630,0.0001718949716984041
WindowID_2025-05-23_0300,0.000171710922831204
WindowID_2025-10-17_0300,0.0001712875783851318
WindowID_2025-08-11_1000,0.00017128041676654646
WindowID_2025-10-06_1000,0.00017114886311040485
WindowID_2025-05-12_1630,0.00017111253796892693
WindowID_2025-07-10_1000,0.0001693389360323901
WindowID_2025-03-14_0300,0.00016835148838566046
WindowID_2025-03-27_1000,0.00016651900827146778
WindowID_2025-08-22_1000,0.00016634099722631464
WindowID_2025-03-27_1630,0.00016573454210739075
WindowID_2025-10-30_0300,0.0001655561860260816
WindowID_2025-04-08_0300,0.00016523440079707513
WindowID_2025-08-27_1630,0.0001649057512107282
WindowID_2025-04-24_1630,0.000164467475042623
WindowID_2025-05-20_1000,0.0001638235430095055
WindowID_2025-05-19_1630,0.00016374180908876123
WindowID_2025-08-04_0300,0.00016335325350263485
WindowID_2025-07-28_1000,0.00016328998474122848
WindowID_2025-08-05_0300,0.00016277916461023082
WindowID_2025-10-14_1630,0.0001626739494306357
WindowID_2024-12-11_0300,0.00016230682479322553
WindowID_2024-12-20_0300,0.00016211932172976816
WindowID_2025-11-04_0300,0.00016142426461299164
WindowID_2025-08-29_0300,0.00016063175871758805
WindowID_2024-12-24_0300,0.00015985845326475695
WindowID_2025-09-02_0300,0.00015954543225008472
WindowID_2025-02-10_0300,0.00015927252510343829
WindowID_2025-03-03_1000,0.00015920492333553005
WindowID_2025-01-10_1630,0.00015862021522428823
WindowID_2025-03-11_1630,0.00015698716750142062
WindowID_2025-04-28_1000,0.00015678445394019626
WindowID_2025-05-13_1630,0.0001557898751673141
WindowID_2025-04-25_1000,0.00015526341045187674
WindowID_2025-02-06_0300,0.00015497350512950534
WindowID_2025-03-04_1630,0.00015450972606425052
WindowID_2025-01-27_1630,0.00015444750983380397
WindowID_2025-07-22_1000,0.00015417079784214594
WindowID_2025-02-19_0300,0.0001531919619369467
WindowID_2025-05-20_0300,0.000152509475928759
WindowID_2025-03-18_1630,0.00015147689459701653
WindowID_2025-04-16_0300,0.0001514032176781227
WindowID_2025-04-30_0300,0.0001508844246923475
WindowID_2025-01-06_0300,0.00015067890157100775
WindowID_2025-08-15_1630,0.00015064374706339558
WindowID_2025-02-12_1000,0.00015015841646646335
WindowID_2025-06-05_1630,0.00014991201416482004
WindowID_2025-06-19_1630,0.00014981712219258716
WindowID_2025-03-14_1630,0.00014870765673264034
WindowID_2025-05-15_1000,0.0001482930180248211
WindowID_2025-02-21_1630,0.00014790575660179328
WindowID_2025-06-24_0300,0.00014789597062512562
WindowID_2025-09-08_0300,0.000147425668703241
WindowID_2025-11-03_1630,0.00014718818221068326
WindowID_2024-12-02_1630,0.00014675277032486314
WindowID_2025-01-20_1000,0.00014661559329223143
WindowID_2025-04-21_1000,0.00014470832239586262
WindowID_2025-06-09_1000,0.00014446988048220553
WindowID_2025-03-11_0300,0.0001437705184814112
WindowID_2025-05-06_0300,0.00014359252322073914
WindowID_2025-02-11_0300,0.00014254639794479876
WindowID_2025-03-13_0300,0.00014071443731704844
WindowID_2024-12-02_0300,0.00014058550724841285
WindowID_2025-04-17_0300,0.00013912571094470218
WindowID_2024-12-05_0300,0.00013909283232355513
WindowID_2025-07-22_1630,0.0001380110694335375
WindowID_2025-10-30_1630,0.00013725056806151333
WindowID_2025-06-18_1000,0.00013623993866012616
WindowID_2024-12-04_1000,0.00013617974245313424
WindowID_2025-07-11_1630,0.0001359378698628654
WindowID_2024-12-23_0300,0.00013561601672898001
WindowID_2025-10-30_1000,0.0001354547428090766
WindowID_2025-06-05_0300,0.00013478603425323956
WindowID_2025-05-09_1630,0.0001346439577172319
WindowID_2025-04-17_1000,0.0001334407071207037
WindowID_2025-11-05_1000,0.00013303002966989622
WindowID_2025-07-14_0300,0.00013188807790686912
WindowID_2025-02-06_1000,0.0001310242752690955
WindowID_2025-05-16_1630,0.0001307457382203982
WindowID_2025-05-05_0300,0.0001298677393055472
WindowID_2025-07-14_1000,0.00012930980704196034
WindowID_2025-06-06_1000,0.00012778945146028022
WindowID_2025-06-03_1630,0.00012681016869009942
WindowID_2025-05-13_0300,0.00012650954952169848
WindowID_2025-08-04_1630,0.00012627100646144424
WindowID_2025-02-13_0300,0.0001260055400179417
WindowID_2025-02-17_1000,0.00012557938990600235
WindowID_2025-10-03_1630,0.000125280456515349
WindowID_2025-10-21_0300,0.00012508840337046721
WindowID_2024-12-13_0300,0.00012481071816913903
WindowID_2025-02-13_1000,0.0001233255157754447
WindowID_2024-12-26_0300,0.00012154219879294605
WindowID_2025-05-27_1000,0.00012108868099508127
WindowID_2025-07-30_0300,0.00012074550189637323
WindowID_2025-08-12_1630,0.00011954314307041544
WindowID_2025-03-06_1630,0.00011912813289167405
WindowID_2025-01-03_0300,0.0001179155955561698
WindowID_2025-05-26_0300,0.00011737893903789327
WindowID_2025-02-03_1630,0.0001172179045930381
WindowID_2025-01-16_0300,0.00011631660037153642
WindowID_2025-10-28_1630,0.0001156690547398449
WindowID_2025-04-09_0300,0.00011565805686033501
WindowID_2025-02-10_1000,0.00011553241201254906
WindowID_2025-06-09_1630,0.00011547481188143372
WindowID_2025-03-17_1000,0.00011464725504362184
WindowID_2025-04-02_1630,0.00011360339612117478
WindowID_2025-02-10_1630,0.00011261896765218886
WindowID_2025-01-14_1000,0.0001125709919723009
WindowID_2025-04-10_0300,0.00011246130949768763
WindowID_2025-10-20_1630,0.00011245976462748508
WindowID_2025-01-27_0300,0.00011239842468573645
WindowID_2025-09-22_1630,0.0001100764475533133
WindowID_2025-07-29_1630,0.00010952822364171603
WindowID_2025-03-07_1630,0.00010860499368825561
WindowID_2025-08-27_0300,0.00010740632462776965
WindowID_2025-04-11_1000,0.00010678530988156793
WindowID_2025-02-28_1000,0.00010671640326918206
WindowID_2024-12-12_1630,0.00010671181184958084
WindowID_2024-12-31_1000,0.000104816513188277
WindowID_2025-04-25_1630,0.0001042935318782024
WindowID_2025-07-23_1630,0.0001038083302054978
WindowID_2025-03-19_1000,0.00010092586056763113
WindowID_2025-07-04_1630,0.00010074792453457547
WindowID_2025-05-01_1630,0.00010027418390426073
WindowID_2025-02-03_0300,9.94434204490195e-05
WindowID_2024-12-11_1000,9.8531717728556e-05
WindowID_2024-12-20_1000,9.825886776429726e-05
WindowID_2025-02-24_1630,9.566010042457887e-05
WindowID_2025-03-17_1630,9.467897637563378e-05
WindowID_2025-04-23_0300,9.43395943866272e-05
WindowID_2025-03-19_1630,9.405718299387549e-05
WindowID_2025-05-15_1630,9.342899054043128e-05
WindowID_2025-05-02_1630,9.292409518599193e-05
WindowID_2025-07-23_0300,8.92204619643217e-05
WindowID_2025-04-07_1000,8.850462684615334e-05
WindowID_2024-12-30_1630,8.836983627296556e-05
WindowID_2025-02-27_1000,8.83133972392021e-05
WindowID_2025-04-24_1000,8.627164402652439e-05
WindowID_2025-10-24_0300,8.393160748961817e-05
WindowID_2025-01-09_1630,8.2442864525626e-05
WindowID_2025-07-02_0300,8.232113471713883e-05
WindowID_2024-12-24_1630,8.093866780441432e-05
WindowID_2025-09-23_0300,7.888653020069383e-05
WindowID_2025-02-04_1630,7.197175942928602e-05
WindowID_2025-04-10_1630,7.117818484008787e-05
WindowID_2025-02-14_0300,7.003245550671866e-05
WindowID_2025-05-26_1000,6.940494666812092e-05
WindowID_2024-11-28_0300,6.503686240300024e-05
WindowID_2024-12-17_1630,5.790132622568771e-05
WindowID_2025-10-24_1630,5.7371321018602546e-05
WindowID_2025-02-20_0300,5.682722261998673e-05
WindowID_2024-12-09_1630,5.529613653114218e-05
WindowID_2025-06-13_0300,5.368412625932913e-05
WindowID_2025-10-22_0300,5.218984301791344e-05
WindowID_2025-01-13_1630,5.0167320932122175e-05
WindowID_2025-04-04_1000,4.999948813138852e-05
WindowID_2025-02-24_1000,4.587111759327558e-05
WindowID_2024-12-13_1630,4.523044698291428e-05
WindowID_2025-01-16_1630,3.6865455172363844e-05
WindowID_2024-12-10_1630,3.320555436295169e-05
WindowID_2025-02-25_0300,2.756733917302505e-05
WindowID_2025-07-17_1000,0.0
WindowID_2025-01-31_1630,0.0
WindowID_2025-08-07_1000,0.0
WindowID_2025-08-06_1000,0.0
WindowID_2025-07-31_1000,0.0
WindowID_2025-07-30_1630,0.0
WindowID_2025-02-05_0300,0.0
WindowID_2025-02-05_1630,0.0
WindowID_2025-02-07_1000,0.0
WindowID_2025-06-04_1000,0.0
WindowID_2025-02-03_1000,0.0
WindowID_2025-07-15_1000,0.0
WindowID_2025-06-17_1630,0.0
WindowID_2025-07-16_1630,0.0
WindowID_2025-07-21_1000,0.0
WindowID_2025-07-18_0300,0.0
WindowID_2025-07-15_0300,0.0
WindowID_2025-07-14_1630,0.0
WindowID_2025-10-28_0300,0.0
WindowID_2025-10-27_1630,0.0
WindowID_2025-06-25_0300,0.0
WindowID_2025-11-06_0300,0.0
WindowID_2025-10-27_1000,0.0
WindowID_2025-06-30_1000,0.0
WindowID_2025-01-24_0300,0.0
WindowID_2025-01-24_1000,0.0
WindowID_2025-06-20_1000,0.0
WindowID_2025-06-20_1630,0.0
WindowID_2025-01-21_1630,0.0
WindowID_2025-10-31_1630,0.0
WindowID_2025-11-03_0300,0.0
WindowID_2025-10-23_0300,0.0
WindowID_2025-10-23_1630,0.0
WindowID_2025-10-27_0300,0.0
WindowID_2025-06-12_1630,0.0
WindowID_2025-06-12_1000,0.0
WindowID_2025-06-11_1000,0.0
WindowID_2025-06-17_1000,0.0
WindowID_2025-07-16_1000,0.0
WindowID_2025-01-20_1630,0.0
WindowID_2025-06-26_0300,0.0
WindowID_2025-01-29_0300,0.0
WindowID_2025-07-02_1630,0.0
WindowID_2025-01-22_1630,0.0
WindowID_2025-01-22_1000,0.0
WindowID_2025-06-24_1000,0.0
WindowID_2025-01-24_1630,0.0
WindowID_2025-07-11_0300,0.0
WindowID_2025-05-07_1630,0.0
WindowID_2025-01-31_1000,0.0
WindowID_2025-09-10_0300,0.0
WindowID_2025-09-09_1000,0.0
WindowID_2025-09-04_1000,0.0
WindowID_2025-09-02_1000,0.0
WindowID_2025-08-28_1630,0.0
WindowID_2025-09-01_0300,0.0
WindowID_2025-04-25_0300,0.0
WindowID_2025-05-02_0300,0.0
WindowID_2025-04-23_1000,0.0
WindowID_2025-04-24_0300,0.0
WindowID_2024-12-27_1630,0.0
WindowID_2025-02-14_1000,0.0
WindowID_2025-08-26_1000,0.0
WindowID_2025-08-25_0300,0.0
WindowID_2024-12-30_0300,0.0
WindowID_2025-05-22_1630,0.0
WindowID_2025-02-14_1630,0.0
WindowID_2025-01-13_0300,0.0
WindowID_2025-01-07_1630,0.0
WindowID_2025-01-09_0300,0.0
WindowID_2025-01-07_0300,0.0
WindowID_2025-05-23_1000,0.0
WindowID_2025-05-29_1630,0.0
WindowID_2025-05-08_0300,0.0
WindowID_2025-05-14_1630,0.0
WindowID_2025-08-13_0300,0.0
WindowID_2025-08-14_1630,0.0
WindowID_2025-08-15_1000,0.0
WindowID_2025-05-05_1000,0.0
WindowID_2025-05-05_1630,0.0
WindowID_2025-05-06_1630,0.0
WindowID_2024-12-18_1630,0.0
WindowID_2025-10-09_1630,0.0
WindowID_2025-10-08_1000,0.0
WindowID_2025-10-07_1630,0.0
WindowID_2025-10-02_1000,0.0
WindowID_2025-09-29_1000,0.0
WindowID_2025-10-02_0300,0.0
WindowID_2025-09-24_1000,0.0
WindowID_2025-04-03_0300,0.0
WindowID_2025-02-24_0300,0.0
WindowID_2024-12-16_0300,0.0
WindowID_2024-12-19_1630,0.0
WindowID_2025-02-21_1000,0.0
WindowID_2024-12-10_0300,0.0
WindowID_2024-12-06_1000,0.0
WindowID_2024-12-06_1630,0.0
WindowID_2025-10-10_0300,0.0
WindowID_2025-03-27_0300,0.0
WindowID_2025-03-26_1630,0.0
WindowID_2025-03-26_1000,0.0
WindowID_2025-03-24_1630,0.0
WindowID_2025-03-20_1630,0.0
WindowID_2024-12-12_1000,0.0
WindowID_2024-12-05_1000,0.0
WindowID_2025-04-02_1000,0.0
WindowID_2025-02-28_1630,0.0
WindowID_2025-03-28_1000,0.0
WindowID_2025-03-31_1630,0.0
WindowID_2025-03-05_0300,0.0
WindowID_2025-03-05_1630,0.0
WindowID_2025-03-05_1000,0.0
WindowID_2025-10-14_0300,0.0
WindowID_2025-03-07_1000,0.0
