DateTime,Date,Time,Open,High,Low,Close,Volume,EMA_9_5M,EMA_21_5M,EMA_50_5M,EMA_200_5M,Price_Above_EMA200_5M,EMA_200_1H,ATR,ATR_Pct,ATR_Ratio,ATR_MA,Is_Consolidating,Price_Range_Pct,Is_Tight_Range,Consolidation_Score,EMA_9_Above_21,EMA_21_Above_50,Price_Above_EMA200_1H,Trend_Score,KeyWindow,WindowHigh,WindowLow,WindowType,WindowID,WindowStart,WindowTradeStart,WindowTradeEnd,ActiveWindowID,ActiveWindowType,RangeHigh,RangeLow
2016-10-11 22:00:00,2016.10.11,22:00,1251.528,1253.13,1251.049,1253.129,0.11885,1253.129,1253.129,1253.129,1253.129,0,1254.179,2.081000000000131,0.1660643078246638,,,0,,0,0.0,0,0,0,0.0,False,,,,,,,,,,,
2016-10-11 22:05:00,2016.10.11,22:05,1253.13,1253.34,1252.929,1253.29,0.0397,1253.1612,1253.1436363636362,1253.1353137254903,1253.1306019900496,1,1254.179,1.8583333333334244,0.14827640317352125,,,0,,0,0.0,1,1,0,0.6666666666666666,False,,,,,,,,,,,
2016-10-11 22:10:00,2016.10.11,22:10,1253.29,1254.009,1253.289,1253.859,0.09698,1253.30076,1253.2086694214875,1253.1636935793927,1253.1378497314422,1,1254.179,1.7065555555556382,0.13610426336259804,,,0,,0,0.0,1,1,0,0.6666666666666666,False,,,,,,,,,,,
2016-10-11 22:15:00,2016.10.11,22:15,1253.859,1253.878,1253.568,1253.709,0.05967,1253.3824080000002,1253.254154019534,1253.1850781449066,1253.1435328186917,1,1254.179,1.5203481481482126,0.12126802536698807,,,0,,0,0.0,1,1,0,0.6666666666666666,False,,,,,,,,,,,
2016-10-11 22:20:00,2016.10.11,22:20,1253.71,1253.91,1253.609,1253.91,0.04449,1253.4879264,1253.3137763813945,1253.2135064529496,1253.1511593578093,1,1254.179,1.3577683950618054,0.1082827631218991,,,0,,0,0.0,1,1,0,0.6666666666666666,False,,,,,,,,,,,
2016-10-11 22:25:00,2016.10.11,22:25,1253.91,1254.72,1253.909,1254.569,0.08386,1253.70414112,1253.4278876194494,1253.266663062638,1253.1652672248958,1,1254.179,1.2848659423868876,0.10241492834486485,,,0,,0,0.0,1,1,1,1.0,False,,,,,,,,,,,
2016-10-11 22:30:00,2016.10.11,22:30,1254.57,1254.688,1254.169,1254.179,0.07026,1253.799112896,1253.4961705631358,1253.3024409817504,1253.1753541181804,1,1254.179,1.18275048340197,0.09430475900186257,,,0,,0,0.0,1,1,0,0.6666666666666666,False,,,,,,,,,,,
2016-10-11 22:35:00,2016.10.11,22:35,1254.22,1254.428,1254.169,1254.42,0.06063,1253.9232903168,1253.580155057396,1253.3462668256034,1253.187738654318,1,1254.179,1.0595837522817093,0.08446802125936363,,,0,,0,0.0,1,1,1,1.0,False,,,,,,,,,,,
2016-10-11 22:40:00,2016.10.11,22:40,1254.419,1254.78,1254.419,1254.68,0.05908,1254.07463225344,1253.680140961269,1253.3985700873445,1253.202587025917,1,1254.179,0.9664392519774649,0.077026751998714,,,0,,0,0.0,1,1,1,1.0,False,,,,,,,,,,,
2016-10-11 22:45:00,2016.10.11,22:45,1254.601,1254.88,1254.479,1254.739,0.04848,1254.2075058027522,1253.776400873881,1253.4511359662722,1253.2178747172015,1,1254.179,0.891047351713812,0.07101455774577915,,,0,,0,0.0,1,1,1,1.0,False,,,,,,,,,,,
2016-10-11 22:50:00,2016.10.11,22:50,1254.701,1254.939,1254.379,1254.379,0.05944,1254.2418046422017,1253.831182612619,1253.4875227911243,1253.2294282026025,1,1254.179,0.8469077048186602,0.06751609400497459,,,0,,0,0.0,1,1,1,1.0,False,,,,,,,,,,,
2016-10-11 22:55:00,2016.10.11,22:55,1254.379,1254.38,1253.779,1254.179,0.0928,1254.2292437137614,1253.862802375108,1253.5146395444137,1253.2388766781985,1,1254.179,0.8141200108428539,0.06491258511287892,,,0,,0,0.0,1,1,0,0.6666666666666666,False,,,,,,,,,,,
2016-10-11 23:00:00,2016.10.11,23:00,1254.18,1256.029,1254.009,1254.929,0.12053,1254.3691949710092,1253.9597294319162,1253.5701046603192,1253.2556938256791,1,1254.1821840796022,0.9749040093971377,0.07768598935853245,,,0,,0,0.0,1,1,1,1.0,False,,,,,,,,,,,
2016-10-11 23:05:00,2016.10.11,23:05,1254.979,1255.1,1254.359,1254.692,0.06675,1254.4337559768073,1254.02629948356,1253.614100555993,1253.269985429404,1,1254.1821840796022,0.943716808144184,0.07521501756161543,,,0,,0,0.0,1,1,1,1.0,False,,,,,,,,,,,
2016-10-11 23:10:00,2016.10.11,23:10,1254.692,1255.168,1254.692,1255.159,0.06989,1254.578804781446,1254.1292722577816,1253.674684847915,1253.2887815942856,1,1254.1821840796022,0.8813545670582775,0.07021855932660942,,,0,,0,0.0,1,1,1,1.0,False,,,,,,,,,,,
2016-10-11 23:15:00,2016.10.11,23:15,1255.159,1255.21,1254.369,1254.419,0.0801,1254.5468438251569,1254.1556111434377,1253.7038736774086,1253.3000275485715,1,1254.1821840796022,0.8759739581171901,0.06983104992169203,,,0,,0,0.0,1,1,1,1.0,False,,,,,,,,,,,
2016-10-11 23:20:00,2016.10.11,23:20,1254.419,1254.56,1254.219,1254.369,0.06453,1254.5112750601256,1254.1750101303978,1253.7299570626085,1253.3106640903768,1,1254.1821840796022,0.804644097034884,0.06414732004975283,,,0,,0,0.0,1,1,1,1.0,False,,,,,,,,,,,
2016-10-11 23:25:00,2016.10.11,23:25,1254.369,1254.41,1253.769,1253.798,0.06786,1254.3686200481006,1254.1407364821798,1253.7326254130944,1253.3155132039053,1,1254.1821840796022,0.7828248840969096,0.062436284321470414,,,0,,0,0.0,1,1,0,0.6666666666666666,False,,,,,,,,,,,
2016-10-11 23:30:00,2016.10.11,23:30,1253.809,1254.088,1253.688,1253.898,0.09925,1254.2744960384805,1254.1186695292545,1253.7391106910122,1253.3213090924237,1,1254.1821840796022,0.7317815662173035,0.05836053380875506,,,0,,0,0.0,1,1,0,0.6666666666666666,False,,,,,,,,,,,
2016-10-11 23:35:00,2016.10.11,23:35,1253.908,1254.798,1253.599,1254.308,0.14713,1254.2811968307844,1254.1358813902314,1253.7614200756784,1253.3311269123997,1,1254.1821840796022,0.7940773573883388,0.06330800388647277,0.7102978287469935,1.11794985884884,0,0.3970316700523331,0,0.0,1,1,1,1.0,False,,,,,,,,,,,
2016-10-11 23:40:00,2016.10.11,23:40,1254.29,1255.479,1253.798,1255.188,0.17898,1254.4625574646277,1254.231528536574,1253.817364386436,1253.34960326153,1,1254.1821840796022,0.9123337097365657,0.07268502485178042,0.8610849114287474,1.0595165443356616,0,0.2469749551461541,0,0.0,1,1,1,1.0,False,,,,,,,,,,,
2016-10-11 23:45:00,2016.10.11,23:45,1255.188,1255.218,1254.688,1254.738,0.16828,1254.5176459717022,1254.2775713968854,1253.8534677438306,1253.3634181544503,1,1254.1821840796022,0.8613558817716866,0.06864826615370592,0.853108310650657,1.0096676717575748,0,0.21837228170343204,0,0.0,1,1,1,1.0,False,,,,,,,,,,,
2016-10-11 23:50:00,2016.10.11,23:50,1254.718,1255.069,1254.658,1254.948,0.12619,1254.6037167773618,1254.3385194517139,1253.8963905774058,1253.379185137988,1,1254.1821840796022,0.8013084308688029,0.06385192301743202,0.8308834656661523,0.9644053155232328,0,0.19610374294393176,0,0.0,1,1,1,1.0,False,,,,,,,,,,,
2016-10-11 23:55:00,2016.10.11,23:55,1254.938,1255.149,1254.488,1254.499,0.17231,1254.5827734218897,1254.3531085924672,1253.9200223194684,1253.390327574426,1,1254.1821840796022,0.7826006400862733,0.06238352044013373,0.8437579546816178,0.927517940120136,0,0.1937028247930101,0,0.0,1,1,1,1.0,False,,,,,,,,,,,
2016-10-12 00:00:00,2016.10.12,00:00,1254.478,1254.719,1254.168,1254.318,0.20617,1254.529818737512,1254.3499169022427,1253.9356292873324,1253.3995581458248,1,1254.1771872230888,0.7517205547414579,0.0599306200454317,0.8378371912188749,0.8972155481041184,0,0.19373077640598826,0,0.0,1,1,1,1.0,False,,,,,,,,,,,
2016-10-12 00:05:00,2016.10.12,00:05,1254.299,1254.389,1253.488,1254.378,0.18614,1254.4994549900096,1254.3524699111297,1253.9529771584173,1253.4092938856675,1,1254.1771872230888,0.771624480775909,0.06151451004210126,0.8853438175495104,0.8715534750235696,0,0.20257051702118023,0,0.0,1,1,1,1.0,False,,,,,,,,,,,
2016-10-12 00:10:00,2016.10.12,00:10,1254.369,1254.569,1254.048,1254.218,0.13774,1254.4431639920076,1254.3402453737542,1253.9633702110284,1253.417340712676,1,1254.1771872230888,0.7382078833391156,0.05885802016388821,0.8691687096099219,0.8493263450204267,0,0.20259635884670285,0,0.0,1,1,1,1.0,False,,,,,,,,,,,
2016-10-12 00:15:00,2016.10.12,00:15,1254.208,1254.208,1253.349,1253.698,0.1631299999999999,1254.2941311936063,1254.2818594306857,1253.9529635360861,1253.4201333424007,1,1254.1771872230888,0.7556468322272524,0.06027343365206392,0.9059106926647778,0.8341294990177041,0,0.2137675899618619,0,0.0,1,1,0,0.6666666666666666,False,,,,,,,,,,,
2016-10-12 00:20:00,2016.10.12,00:20,1253.698,1253.809,1253.188,1253.608,0.16582,1254.156904954885,1254.2205994824417,1253.9394355542788,1253.4220026623768,1,1254.1771872230888,0.7376939212636011,0.05884566158349349,0.8966827352168196,0.8226922324820108,0,0.2266258670972022,0,0.0,0,1,0,0.3333333333333333,False,,,,,,,,,,,
2016-10-12 00:25:00,2016.10.12,00:25,1253.619,1253.978,1253.388,1253.909,0.14006,1254.1073239639081,1254.1922722567651,1253.9382420031307,1253.4268484070299,1,1254.1771872230888,0.7180013984284738,0.057261045133935054,0.8820223280436821,0.814039934817744,0,0.22657146571241565,0,0.0,0,1,0,0.3333333333333333,False,,,,,,,,,,,
2016-10-12 00:30:00,2016.10.12,00:30,1253.909,1254.398,1253.858,1253.998,0.13712,1254.0854591711266,1254.1746111425139,1253.9405854539882,1253.4325315074575,1,1254.1771872230888,0.6942678786380058,0.05536435294458251,0.8609387893889291,0.8064079435087113,0,0.22655538525578944,0,0.0,0,1,0,0.3333333333333333,False,,,,,,,,,,,
2016-10-12 00:35:00,2016.10.12,00:35,1253.988,1254.008,1253.278,1253.429,0.16113,1253.9541673369013,1254.1068283113764,1253.920523279322,1253.43249636808,0,1254.1771872230888,0.6990321614862741,0.055769585791159614,0.8730769514198793,0.8006535510408822,0,0.22665823114032738,0,0.0,0,1,0,0.3333333333333333,False,,,,,,,,,,,
2016-10-12 00:40:00,2016.10.12,00:40,1253.449,1253.648,1253.378,1253.539,0.1290099999999999,1253.8711338695211,1254.0552075557966,1253.9055615820937,1253.433556105711,1,1254.1771872230888,0.6418278732881019,0.05120126883073457,0.8186582687141347,0.7839997442354304,0,0.18276256263266957,0,0.0,0,1,0,0.3333333333333333,False,,,,,,,,,,,
2016-10-12 00:45:00,2016.10.12,00:45,1253.539,1253.568,1253.288,1253.468,0.13326,1253.790507095617,1254.0018250507242,1253.8884023043645,1253.4338988310274,1,1254.1771872230888,0.5935841568496847,0.04735534986530846,0.7744155137361437,0.7664931116707054,0,0.1827729148251044,0,0.0,0,1,0,0.3333333333333333,False,,,,,,,,,,,
2016-10-12 00:50:00,2016.10.12,00:50,1253.488,1253.538,1252.978,1253.309,0.21087,1253.6942056764935,1253.938840955204,1253.8656806453698,1253.4326560565894,0,1254.1771872230888,0.5891062692697195,0.047004072361222934,0.7835102986306494,0.7518806967812776,0,0.1995517466163553,0,0.0,0,1,0,0.3333333333333333,False,,,,,,,,,,,
2016-10-12 00:55:00,2016.10.12,00:55,1253.299,1253.709,1253.288,1253.68,0.2011,1253.6913645411948,1253.9153099592763,1253.858399051434,1253.4351171903547,1,1254.1771872230888,0.5666921000337636,0.04520229245371734,0.7695265112848184,0.7364166038771062,0,0.19949269351030377,0,0.0,0,1,0,0.3333333333333333,False,,,,,,,,,,,
2016-10-12 01:00:00,2016.10.12,01:00,1253.679,1255.119,1253.679,1254.718,0.30213,1253.896691632956,1253.9882817811601,1253.892108892554,1253.4478821934358,1,1254.1986878477348,0.6831331533625721,0.05444515447794421,0.9353618382832737,0.7303410566934907,0,0.19932765768881744,0,0.0,0,1,1,0.6666666666666666,False,,,,,,,,,,,
2016-10-12 01:05:00,2016.10.12,01:05,1254.718,1254.868,1254.248,1254.538,0.15831,1254.0249533063648,1254.038256164691,1253.9174379555911,1253.4587291367848,1,1254.1986878477348,0.6747153995808812,0.053781981859527664,0.9307246269856725,0.7249355824676892,0,0.19935625704442403,0,0.0,0,1,1,0.6666666666666666,False,,,,,,,,,,,
2016-10-12 01:10:00,2016.10.12,01:10,1254.549,1254.928,1254.549,1254.629,0.1033299999999999,1254.145762645092,1254.091960149719,1253.9453423494897,1253.470373622986,1,1254.1986878477348,0.6367533463034438,0.05075232170653188,0.884153486742111,0.7201841714719962,0,0.19934179745566033,0,0.0,1,1,1,1.0,False,,,,,,,,,,,
2016-10-12 01:15:00,2016.10.12,01:15,1254.629,1255.228,1254.518,1255.129,0.17936,1254.3424101160736,1254.1862364997444,1253.9917602965686,1253.486877368031,1,1254.1986878477348,0.6465195667963229,0.05151020865555039,0.9070059891090727,0.7128062819423955,0,0.19926238657540196,0,0.0,1,1,1,1.0,False,,,,,,,,,,,
2016-10-12 01:20:00,2016.10.12,01:20,1255.118,1255.679,1255.081,1255.172,0.13018,1254.5083280928588,1254.275851363404,1254.038044206507,1253.503644757404,1,1254.1986878477348,0.6400502912235044,0.05099303451825761,0.9154140630859868,0.6991921110167423,0,0.2151896313811989,0,0.0,1,1,1,1.0,False,,,,,,,,,,,
2016-10-12 01:25:00,2016.10.12,01:25,1255.178,1255.249,1254.891,1255.161,0.15708,1254.6388624742872,1254.3563194212763,1254.0820816886048,1253.5201358543454,1,1254.1986878477348,0.6024435857270302,0.04799731554175362,0.8778822027511177,0.6862464962145095,0,0.21519151726352412,0,0.0,1,1,1,1.0,False,,,,,,,,,,,
2016-10-12 01:30:00,2016.10.12,01:30,1255.178,1256.038,1255.011,1255.84,0.20335,1254.8790899794299,1254.4911994738877,1254.1510196616007,1253.5432190796753,1,1254.1986878477348,0.6590511076300987,0.05247890715617425,0.9704292034236016,0.6791336300525743,0,0.2436616129443198,0,0.0,1,1,1,1.0,False,,,,,,,,,,,
2016-10-12 01:35:00,2016.10.12,01:35,1255.84,1255.959,1255.611,1255.928,0.12986,1255.0888719835439,1254.6218177035344,1254.2207051650676,1253.5669482430617,1,1254.1986878477348,0.6175776266127464,0.04917301203673669,0.9205451708688217,0.670882479378898,0,0.24364454013286949,0,0.0,1,1,1,1.0,False,,,,,,,,,,,
2016-10-12 01:40:00,2016.10.12,01:40,1255.928,1256.239,1255.748,1256.151,0.11813,1255.301297586835,1254.7608342759404,1254.2964030017315,1253.5926602008421,1,1254.1986878477348,0.600700609731045,0.04782073251790947,0.9055813359010584,0.6633314821283773,0,0.2596025477828674,0,0.0,1,1,1,1.0,False,,,,,,,,,,,
2016-10-12 01:45:00,2016.10.12,01:45,1256.158,1256.792,1256.04,1256.198,0.08904,1255.4806380694681,1254.8914857054003,1254.3709754330362,1253.6185839799382,1,1254.1986878477348,0.6208738617668994,0.04942484081067629,0.9467514310732746,0.6557939511779268,0,0.3036145575776948,0,0.0,1,1,1,1.0,False,,,,,,,,,,,
2016-10-12 01:50:00,2016.10.12,01:50,1256.198,1256.671,1256.189,1256.532,0.0772199999999999,1255.6909104555746,1255.0406233685458,1254.4557214944857,1253.6475731940682,1,1254.1986878477348,0.6023573468646423,0.047938082505232044,0.9281294682273236,0.6490014243542033,0,0.30353385349516376,0,0.0,1,1,1,1.0,False,,,,,,,,,,,
2016-10-12 01:55:00,2016.10.12,01:55,1256.532,1256.582,1256.231,1256.338,0.06677,1255.8203283644598,1255.158566698678,1254.5295363378393,1253.6743436100478,1,1254.1986878477348,0.5688430339493717,0.045277865825070304,0.8892879595042181,0.6396612344403091,0,0.3035807242955201,0,0.0,1,1,1,1.0,False,,,,,,,,,,,
2016-10-12 02:00:00,2016.10.12,02:00,1256.348,1257.019,1256.331,1256.928,0.22932,1256.041862691568,1255.3194242715253,1254.6235937363556,1253.7067183004951,1,1254.2219944363148,0.5847306294228024,0.04652061450001928,0.9251875591167471,0.6320130698482692,0,0.3214981287710943,0,0.0,1,1,1,1.0,False,,,,,,,,,,,
2016-10-12 02:05:00,2016.10.12,02:05,1256.922,1257.279,1256.819,1257.148,0.2078799999999999,1256.2630901532543,1255.4856584286595,1254.72259006042,1253.7409599094456,1,1254.2219944363148,0.5680998788331002,0.045189578222540244,0.9096613458870494,0.6245179938685005,0,0.3421236004034474,0,0.0,1,1,1,1.0,False,,,,,,,,,,,
2016-10-12 02:10:00,2016.10.12,02:10,1257.159,1257.391,1256.832,1256.832,0.18599,1256.3768721226036,1255.608053116963,1254.8053120188351,1253.771716527262,1,1254.2219944363148,0.5668865616553495,0.045104402311156096,0.9170711716215868,0.6181489280193677,0,0.35112091353498404,0,0.0,1,1,1,1.0,False,,,,,,,,,,,
2016-10-12 02:15:00,2016.10.12,02:15,1256.832,1256.832,1256.442,1256.571,0.07358,1256.4156976980828,1255.6955937426935,1254.874554684763,1253.799570094155,1,1254.2219944363148,0.5433016867679828,0.04323684748159737,0.8901296720688465,0.6103624042834531,0,0.35119384419981137,0,0.0,1,1,1,1.0,False,,,,,,,,,,,
2016-10-12 02:20:00,2016.10.12,02:20,1256.571,1257.011,1256.571,1256.962,0.04416,1256.5249581584662,1255.8107215842667,1254.9564152853607,1253.8310370583922,1,1254.2219944363148,0.5295281285322591,0.042127616310776224,0.8756186692274494,0.604747417045661,0,0.3510845992162063,0,0.0,1,1,1,1.0,False,,,,,,,,,,,
2016-10-12 02:25:00,2016.10.12,02:25,1256.962,1257.182,1256.691,1256.82,0.09168,1256.583966526773,1255.9024741675153,1255.029497038876,1253.8607779831843,1,1254.2219944363148,0.524391044727956,0.04172363940166102,0.872113284781456,0.6012877614395746,0,0.3511242660046794,0,0.0,1,1,1,1.0,False,,,,,,,,,,,
2016-10-12 02:30:00,2016.10.12,02:30,1256.82,1257.008,1256.759,1256.912,0.12689,1256.6495732214184,1255.9942492431956,1255.1033206844104,1253.891138401262,1,1254.2219944363148,0.48767223876423166,0.03879923485210036,0.8179454925020461,0.5962160599143002,0,0.3264349453263288,0,0.0,1,1,1,1.0,False,,,,,,,,,,,
2016-10-12 02:35:00,2016.10.12,02:35,1256.912,1257.209,1256.689,1257.089,0.16953,1256.7374585771347,1256.0937720392687,1255.1811904614924,1253.9229579196574,1,1254.2219944363148,0.49198260692899837,0.03913665674657867,0.830377600835442,0.5924805852590619,0,0.2952853775667426,0,0.0,1,1,1,1.0,False,,,,,,,,,,,
2016-10-12 02:40:00,2016.10.12,02:40,1257.089,1257.208,1256.729,1256.892,0.16783,1256.7683668617078,1256.166338217517,1255.24828103163,1253.9525006269246,1,1254.2219944363148,0.4902515926718042,0.039005069064947835,0.8411477088255676,0.5828365072245234,0,0.25006126222460073,0,0.0,1,1,1,1.0,False,,,,,,,,,,,
2016-10-12 02:45:00,2016.10.12,02:45,1256.892,1256.951,1256.799,1256.819,0.13197,1256.7784934893664,1256.2256711068337,1255.3098778539193,1253.9810230087464,1,1254.2219944363148,0.44515138031556944,0.03541889327863196,0.7791107181559387,0.5713583062612579,0,0.2285929795778109,0,0.0,1,1,1,1.0,False,,,,,,,,,,,
2016-10-12 02:50:00,2016.10.12,02:50,1256.819,1256.938,1256.351,1256.368,0.09836,1256.6963947914933,1256.2386100971216,1255.35137284004,1254.004774023585,1,1254.2219944363148,0.4640645296068254,0.036936990563817725,0.8246754014158643,0.5627238654264269,0,0.2286750378869923,0,0.0,1,1,1,1.0,False,,,,,,,,,,,
2016-10-12 02:55:00,2016.10.12,02:55,1256.389,1256.621,1256.351,1256.541,0.07411,1256.6653158331947,1256.2661000882924,1255.3980248855287,1254.0300101029525,1,1254.2219944363148,0.43818925899257966,0.034872659069029956,0.7933793728506923,0.5523073500362398,0,0.19895888793123342,0,0.0,1,1,1,1.0,False,,,,,,,,,,,
2016-10-12 03:00:00,2016.10.12,03:00,1256.549,1256.739,1256.491,1256.641,0.1325,1256.6604526665558,1256.3001818984476,1255.4467690076647,1254.055990101928,1,1254.2529994667993,0.4128306911269087,0.03285191961163997,0.7631638069831906,0.5409463700314101,0,0.19894305533561296,0,0.0,1,1,1,1.0,True,1257.122,1256.491,0300,2016-10-12_0300,2016-10-12 03:00:00,,,,,,
2016-10-12 03:05:00,2016.10.12,03:05,1256.641,1256.98,1256.641,1256.919,0.11671,1256.7121621332446,1256.3564380894977,1255.5045035563837,1254.0844777626055,1,1254.2529994667993,0.40298659897664646,0.03206146131744738,0.758957995588956,0.5309735206938908,0,0.18935189936663452,0,0.0,1,1,1,1.0,True,1257.122,1256.491,0300,2016-10-12_0300,2016-10-12 03:00:00,,,,,,
2016-10-12 03:10:00,2016.10.12,03:10,1256.919,1257.122,1256.829,1257.111,0.15066,1256.7919297065957,1256.4250346268161,1255.5675034169176,1254.1145924117338,1,1254.2529994667993,0.38832171911310964,0.030890010437670944,0.7504714209418921,0.5174370512680413,0,0.14159449722418885,0,0.0,1,1,1,1.0,True,1257.122,1256.491,0300,2016-10-12_0300,2016-10-12 03:00:00,,,,,,
2016-10-12 03:15:00,2016.10.12,03:15,1257.111,1257.15,1256.971,1257.089,0.103,1256.8513437652766,1256.4853951152872,1255.6271699495876,1254.1441885071397,1,1254.2529994667993,0.36041215656470665,0.028670377082665323,0.7142832248329447,0.5045787777656394,0,0.13069878107278238,0,0.0,1,1,1,1.0,False,,,,,,2016-10-12 03:15:00,2016-10-12 06:00:00,2016-10-12_0300,0300,1257.122,1256.491
2016-10-12 03:20:00,2016.10.12,03:20,1257.099,1257.239,1257.059,1257.06,0.08731,1256.8930750122213,1256.5376319229883,1255.6833593633291,1254.17320155682,1,1254.2529994667993,0.33635720235608757,0.026757450110264237,0.6845410738092099,0.49136160739689155,1,0.10747299253815353,0,0.5,1,1,1,1.0,False,,,,,,2016-10-12 03:15:00,2016-10-12 06:00:00,2016-10-12_0300,0300,1257.122,1256.491
2016-10-12 03:25:00,2016.10.12,03:25,1257.059,1257.06,1256.789,1256.902,0.07782,1256.894860009777,1256.5707562936257,1255.7311491922183,1254.2003537801352,1,1254.2529994667993,0.32764290870860363,0.026067498397536453,0.6873145954388428,0.47670005974397683,1,0.09563195857751822,0,0.5,1,1,1,1.0,False,,,,,,2016-10-12 03:15:00,2016-10-12 06:00:00,2016-10-12_0300,0300,1257.122,1256.491
2016-10-12 03:30:00,2016.10.12,03:30,1256.902,1257.07,1256.902,1256.959,0.1124599999999999,1256.9076880078217,1256.6060511760234,1255.7793002042881,1254.2278029962533,1,1254.2529994667993,0.3063571875474422,0.02437288627134554,0.6632542827568403,0.4619000517781167,1,0.09228622413301323,0,0.5,1,1,1,1.0,False,,,,,,2016-10-12 03:15:00,2016-10-12 06:00:00,2016-10-12_0300,0300,1257.122,1256.491
2016-10-12 03:35:00,2016.10.12,03:35,1256.959,1257.282,1256.959,1257.271,0.0894199999999999,1256.9803504062575,1256.666501069112,1255.8377982354925,1254.2580835634549,1,1254.2529994667993,0.3085762292077653,0.02454333466752715,0.687425627166412,0.4488867115410365,1,0.08430958798860173,0,0.5,1,1,1,1.0,False,,,,,,2016-10-12 03:15:00,2016-10-12 06:00:00,2016-10-12_0300,0300,1257.122,1256.491
2016-10-12 03:40:00,2016.10.12,03:40,1257.271,1257.699,1257.241,1257.241,0.15813,1257.032480325006,1256.718728244647,1255.8928257556693,1254.2877643240174,1,1254.2529994667993,0.32849939864674105,0.02612859417142306,0.7533091455568119,0.4360751500022334,0,0.10721890234250683,1,0.5,1,1,1,1.0,False,,,,,,2016-10-12 03:15:00,2016-10-12 06:00:00,2016-10-12_0300,0300,1257.122,1256.491
2016-10-12 03:45:00,2016.10.12,03:45,1257.241,1257.79,1257.211,1257.789,0.11003,1257.1837842600048,1256.8160256769518,1255.9671855299569,1254.3226024899477,1,1254.2529994667993,0.36189947882716905,0.028772670044591664,0.8499979291998918,0.42576513000193683,0,0.11440710643834942,1,0.5,1,1,1,1.0,False,,,,,,2016-10-12 03:15:00,2016-10-12 06:00:00,2016-10-12_0300,0300,1257.122,1256.491
2016-10-12 03:50:00,2016.10.12,03:50,1257.79,1257.79,1257.508,1257.641,0.14776,1257.275227408004,1256.8910233426832,1256.032825313096,1254.3556213706447,1,1254.2529994667993,0.3512462149835366,0.02792897297269543,0.846410864107263,0.4149831126683462,0,0.11442056994005846,1,0.5,1,1,1,1.0,False,,,,,,2016-10-12 03:15:00,2016-10-12 06:00:00,2016-10-12_0300,0300,1257.122,1256.491
2016-10-12 03:55:00,2016.10.12,03:55,1257.649,1257.7,1257.289,1257.338,0.10123,1257.287781926403,1256.9316575842574,1256.0840086341511,1254.385296779892,1,1254.2529994667993,0.35921338631907285,0.02856935735013758,0.885244564101138,0.4057786976459007,0,0.11444814361769476,1,0.5,1,1,1,1.0,False,,,,,,2016-10-12 03:15:00,2016-10-12 06:00:00,2016-10-12_0300,0300,1257.122,1256.491
2016-10-12 04:00:00,2016.10.12,04:00,1257.358,1257.599,1257.152,1257.152,0.10826,1257.2606255411226,1256.9516887129612,1256.1258906484982,1254.412826165167,1,1254.272581561657,0.3709182681431817,0.029504647659406476,0.9323110267431004,0.39784820462644677,0,0.11446507661761274,1,0.5,1,1,1,1.0,False,,,,,,2016-10-12 03:15:00,2016-10-12 06:00:00,2016-10-12_0300,0300,1257.122,1256.491
2016-10-12 04:05:00,2016.10.12,04:05,1257.159,1257.209,1257.038,1257.148,0.11263,1257.2381004328981,1256.9695351936011,1256.165973368165,1254.4400418252153,1,1254.272581561657,0.34426249905743067,0.02738440494336631,0.8853536814122334,0.3888417773429206,0,0.11446544082318477,1,0.5,1,1,1,1.0,False,,,,,,2016-10-12 03:15:00,2016-10-12 06:00:00,2016-10-12_0300,0300,1257.122,1256.491
2016-10-12 04:10:00,2016.10.12,04:10,1257.158,1257.169,1256.841,1256.848,0.09837,1257.1600803463184,1256.9584865396373,1256.19271951059,1254.4640016080489,1,1254.272581561657,0.3420941658498002,0.02721841987653242,0.8965604083411942,0.38156287369719893,0,0.11449276284800158,1,0.5,1,1,1,1.0,False,,,,,,2016-10-12 03:15:00,2016-10-12 06:00:00,2016-10-12_0300,0300,1257.122,1256.491
2016-10-12 04:15:00,2016.10.12,04:15,1256.922,1256.999,1256.789,1256.89,0.06932,1257.1060642770549,1256.9522604905794,1256.2200638435081,1254.488140895531,1,1254.272581561657,0.32448161040316503,0.025816229773740346,0.8694860594256937,0.3731878238709073,0,0.11448893697935784,1,0.5,1,1,1,1.0,False,,,,,,2016-10-12 03:15:00,2016-10-12 06:00:00,2016-10-12_0300,0300,1257.122,1256.491
2016-10-12 04:20:00,2016.10.12,04:20,1256.89,1257.26,1256.841,1257.189,0.11717,1257.1226514216442,1256.973782264163,1256.258061339841,1254.5150151154758,1,1254.272581561657,0.33708406234942256,0.026812520818224037,0.9221803189559277,0.3655294473547882,0,0.11446170782593952,1,0.5,1,1,1,1.0,False,,,,,,2016-10-12 03:15:00,2016-10-12 06:00:00,2016-10-12_0300,0300,1257.122,1256.491
2016-10-12 04:25:00,2016.10.12,04:25,1257.189,1257.209,1256.859,1256.938,0.10653,1257.0857211373154,1256.9705293310572,1256.2847256010239,1254.5391244178095,1,1254.272581561657,0.33880618736951773,0.026954884598088185,0.9405739142970062,0.36021218770748564,0,0.11448456487112735,1,0.5,1,1,1,1.0,False,,,,,,2016-10-12 03:15:00,2016-10-12 06:00:00,2016-10-12_0300,0300,1257.122,1256.491
2016-10-12 04:30:00,2016.10.12,04:30,1256.949,1257.139,1256.949,1257.109,0.07416,1257.0903769098525,1256.9831175736883,1256.3170500872582,1254.564695319125,1,1254.272581561657,0.3204320290535546,0.025489597883203017,0.907660873951493,0.3530305626798221,0,0.11446899194897586,1,0.5,1,1,1,1.0,False,,,,,,2016-10-12 03:15:00,2016-10-12 06:00:00,2016-10-12_0300,0300,1257.122,1256.491
2016-10-12 04:35:00,2016.10.12,04:35,1257.059,1257.06,1256.839,1256.849,0.08661,1257.042101527882,1256.9709250669894,1256.33791086815,1254.5874247189345,1,1254.272581561657,0.31370775851307825,0.024959860612776736,0.9045613899368162,0.346806487655847,0,0.10335370438294325,1,0.5,1,1,1,1.0,False,,,,,,2016-10-12 03:15:00,2016-10-12 06:00:00,2016-10-12_0300,0300,1257.122,1256.491
2016-10-12 04:40:00,2016.10.12,04:40,1256.849,1256.86,1256.521,1256.69,0.05535,1256.9716812223057,1256.9453864245359,1256.3517182850853,1254.6083458660098,1,1254.272581561657,0.3170800573779934,0.025231366317707102,0.9270832854284488,0.34201895596840126,0,0.1009795574087488,1,0.5,1,1,1,1.0,False,,,,,,2016-10-12 03:15:00,2016-10-12 06:00:00,2016-10-12_0300,0300,1257.122,1256.491
2016-10-12 04:45:00,2016.10.12,04:45,1256.69,1257.029,1256.539,1256.749,0.13174,1256.9271449778446,1256.9275331132144,1256.3672979601802,1254.629645907144,1,1254.272581561657,0.3401360497275955,0.027064755947893766,1.003717051750103,0.33887642850594873,0,0.10097481676929965,1,0.5,0,1,1,0.6666666666666666,False,,,,,,2016-10-12 03:15:00,2016-10-12 06:00:00,2016-10-12_0300,0300,1257.122,1256.491
2016-10-12 04:50:00,2016.10.12,04:50,1256.749,1256.918,1256.218,1256.228,0.08627,1256.7873159822757,1256.8639391938314,1256.3618352950753,1254.6455499279687,1,1254.272581561657,0.3881179097638918,0.03089549904666126,1.1453425162993371,0.3388662380384878,0,0.12513651980372104,1,0.5,0,1,1,0.6666666666666666,False,,,,,,2016-10-12 03:15:00,2016-10-12 06:00:00,2016-10-12_0300,0300,1257.122,1256.491
2016-10-12 04:55:00,2016.10.12,04:55,1256.218,1256.318,1256.099,1256.221,0.1038699999999999,1256.6740527858205,1256.8054901762102,1256.356312342327,1254.6612260480883,1,1254.272581561657,0.365568855128713,0.029100680145349663,1.0779796666473234,0.3391240729666881,0,0.1346100725907329,1,0.5,0,1,1,0.6666666666666666,False,,,,,,2016-10-12 03:15:00,2016-10-12 06:00:00,2016-10-12_0300,0300,1257.122,1256.491
2016-10-12 05:00:00,2016.10.12,05:00,1256.221,1256.249,1256.059,1256.209,0.11662,1256.5810422286565,1256.751263796555,1256.350535387726,1254.6766267839282,1,1254.2834016456206,0.34215967444489187,0.027237479945207515,1.008088871654454,0.33941419657112837,0,0.13779554198385732,1,0.5,0,1,1,0.6666666666666666,False,,,,,,2016-10-12 03:15:00,2016-10-12 06:00:00,2016-10-12_0300,0300,1257.122,1256.491
2016-10-12 05:05:00,2016.10.12,05:05,1256.209,1256.23,1256.089,1256.148,0.0942399999999999,1256.4944337829252,1256.6964216332317,1256.3425928235017,1254.6912673134416,1,1254.2834016456206,0.3153383845189165,0.025103601209325376,0.9307536684137943,0.33879897036164397,0,0.13780223349477885,1,0.5,0,1,1,0.6666666666666666,False,,,,,,2016-10-12 03:15:00,2016-10-12 06:00:00,2016-10-12_0300,0300,1257.122,1256.491
2016-10-12 05:10:00,2016.10.12,05:10,1256.148,1256.249,1256.029,1256.128,0.0780199999999999,1256.4211470263401,1256.6447469393015,1256.3341774186586,1254.705563161069,1,1254.2834016456206,0.30262659991639795,0.024092019278003356,0.893725579132488,0.3386124409800918,0,0.140192719213326,1,0.5,0,1,1,0.6666666666666666,False,,,,,,2016-10-12 03:15:00,2016-10-12 06:00:00,2016-10-12_0300,0300,1257.122,1256.491
2016-10-12 05:15:00,2016.10.12,05:15,1256.139,1256.289,1255.989,1256.23,0.10792,1256.3829176210722,1256.6070426720923,1256.3300920296915,1254.7207316868294,1,1254.2834016456206,0.30227638659420547,0.024062184997508854,0.893522512872267,0.3382974488494138,0,0.14336546651488427,1,0.5,0,1,1,0.6666666666666666,False,,,,,,2016-10-12 03:15:00,2016-10-12 06:00:00,2016-10-12_0300,0300,1257.122,1256.491
2016-10-12 05:20:00,2016.10.12,05:20,1256.229,1256.379,1256.029,1256.068,0.17101,1256.3199340968579,1256.5580387928112,1256.3198139108802,1254.7341373416866,1,1254.2834016456206,0.3086395350482993,0.0245718810644248,0.9150176638956712,0.3373044556694917,0,0.14338395691952432,1,0.5,0,1,1,0.6666666666666666,False,,,,,,2016-10-12 03:15:00,2016-10-12 06:00:00,2016-10-12_0300,0300,1257.122,1256.491
2016-10-12 05:25:00,2016.10.12,05:25,1256.059,1256.269,1255.999,1256.239,0.13618,1256.3037472774863,1256.529035266192,1256.3166447379044,1254.7491110994808,1,1254.2834016456206,0.30348759704185696,0.02415842821643469,0.9076024052346305,0.3343838615802261,0,0.1433644394100112,1,0.5,0,1,1,0.6666666666666666,False,,,,,,2016-10-12 03:15:00,2016-10-12 06:00:00,2016-10-12_0300,0300,1257.122,1256.491
2016-10-12 05:30:00,2016.10.12,05:30,1256.248,1256.358,1256.068,1256.249,0.1742099999999999,1256.292797821989,1256.50357751472,1256.3139920030846,1254.7640353671477,1,1254.2834016456206,0.3016892507696045,0.024015083854363625,0.9089598820667253,0.3319060133695295,0,0.13619911339233007,1,0.5,0,1,1,0.6666666666666666,False,,,,,,2016-10-12 03:15:00,2016-10-12 06:00:00,2016-10-12_0300,0300,1257.122,1256.491
2016-10-12 05:35:00,2016.10.12,05:35,1256.209,1256.308,1255.889,1256.028,0.1640599999999999,1256.2398382575914,1256.4603431952,1256.3027766304149,1254.7766121296636,1,1254.2834016456206,0.31733068400033676,0.025264618623178525,0.9621566260155763,0.3298118782535927,0,0.13614346176996345,1,0.5,0,1,1,0.6666666666666666,False,,,,,,2016-10-12 03:15:00,2016-10-12 06:00:00,2016-10-12_0300,0300,1257.122,1256.491
2016-10-12 05:40:00,2016.10.12,05:40,1256.018,1256.049,1255.52,1255.598,0.1779,1256.111470606073,1256.3819483592727,1256.2751383311831,1254.784785143299,1,1254.2834016456206,0.34555325946695803,0.027521010663202554,1.051772824693185,0.32854362781978147,0,0.13857938607739173,1,0.5,0,1,1,0.6666666666666666,False,,,,,,2016-10-12 03:15:00,2016-10-12 06:00:00,2016-10-12_0300,0300,1257.122,1256.491
2016-10-12 05:45:00,2016.10.12,05:45,1255.578,1255.588,1254.988,1255.069,0.19743,1255.9029764848585,1256.2625894175205,1256.2278387887839,1254.7876131518233,1,1254.2834016456206,0.3808128248713503,0.03034198317951844,1.152681859962942,0.33037114411047747,0,0.18102590375508712,0,0.0,0,1,1,0.6666666666666666,False,,,,,,2016-10-12 03:15:00,2016-10-12 06:00:00,2016-10-12_0300,0300,1257.122,1256.491
2016-10-12 05:50:00,2016.10.12,05:50,1255.088,1255.179,1254.828,1254.901,0.18371,1255.7025811878868,1256.1388085613821,1256.1758058951061,1254.7887413791684,1,1254.2834016456206,0.3768377815551853,0.03002928370884917,1.1346833346423333,0.3321083248957467,0,0.1938001483782399,0,0.0,0,0,1,0.3333333333333333,False,,,,,,2016-10-12 03:15:00,2016-10-12 06:00:00,2016-10-12_0300,0300,1257.122,1256.491
2016-10-12 05:55:00,2016.10.12,05:55,1254.938,1255.438,1254.689,1255.36,0.19837,1255.6340649503095,1256.0680077830746,1256.1438135070628,1254.7944255445498,1,1254.2834016456206,0.4264594106811638,0.03397108484268766,1.2646805638350054,0.33720721490964667,0,0.2048018098394017,0,0.0,0,0,1,0.3333333333333333,False,,,,,,2016-10-12 03:15:00,2016-10-12 06:00:00,2016-10-12_0300,0300,1257.122,1256.491
2016-10-12 06:00:00,2016.10.12,06:00,1255.289,1255.459,1254.641,1255.189,0.18688,1255.5450519602477,1255.9880979846132,1256.1063698401192,1254.7983516585346,1,1254.297805609346,0.47866482259033977,0.03813488029215837,1.3903105875656656,0.34428625292169257,0,0.20459070307340038,0,0.0,0,0,1,0.3333333333333333,False,,,,,,,,,,,
2016-10-12 06:05:00,2016.10.12,06:05,1255.189,1255.59,1255.17,1255.529,0.16405,1255.5418415681982,1255.9463618041937,1256.0837278856047,1254.8056217912856,1,1254.297805609346,0.47084284624494055,0.03750155083992011,1.341860454120604,0.35088808586546366,0,0.19895996030357085,0,0.0,0,0,1,0.3333333333333333,False,,,,,,,,,,,
2016-10-12 06:10:00,2016.10.12,06:10,1255.52,1255.689,1254.769,1254.789,0.21922,1255.3912732545587,1255.8411470947215,1256.032954243032,1254.8054564003276,0,1254.297805609346,0.5307304667456249,0.04229639140489954,1.4685280846158817,0.36140300775006723,0,0.19278141583962477,0,0.0,0,0,1,0.3333333333333333,False,,,,,,,,,,,
2016-10-12 06:15:00,2016.10.12,06:15,1254.769,1255.349,1254.511,1254.568,0.2111799999999999,1255.226618603647,1255.7254064497467,1255.9755050570307,1254.8030936500757,0,1254.297805609346,0.5716997378462036,0.045569450029508456,1.5273731135911446,0.3743026067167235,0,0.20070653802743485,0,0.0,0,0,1,0.3333333333333333,False,,,,,,,,,,,
2016-10-12 06:20:00,2016.10.12,06:20,1254.588,1255.389,1254.579,1255.228,0.18028,1255.2268948829178,1255.6801876815878,1255.9461911332255,1254.8073215739555,1,1254.297805609346,0.6049397728000315,0.04819361684092703,1.5563329877968177,0.38869559248782537,0,0.20060100635103972,0,0.0,0,0,1,0.3333333333333333,False,,,,,,,,,,,
2016-10-12 06:25:00,2016.10.12,06:25,1255.239,1255.268,1254.628,1255.028,0.15982,1255.1871159063344,1255.6208978923523,1255.9101836378047,1254.8095173791899,1,1254.297805609346,0.6096144697600407,0.04857377443053388,1.5158147231765149,0.4021695134894476,0,0.1917885497375298,0,0.0,0,0,1,0.3333333333333333,False,,,,,,,,,,,
2016-10-12 06:30:00,2016.10.12,06:30,1255.028,1255.349,1255.0,1255.248,0.10863,1255.1992927250676,1255.5869980839566,1255.8842156520086,1254.813880390342,1,1254.297805609346,0.5748658737920264,0.04579699579621129,1.3969774442668312,0.41150691169085435,0,0.1488152142046781,0,0.0,0,0,1,0.3333333333333333,False,,,,,,,,,,,
2016-10-12 06:35:00,2016.10.12,06:35,1255.249,1255.539,1255.009,1255.128,0.16472,1255.1850341800541,1255.545270985415,1255.8545601362434,1254.8170059585973,1,1254.297805609346,0.5688837572864193,0.04532476028631496,1.349112274922635,0.4216726567987397,0,0.1488294420967374,0,0.0,0,0,1,0.3333333333333333,False,,,,,,,,,,,
2016-10-12 06:40:00,2016.10.12,06:40,1255.118,1255.698,1255.01,1255.64,0.15098,1255.2760273440435,1255.5538827140138,1255.8461460132535,1254.8251949540343,1,1254.297805609346,0.5847659229815769,0.04657114483303948,1.3479988945799575,0.43380296922557393,0,0.1487687553757397,0,0.0,0,0,1,0.3333333333333333,False,,,,,,,,,,,
2016-10-12 06:45:00,2016.10.12,06:45,1255.658,1255.678,1255.418,1255.449,0.16109,1255.3106218752348,1255.5443479218306,1255.8305716597927,1254.8314019694171,1,1254.297805609346,0.5414637999173957,0.04312909563967916,1.2164739602414734,0.44510923999549784,0,0.1487913885789019,0,0.0,0,0,1,0.3333333333333333,False,,,,,,,,,,,
2016-10-12 06:50:00,2016.10.12,06:50,1255.469,1255.738,1255.299,1255.538,0.15303,1255.3560975001878,1255.5437708380277,1255.8190982613696,1254.838432795592,1,1254.297805609346,0.52780195992842,0.042037912028821116,1.1565270805155379,0.45636800799609906,0,0.1487808413604318,0,0.0,0,0,1,0.3333333333333333,False,,,,,,,,,,,
2016-10-12 06:55:00,2016.10.12,06:55,1255.548,1255.928,1255.318,1255.731,0.23411,1255.4310780001504,1255.5607916709343,1255.8156434275904,1254.8473140613078,1,1254.297805609346,0.5387616986046477,0.04290422858117286,1.1507274446584033,0.4681922735966211,0,0.1487579744387881,0,0.0,0,0,1,0.3333333333333333,False,,,,,,,,,,,
2016-10-12 07:00:00,2016.10.12,07:00,1255.811,1255.939,1255.658,1255.758,0.33124,1255.4964624001204,1255.5787197008492,1255.8133829010185,1254.8563756129365,1,1254.3083548072627,0.5043934721240516,0.04016645501155888,1.0552606872810026,0.47797997045040874,0,0.1470824792675006,0,0.0,0,0,1,0.3333333333333333,False,,,,,,,,,,,
2016-10-12 07:05:00,2016.10.12,07:05,1255.758,1256.208,1255.758,1256.192,0.19686,1255.6355699200965,1255.6344724553173,1255.8282306303902,1254.8696654078328,1,1254.3083548072627,0.49714100917418413,0.039575240821003804,1.0194363219963178,0.48766264105702506,0,0.14703166394945835,0,0.0,1,0,1,0.6666666666666666,False,,,,,,,,,,,
2016-10-12 07:10:00,2016.10.12,07:10,1256.198,1256.349,1255.609,1255.778,0.20647,1255.6640559360771,1255.6475204139247,1255.8262608017476,1254.878703562979,1,1254.3083548072627,0.5295222079509608,0.04216686452151263,1.0610513118743894,0.4990542889160928,0,0.1463634495906096,0,0.0,1,0,1,0.6666666666666666,False,,,,,,,,,,,
2016-10-12 07:15:00,2016.10.12,07:15,1255.758,1255.898,1255.518,1255.828,0.18248,1255.6968447488618,1255.6639276490223,1255.8263290056007,1254.8881492986707,1,1254.3083548072627,0.5095859135574836,0.0405776836921524,1.0018064137687348,0.5086670503939502,0,0.14635762222214868,0,0.0,1,0,1,0.6666666666666666,False,,,,,,,,,,,
2016-10-12 07:20:00,2016.10.12,07:20,1255.849,1255.868,1255.429,1255.569,0.19768,1255.6712757990895,1255.6552978627474,1255.8162376720477,1254.8949239325148,1,1254.3083548072627,0.5001744584164659,0.039836477200095415,0.9685830532682754,0.5163981103414257,0,0.1463878130154508,0,0.0,1,0,1,0.6666666666666666,False,,,,,,,,,,,
2016-10-12 07:25:00,2016.10.12,07:25,1255.549,1255.748,1255.321,1255.718,0.2268899999999999,1255.6806206392716,1255.660998057043,1255.8123852143206,1254.9031137441316,1,1254.3083548072627,0.49041786396095505,0.039054776945218195,0.9397167987640908,0.5218783622959059,0,0.14637044304533067,0,0.0,1,0,1,0.6666666666666666,False,,,,,,,,,,,
2016-10-12 07:30:00,2016.10.12,07:30,1255.719,1255.748,1255.228,1255.528,0.2698899999999999,1255.6500965114174,1255.6489073245843,1255.8012328529749,1254.9093315178218,1,1254.3083548072627,0.49436214876615864,0.03937484060619585,0.9367273480625024,0.5277545806564545,0,0.14639259339496732,0,0.0,1,0,1,0.6666666666666666,False,,,,,,,,,,,
2016-10-12 07:35:00,2016.10.12,07:35,1255.558,1255.659,1255.421,1255.579,0.19017,1255.635877209134,1255.6425521132583,1255.7925178391329,1254.9159948858037,1,1254.3083548072627,0.46018052893067835,0.03665086218634418,0.8691824864689344,0.5294406365689304,0,0.1463866471165865,0,0.0,0,0,1,0.3333333333333333,False,,,,,,,,,,,
2016-10-12 07:40:00,2016.10.12,07:40,1255.569,1255.649,1253.901,1254.119,0.25922,1255.3325017673073,1255.5040473756892,1255.7268896885785,1254.9080645884326,0,1254.3083548072627,0.6318897917398972,0.05038515417914068,1.1764803091481026,0.5371018850264081,0,0.19519678754566877,0,0.0,0,0,0,0.0,False,,,,,,,,,,,
2016-10-12 07:45:00,2016.10.12,07:45,1254.138,1254.391,1253.629,1253.748,0.38503,1255.015601413846,1255.344406705172,1255.6492861713793,1254.8965216572044,0,1254.3083548072627,0.6492378195079337,0.05178375714321648,1.1890331434689265,0.5460216336895578,0,0.21694949862333,0,0.0,0,0,0,0.0,False,,,,,,,,,,,
2016-10-12 07:50:00,2016.10.12,07:50,1253.768,1254.268,1253.71,1254.208,0.18468,1254.854081131077,1255.241097004702,1255.5927651450506,1254.889670695441,0,1254.3083548072627,0.6370727769068749,0.05079482644879277,1.1555015457085611,0.5513387491976203,0,0.2168699290707783,0,0.0,0,0,0,0.0,False,,,,,,,,,,,
2016-10-12 07:55:00,2016.10.12,07:55,1254.218,1255.449,1254.141,1255.358,0.37646,1254.9548649048616,1255.251724549729,1255.583558668774,1254.8943306885212,1,1254.3083548072627,0.7265297399859573,0.05787430677033622,1.2995088645854065,0.5590802493046081,0,0.2166712603098102,0,0.0,0,0,1,0.3333333333333333,False,,,,,,,,,,,
2016-10-12 08:00:00,2016.10.12,08:00,1255.379,1255.379,1254.589,1254.679,0.2507399999999999,1254.8996919238893,1255.1996586815717,1255.5480857798027,1254.8921880946057,0,1254.3213861027127,0.7349924413211582,0.05858011820721939,1.2995309153851604,0.5655828827306644,0,0.21678851722233555,0,0.0,0,0,1,0.3333333333333333,False,,,,,,,,,,,
2016-10-12 08:05:00,2016.10.12,08:05,1254.672,1254.699,1254.008,1254.419,0.2081799999999999,1254.8035535391116,1255.1286897105197,1255.503807906085,1254.887479755356,0,1254.3213861027127,0.7291267824783412,0.05812466029917764,1.2756818148309685,0.5715584983665793,0,0.21683345038619686,0,0.0,0,0,1,0.3333333333333333,False,,,,,,,,,,,
2016-10-12 08:10:00,2016.10.12,08:10,1254.408,1257.159,1254.408,1256.71,0.30079,1255.1848428312894,1255.2724451913814,1255.5511095568268,1254.9056142851534,1,1254.3213861027127,0.9987098781479229,0.07947019424910463,1.6848733886490106,0.5927506985843742,0,0.28089217082701656,0,0.0,0,0,1,0.3333333333333333,False,,,,,,,,,,,
2016-10-12 08:15:00,2016.10.12,08:15,1256.709,1257.57,1256.509,1256.938,0.3423299999999999,1255.5354742650316,1255.4238592648921,1255.6054974173435,1254.9258370285847,1,1254.3213861027127,1.0070152277281894,0.08011653937809099,1.638336148333681,0.6146572721064627,0,0.31353972908767425,0,0.0,1,0,1,0.6666666666666666,False,,,,,,,,,,,
2016-10-12 08:20:00,2016.10.12,08:20,1256.958,1257.039,1256.441,1256.708,0.2103,1255.7699794120254,1255.5405993317202,1255.6487328127419,1254.9435699934745,1,1254.3213861027127,0.9524798640310917,0.07579166075421591,1.504605390841885,0.6330429691589383,0,0.3135971124557201,0,0.0,1,0,1,0.6666666666666666,False,,,,,,,,,,,
2016-10-12 08:25:00,2016.10.12,08:25,1256.728,1256.839,1256.431,1256.578,0.19386,1255.9315835296202,1255.6349084833819,1255.6851746632226,1254.959832978614,1,1254.3213861027127,0.8798825488269331,0.0700221195044743,1.3537406306508217,0.6499639066044154,0,0.31362955582542673,0,0.0,1,0,1,0.6666666666666666,False,,,,,,,,,,,
2016-10-12 08:30:00,2016.10.12,08:30,1256.572,1256.6,1256.199,1256.358,0.11602,1256.016866823696,1255.7006440758018,1255.7115599705473,1254.9737450882797,1,1254.3213861027127,0.816031542316654,0.06495215076567777,1.2282687767362122,0.6643753857238269,0,0.3136844752849133,0,0.0,1,0,1,0.6666666666666666,False,,,,,,,,,,,
2016-10-12 08:35:00,2016.10.12,08:35,1256.369,1256.378,1255.742,1256.038,0.16235,1256.021093458957,1255.7313127961836,1255.72436154033,1254.9843346893915,1,1254.3213861027127,0.7920273366744291,0.06305759353414699,1.169840622914628,0.677038667627316,0,0.31376439247857396,0,0.0,1,1,1,1.0,False,,,,,,,,,,,
2016-10-12 08:40:00,2016.10.12,08:40,1256.039,1256.088,1255.639,1255.858,0.1332499999999999,1255.9884747671658,1255.7428298147122,1255.7296022642388,1254.9930278765619,1,1254.3213861027127,0.7462903584511811,0.059424740571878444,1.0829401640130663,0.6891335119436726,0,0.3138093637975019,0,0.0,1,1,1,1.0,False,,,,,,,,,,,
2016-10-12 08:45:00,2016.10.12,08:45,1255.839,1255.928,1255.632,1255.899,0.13196,1255.9705798137327,1255.757027104284,1255.7362453127,1255.0020425245564,1,1254.3213861027127,0.6862516439910301,0.0546422637482019,0.9823395459676629,0.6985890436845148,0,0.31379911919668946,0,0.0,1,1,1,1.0,False,,,,,,,,,,,
2016-10-12 08:50:00,2016.10.12,08:50,1255.899,1256.128,1255.562,1255.562,0.14779,1255.8888638509861,1255.7392973675308,1255.7294121631824,1255.00761424073,1,1254.3213861027127,0.6702180914588969,0.05337992798913132,0.9498234831345878,0.7056238378599117,0,0.3138833446695608,0,0.0,1,1,1,1.0,False,,,,,,,,,,,
2016-10-12 08:55:00,2016.10.12,08:55,1255.609,1255.928,1255.508,1255.618,0.1490699999999999,1255.834691080789,1255.7282703341186,1255.725043058744,1255.0136877308719,1,1254.3213861027127,0.636855679264387,0.05072049614328459,0.8944761456813606,0.7119873261452567,0,0.3138693456130791,0,0.0,1,1,1,1.0,False,,,,,,,,,,,
2016-10-12 09:00:00,2016.10.12,09:00,1255.609,1256.158,1255.609,1255.928,0.1991299999999999,1255.8533528646312,1255.7464275764717,1255.7330021544797,1255.0227853653907,1,1254.334914599203,0.6251415886957992,0.049775272841739264,0.8703850334771045,0.7182356826592234,0,0.3137918734194978,0,0.0,1,1,1,1.0,False,,,,,,,,,,,
2016-10-12 09:05:00,2016.10.12,09:05,1255.938,1256.489,1255.628,1256.379,0.22404,1255.958482291705,1255.8039341604288,1255.7583354033236,1255.036280038372,1,1254.334914599203,0.6565893768697064,0.052260454597673665,0.9037155952506054,0.7265442583046611,0,0.31367923214253274,0,0.0,1,1,1,1.0,False,,,,,,,,,,,
2016-10-12 09:10:00,2016.10.12,09:10,1256.358,1256.488,1256.148,1256.359,0.2209099999999999,1256.0385858333639,1255.854394691299,1255.781890877703,1255.0494414310251,1,1254.334914599203,0.614377459953765,0.0489014254646773,0.8386890087834274,0.7325450238640413,0,0.3136842256074921,0,0.0,1,1,1,1.0,False,,,,,,,,,,,
2016-10-12 09:15:00,2016.10.12,09:15,1256.359,1256.369,1255.999,1256.028,0.1457999999999999,1256.0364686666912,1255.87017699209,1255.7915422158326,1255.0591783322088,1,1254.334914599203,0.5817937986265819,0.046320129696677294,0.7876706816341923,0.7386256873488365,0,0.3137668905470285,0,0.0,1,1,1,1.0,False,,,,,,,,,,,
2016-10-12 09:20:00,2016.10.12,09:20,1256.048,1256.089,1255.691,1255.909,0.12881,1256.010974933353,1255.8737063564454,1255.796148403447,1255.0676342692018,1,1254.334914599203,0.5572879588096925,0.0443732753575054,0.7583226271442035,0.7348955957023263,0,0.31379662061503105,0,0.0,1,1,1,1.0,False,,,,,,,,,,,
2016-10-12 09:25:00,2016.10.12,09:25,1255.881,1255.949,1255.511,1255.582,0.10017,1255.9251799466826,1255.8471875967684,1255.787750426841,1255.072752336175,1,1254.334914599203,0.5413828976350804,0.043118083696252446,0.7421258161301034,0.7295028496086836,0,0.30742715330419673,0,0.0,1,1,1,1.0,False,,,,,,,,,,,
2016-10-12 09:30:00,2016.10.12,09:30,1255.598,1255.759,1255.508,1255.698,0.14487,1255.8797439573461,1255.833625087971,1255.7842308022591,1255.0789737059645,1,1254.334914599203,0.5026651779503999,0.040030738119388565,0.6954584526465588,0.7227824696608598,1,0.283666932654181,0,0.5,1,1,1,1.0,False,,,,,,,,,,,
2016-10-12 09:35:00,2016.10.12,09:35,1255.681,1256.219,1255.681,1255.729,0.11773,1255.849595165877,1255.8241137163375,1255.7820648884451,1255.0854416292882,1,1254.334914599203,0.5073764875570147,0.04040493510598343,0.712782811921476,0.7118248070394128,0,0.28365992980968807,0,0.0,1,1,1,1.0,False,,,,,,,,,,,
2016-10-12 09:40:00,2016.10.12,09:40,1255.728,1255.829,1255.588,1255.719,0.09081,1255.8234761327017,1255.8145579239433,1255.779591755565,1255.0917456926784,1,1254.334914599203,0.47185962254941083,0.037576848208031484,0.6753701477237714,0.6986681661008254,1,0.2836621887540045,0,0.5,1,1,1,1.0,False,,,,,,,,,,,
2016-10-12 09:45:00,2016.10.12,09:45,1255.711,1256.28,1255.518,1255.828,0.14521,1255.8243809061614,1255.8157799308574,1255.781490118092,1255.0990716061842,1,1254.334914599203,0.5105450062094818,0.040654055030583953,0.7423527658530048,0.6877390772873825,0,0.2517860726150424,0,0.0,1,1,1,1.0,False,,,,,,,,,,,
2016-10-12 09:50:00,2016.10.12,09:50,1255.839,1255.888,1255.401,1255.519,0.14285,1255.7633047249292,1255.788799937143,1255.7711963879708,1255.1032499981627,1,1254.334914599203,0.507405672048198,0.0404140177924984,0.7651171092688231,0.6631738669823961,0,0.1727572422241216,1,0.5,0,1,1,0.6666666666666666,False,,,,,,,,,,,
2016-10-12 09:55:00,2016.10.12,09:55,1255.508,1255.749,1255.479,1255.681,0.09386,1255.7468437799434,1255.7789999428574,1255.767659274717,1255.1089987543999,1,1254.334914599203,0.4757515824417692,0.0378879335151021,0.7473195060375983,0.6366106847180751,0,0.13044714382075703,1,0.5,0,1,1,0.6666666666666666,False,,,,,,,,,,,
2016-10-12 10:00:00,2016.10.12,10:00,1255.681,1255.719,1255.191,1255.199,0.13091,1255.6372750239548,1255.7262726753247,1255.7453589110028,1255.109894289182,1,1254.3390547524448,0.4827180381162027,0.0384574906541674,0.7873107977015896,0.6131225934223308,0,0.13129392231828665,1,0.5,0,0,1,0.3333333333333333,True,1255.789,1255.058,1000,2016-10-12_1000,2016-10-12 10:00:00,,,,,,
2016-10-12 10:05:00,2016.10.12,10:05,1255.218,1255.399,1255.058,1255.058,0.13523,1255.5214200191638,1255.6655206139314,1255.7184036595909,1255.1093779280955,0,1254.3390547524448,0.46382229970069494,0.03695624422940573,0.7830608924733561,0.5923195809660188,0,0.12286284777276558,1,0.5,0,0,1,0.3333333333333333,True,1255.789,1255.058,1000,2016-10-12_1000,2016-10-12 10:00:00,,,,,,
2016-10-12 10:10:00,2016.10.12,10:10,1255.088,1255.789,1255.078,1255.769,0.15213,1255.570936015331,1255.6749278308469,1255.720387829803,1255.115941331796,1,1254.3390547524448,0.4994459930739349,0.03977212314318437,0.866356277006437,0.5764903035038829,0,0.11395407913398403,1,0.5,0,0,1,0.3333333333333333,True,1255.789,1255.058,1000,2016-10-12_1000,2016-10-12 10:00:00,,,,,,
2016-10-12 10:15:00,2016.10.12,10:15,1255.769,1255.809,1255.579,1255.77,0.11217,1255.6107488122648,1255.6835707553153,1255.722333405105,1255.1224493782458,1,1254.3390547524448,0.46351986066407935,0.03691120672289347,0.8276180779781722,0.5600649297033653,0,0.11395398838959683,1,0.5,0,0,1,0.3333333333333333,False,,,,,,2016-10-12 10:15:00,2016-10-12 13:00:00,2016-10-12_1000,1000,1255.789,1255.058
2016-10-12 10:20:00,2016.10.12,10:20,1255.77,1255.989,1255.75,1255.808,0.13277,1255.6501990498118,1255.6948825048319,1255.7256928794147,1255.1292707774674,1,1254.3390547524448,0.4335838792422065,0.03452628739761225,0.7964002594064434,0.5444296057429165,0,0.11395054020997158,1,0.5,0,0,1,0.3333333333333333,False,,,,,,2016-10-12 10:15:00,2016-10-12 13:00:00,2016-10-12_1000,1000,1255.789,1255.058
2016-10-12 10:25:00,2016.10.12,10:25,1255.819,1255.889,1255.602,1255.689,0.11748,1255.6579592398496,1255.6943477316654,1255.7242539429672,1255.1348402224678,1,1254.3390547524448,0.4140393620098866,0.03297308187058154,0.7800010333610609,0.5308189916438594,0,0.11396133915324892,1,0.5,0,0,1,0.3333333333333333,False,,,,,,2016-10-12 10:15:00,2016-10-12 13:00:00,2016-10-12_1000,1000,1255.789,1255.058
2016-10-12 10:30:00,2016.10.12,10:30,1255.689,1255.759,1255.088,1255.168,0.17315,1255.5599673918796,1255.6464979378775,1255.7024400628507,1255.135170170503,1,1254.3390547524448,0.4483007804085749,0.035716396562737014,0.8625761639280688,0.5197231260913433,0,0.11400864266775763,1,0.5,0,0,1,0.3333333333333333,False,,,,,,2016-10-12 10:15:00,2016-10-12 13:00:00,2016-10-12_1000,1000,1255.789,1255.058
2016-10-12 10:35:00,2016.10.12,10:35,1255.149,1255.149,1254.801,1254.948,0.16264,1255.4375739135037,1255.582998125343,1255.6728541780328,1255.1333077807467,0,1254.3390547524448,0.43746067635409314,0.03485886876221908,0.8581810283108001,0.5097533759458287,0,0.13450756525370786,1,0.5,0,0,1,0.3333333333333333,False,,,,,,2016-10-12 10:15:00,2016-10-12 13:00:00,2016-10-12_1000,1000,1255.789,1255.058
2016-10-12 10:40:00,2016.10.12,10:40,1254.931,1255.069,1254.808,1254.989,0.10367,1255.347859130803,1255.5289982957663,1255.6460363671297,1255.1318718824307,0,1254.3390547524448,0.413932586173543,0.03298296528284654,0.8292036300270714,0.49919292581971586,0,0.1345031709441359,1,0.5,0,0,1,0.3333333333333333,False,,,,,,2016-10-12 10:15:00,2016-10-12 13:00:00,2016-10-12_1000,1000,1255.789,1255.058
2016-10-12 10:45:00,2016.10.12,10:45,1254.989,1255.148,1254.849,1255.078,0.1081,1255.2938873046426,1255.4879984506965,1255.6237604311636,1255.1313358437997,0,1254.3390547524448,0.39860824135040107,0.03175963895075853,0.8196859280463998,0.4862938690437505,0,0.13441395674214077,1,0.5,0,0,1,0.3333333333333333,False,,,,,,2016-10-12 10:15:00,2016-10-12 13:00:00,2016-10-12_1000,1000,1255.789,1255.058
2016-10-12 10:50:00,2016.10.12,10:50,1255.098,1255.239,1254.901,1254.919,0.10997,1255.218909843714,1255.436271318815,1255.5961227671964,1255.1292230493339,0,1254.3390547524448,0.3905271425036763,0.0311197091209613,0.8219870137118178,0.47510135317124613,0,0.1249483034363161,1,0.5,0,0,1,0.3333333333333333,False,,,,,,2016-10-12 10:15:00,2016-10-12 13:00:00,2016-10-12_1000,1000,1255.789,1255.058
2016-10-12 10:55:00,2016.10.12,10:55,1254.928,1255.04,1254.658,1254.751,0.23576,1255.1253278749714,1255.3739739261953,1255.5629806978945,1255.1254596359076,0,1254.3390547524448,0.3893901901698611,0.031033263983839113,0.8365326311067026,0.4654811727484101,0,0.12926867561771785,1,0.5,0,0,1,0.3333333333333333,False,,,,,,2016-10-12 10:15:00,2016-10-12 13:00:00,2016-10-12_1000,1000,1255.789,1255.058
2016-10-12 11:00:00,2016.10.12,11:00,1254.799,1254.918,1254.061,1254.139,0.28241,1254.9280622999772,1255.2617035692683,1255.507138317585,1255.1156441171424,0,1254.3294920185897,0.45173816481387574,0.03601978447475725,0.9816048446664666,0.46020368304861925,0,0.17693413568990768,0,0.0,0,0,0,0.0,False,,,,,,2016-10-12 10:15:00,2016-10-12 13:00:00,2016-10-12_1000,1000,1255.789,1255.058
2016-10-12 11:05:00,2016.10.12,11:05,1254.129,1254.459,1253.862,1254.259,0.17558,1254.7942498399818,1255.1705486993349,1255.4581917168955,1255.1071202950814,0,1254.3294920185897,0.4711064095053563,0.03756053650046413,1.0315674863157411,0.456689858642133,0,0.19278314925385368,0,0.0,0,0,0,0.0,False,,,,,,2016-10-12 10:15:00,2016-10-12 13:00:00,2016-10-12_1000,1000,1255.789,1255.058
2016-10-12 11:10:00,2016.10.12,11:10,1254.239,1254.979,1254.148,1254.868,0.158,1254.8089998719854,1255.1430442721226,1255.4350469436838,1255.1047409886626,0,1254.3294920185897,0.5190922215713263,0.04136628088144142,1.1346000038717017,0.4575112108231794,0,0.1926895896620117,0,0.0,0,0,1,0.3333333333333333,False,,,,,,2016-10-12 10:15:00,2016-10-12 13:00:00,2016-10-12_1000,1000,1255.789,1255.058
2016-10-12 11:15:00,2016.10.12,11:15,1254.862,1254.898,1254.238,1254.331,0.18319,1254.7133998975883,1255.0692220655658,1255.391750985108,1255.0970420733524,0,1254.3294920185897,0.5378799253617967,0.042881817109024396,1.1717588095791553,0.4590363827134184,0,0.1927720832858227,0,0.0,0,0,1,0.3333333333333333,False,,,,,,2016-10-12 10:15:00,2016-10-12 13:00:00,2016-10-12_1000,1000,1255.789,1255.058
2016-10-12 11:20:00,2016.10.12,11:20,1254.331,1254.781,1254.308,1254.489,0.2094599999999999,1254.6685199180706,1255.0164746050598,1255.3563489856922,1255.0909919034684,0,1254.3294920185897,0.5292292686468847,0.0421868401115422,1.1457538309883926,0.4619048650182922,0,0.19274780408595793,0,0.0,0,0,1,0.3333333333333333,False,,,,,,2016-10-12 10:15:00,2016-10-12 13:00:00,2016-10-12_1000,1000,1255.789,1255.058
2016-10-12 11:25:00,2016.10.12,11:25,1254.478,1254.528,1253.759,1254.058,0.21795,1254.5464159344565,1254.9293405500543,1255.3054333391945,1255.0807133770656,0,1254.3294920185897,0.5611986994939675,0.04475061755468786,1.2083404967526759,0.46443754968251644,0,0.17782271633369576,0,0.0,0,0,0,0.0,False,,,,,,2016-10-12 10:15:00,2016-10-12 13:00:00,2016-10-12_1000,1000,1255.789,1255.058
2016-10-12 11:30:00,2016.10.12,11:30,1254.058,1254.599,1253.848,1254.468,0.22698,1254.5307327475653,1254.8874005000494,1255.2725928160887,1255.0746167265474,0,1254.3294920185897,0.5865055395614354,0.04675332806906476,1.2521666885046598,0.4683925430581783,0,0.17776459822012344,0,0.0,0,0,1,0.3333333333333333,False,,,,,,2016-10-12 10:15:00,2016-10-12 13:00:00,2016-10-12_1000,1000,1255.789,1255.058
2016-10-12 11:35:00,2016.10.12,11:35,1254.488,1254.599,1254.248,1254.458,0.1248399999999999,1254.5161861980523,1254.848364090954,1255.2406479997715,1255.068481236731,0,1254.3294920185897,0.5551048009532288,0.0442505688475205,1.1751726675355656,0.4723602039837512,0,0.1777660152830958,0,0.0,0,0,1,0.3333333333333333,False,,,,,,2016-10-12 10:15:00,2016-10-12 13:00:00,2016-10-12_1000,1000,1255.789,1255.058
2016-10-12 11:40:00,2016.10.12,11:40,1254.458,1254.599,1254.028,1254.048,0.17128,1254.422548958442,1254.775603719049,1255.1938774899766,1255.0583271945745,0,1254.3294920185897,0.55722416082612,0.044434037678471636,1.1704287338771342,0.47608551011924716,0,0.17782413432340854,0,0.0,0,0,0,0.0,False,,,,,,2016-10-12 10:15:00,2016-10-12 13:00:00,2016-10-12_1000,1000,1255.789,1255.058
2016-10-12 11:45:00,2016.10.12,11:45,1254.029,1254.269,1253.588,1253.761,0.19955,1254.2902391667535,1254.6833670173173,1255.13768621586,1255.0454184662703,0,1254.3294920185897,0.5737276060493094,0.0457605242186756,1.1913424192007591,0.48158077543667793,0,0.19150380335646644,0,0.0,0,0,0,0.0,False,,,,,,2016-10-12 10:15:00,2016-10-12 13:00:00,2016-10-12_1000,1000,1255.789,1255.058
2016-10-12 11:50:00,2016.10.12,11:50,1253.768,1253.769,1253.158,1253.272,0.32212,1254.0865913334028,1254.555060924834,1255.064522050532,1255.027772511382,0,1254.3294920185897,0.578697258576082,0.04617491323320732,1.1918550053872579,0.48554333871178523,0,0.22588871370302147,0,0.0,0,0,0,0.0,False,,,,,,2016-10-12 10:15:00,2016-10-12 13:00:00,2016-10-12_1000,1000,1255.789,1255.058
2016-10-12 11:55:00,2016.10.12,11:55,1253.272,1253.538,1253.068,1253.378,0.18702,1253.9448730667223,1254.4480553862127,1254.9983839309034,1255.0113568645027,0,1254.3294920185897,0.5642042907659414,0.045014695548026326,1.1500817332870128,0.49057756021687837,0,0.23305020512567232,0,0.0,0,0,0,0.0,False,,,,,,2016-10-12 10:15:00,2016-10-12 13:00:00,2016-10-12_1000,1000,1255.789,1255.058
2016-10-12 12:00:00,2016.10.12,12:00,1253.378,1253.959,1253.362,1253.579,0.22631,1253.8716984533778,1254.3690503511025,1254.942721815966,1254.9971045573932,0,1254.321954784574,0.5685770519971465,0.04535630000160712,1.1432655009444563,0.4973272188546253,0,0.22503567784718098,0,0.0,0,0,0,0.0,False,,,,,,2016-10-12 10:15:00,2016-10-12 13:00:00,2016-10-12_1000,1000,1255.789,1255.058
2016-10-12 12:05:00,2016.10.12,12:05,1253.589,1253.589,1251.201,1251.452,0.32569,1253.3877587627023,1254.1038639555477,1254.8058307643596,1254.9618298851806,0,1254.321954784574,0.8111667783975163,0.06481804962535649,1.5684310070797374,0.5171835896740069,0,0.36421692561920016,0,0.0,0,0,0,0.0,False,,,,,,2016-10-12 10:15:00,2016-10-12 13:00:00,2016-10-12_1000,1000,1255.789,1255.058
2016-10-12 12:10:00,2016.10.12,12:10,1251.452,1252.221,1249.739,1252.221,0.44854,1253.1544070101618,1253.9326945050432,1254.7044648520318,1254.9345579460246,0,1254.321954784574,1.0339445412778436,0.08256885496073327,1.8920572585469497,0.5464657777174703,0,0.43921959462427157,0,0.0,0,0,0,0.0,False,,,,,,2016-10-12 10:15:00,2016-10-12 13:00:00,2016-10-12_1000,1000,1255.789,1255.058
2016-10-12 12:15:00,2016.10.12,12:15,1252.219,1252.261,1251.228,1251.818,0.32219,1252.8871256081295,1253.740449550039,1254.5912701519521,1254.9035474191985,0,1254.321954784574,1.0338186024407847,0.08258537602437292,1.793940465510512,0.5762836740218048,0,0.43936099337124085,0,0.0,0,0,0,0.0,False,,,,,,2016-10-12 10:15:00,2016-10-12 13:00:00,2016-10-12_1000,1000,1255.789,1255.058
2016-10-12 12:20:00,2016.10.12,12:20,1251.779,1252.389,1251.398,1252.201,0.29557,1252.7499004865035,1253.6004995909445,1254.497534067562,1254.876656400102,0,1254.321954784574,1.0281094554486783,0.08210418738275072,1.6937761600547798,0.6069925174855616,0,0.43922660978548966,0,0.0,0,0,0,0.0,False,,,,,,2016-10-12 10:15:00,2016-10-12 13:00:00,2016-10-12_1000,1000,1255.789,1255.058
2016-10-12 12:25:00,2016.10.12,12:25,1252.189,1253.481,1251.738,1252.598,0.39642,1252.719520389203,1253.5093632644948,1254.4230425355006,1254.853983202091,0,1254.321954784574,1.1234281947221796,0.08968784835375593,1.7465324306880223,0.6432335151541506,0,0.43908740074628894,0,0.0,0,0,0,0.0,False,,,,,,2016-10-12 10:15:00,2016-10-12 13:00:00,2016-10-12_1000,1000,1255.789,1255.058
2016-10-12 12:30:00,2016.10.12,12:30,1252.619,1254.02,1252.438,1253.272,0.3345,1252.8300163113622,1253.4877847859043,1254.3779036125397,1254.838242075702,0,1254.321954784574,1.1845711020925398,0.09451827712520026,1.7345279787130092,0.6829357131335937,0,0.4229728263297936,0,0.0,0,0,0,0.0,False,,,,,,2016-10-12 10:15:00,2016-10-12 13:00:00,2016-10-12_1000,1000,1255.789,1255.058
2016-10-12 12:35:00,2016.10.12,12:35,1253.279,1253.482,1252.772,1253.048,0.2012699999999999,1252.8736130490897,1253.447804350822,1254.3257505296951,1254.820428721715,0,1254.321954784574,1.1212949551468727,0.08948539522403554,1.5583693140545434,0.7195309513824443,0,0.41818030913420784,0,0.0,0,0,0,0.0,False,,,,,,2016-10-12 10:15:00,2016-10-12 13:00:00,2016-10-12_1000,1000,1255.789,1255.058
2016-10-12 12:40:00,2016.10.12,12:40,1253.079,1253.188,1252.341,1252.929,0.23623,1252.884690439272,1253.4006403189292,1254.2709759991187,1254.8016085354293,0,1254.321954784574,1.0847222944606507,0.08657492120149271,1.4440241573259278,0.751180157864783,0,0.41822002683312537,0,0.0,0,0,0,0.0,False,,,,,,2016-10-12 10:15:00,2016-10-12 13:00:00,2016-10-12_1000,1000,1255.789,1255.058
2016-10-12 12:45:00,2016.10.12,12:45,1252.929,1253.279,1252.682,1252.782,0.17839,1252.8641523514175,1253.3444002899357,1254.212584783467,1254.7815129281116,0,1254.321954784574,1.019692655199228,0.0813942613478824,1.3096329986886346,0.7786094701494767,0,0.41826910029039444,0,0.0,0,0,0,0.0,False,,,,,,2016-10-12 10:15:00,2016-10-12 13:00:00,2016-10-12_1000,1000,1255.789,1255.058
2016-10-12 12:50:00,2016.10.12,12:50,1252.758,1253.319,1252.552,1252.999,0.24312,1252.891121881134,1253.313000263578,1254.164993223331,1254.7637764810659,0,1254.321954784574,0.9860003011726713,0.07869122809935772,1.2294959890890291,0.8019548741295438,0,0.411732172172514,0,0.0,0,0,0,0.0,False,,,,,,2016-10-12 10:15:00,2016-10-12 13:00:00,2016-10-12_1000,1000,1255.789,1255.058
2016-10-12 12:55:00,2016.10.12,12:55,1253.014,1253.852,1252.709,1253.572,0.23528,1253.0272975049072,1253.3365456941617,1254.141738587122,1254.7519180086176,0,1254.321954784574,1.0069335943496522,0.08032515039819431,1.2199229157813418,0.8254075575789367,0,0.40221064286693675,0,0.0,0,0,0,0.0,False,,,,,,2016-10-12 10:15:00,2016-10-12 13:00:00,2016-10-12_1000,1000,1255.789,1255.058
2016-10-12 13:00:00,2016.10.12,13:00,1253.579,1254.142,1253.068,1253.929,0.28346,1253.207638003926,1253.3904051765107,1254.133395897431,1254.743729769726,0,1254.3534875727871,1.015875781769708,0.08101541488949596,1.1955138293640257,0.8497398832350778,0,0.38758175303385595,0,0.0,0,0,0,0.0,False,,,,,,,,,,,
2016-10-12 13:05:00,2016.10.12,13:05,1253.909,1256.022,1253.829,1255.171,0.3733,1253.6003104031408,1253.5522774331916,1254.1740862543945,1254.7479812148035,1,1254.3534875727871,1.1728256775337447,0.093439513622745,1.332270124493754,0.8803212321370666,0,0.5005692451466693,0,0.0,1,0,1,0.6666666666666666,False,,,,,,,,,,,
2016-10-12 13:10:00,2016.10.12,13:10,1255.171,1256.25,1255.061,1255.992,0.22255,1254.0786483225127,1253.7740703938105,1254.2453769895162,1254.7603595111739,1,1254.3534875727871,1.1749822538625894,0.09355013836573715,1.2915511118259544,0.9097450678521243,0,0.518395021624339,0,0.0,1,0,1,0.6666666666666666,False,,,,,,,,,,,
2016-10-12 13:15:00,2016.10.12,13:15,1255.992,1256.262,1254.858,1255.162,0.20379,1254.2953186580103,1253.900245812555,1254.2813229899273,1254.7643559339483,1,1254.3534875727871,1.205517953347577,0.09604480962199119,1.2793821538440349,0.9422657254718418,0,0.519693872185416,0,0.0,1,0,1,0.6666666666666666,False,,,,,,,,,,,
2016-10-12 13:20:00,2016.10.12,13:20,1255.162,1255.672,1254.781,1255.288,0.21463,1254.4938549264084,1254.026405284141,1254.320800519734,1254.7695663226655,1,1254.3534875727871,1.163582226234577,0.09269444352487852,1.1963826984619408,0.9725836287422647,0,0.5196417077196557,0,0.0,1,0,1,0.6666666666666666,False,,,,,,,,,,,
2016-10-12 13:25:00,2016.10.12,13:25,1255.288,1255.689,1255.079,1255.079,0.43479,1254.6108839411268,1254.1220957128553,1254.3505338326856,1254.7726452647287,1,1254.3534875727871,1.0897712627366505,0.08682889784122358,1.0915332029966498,0.9983858115766318,0,0.5197282402143539,0,0.0,1,0,1,0.6666666666666666,False,,,,,,,,,,,
2016-10-12 13:30:00,2016.10.12,13:30,1255.08,1255.478,1254.241,1254.331,0.28618,1254.5549071529015,1254.1410870116865,1254.3497678000313,1254.7682507844827,0,1254.3534875727871,1.109401761038441,0.08844569424166676,1.0824265687927725,1.0249210366997494,0,0.5200381717425394,0,0.0,1,0,0,0.3333333333333333,False,,,,,,,,,,,
2016-10-12 13:35:00,2016.10.12,13:35,1254.332,1254.748,1253.611,1253.772,0.23519,1254.3983257223213,1254.1075336469876,1254.3271102392457,1254.7583378413535,0,1254.3534875727871,1.113081526233308,0.08877862372371596,1.0576954133003524,1.052364898473118,0,0.5202700331479656,0,0.0,1,0,0,0.3333333333333333,False,,,,,,,,,,,
2016-10-12 13:40:00,2016.10.12,13:40,1253.772,1254.849,1253.772,1254.688,0.3226200000000001,1254.4562605778572,1254.1603033154431,1254.341262778883,1254.7576379623351,0,1254.3534875727871,1.1082706560688669,0.08833037823497689,1.026794912383827,1.079349578676704,0,0.5198902037797373,0,0.0,1,0,1,0.6666666666666666,False,,,,,,,,,,,
2016-10-12 13:45:00,2016.10.12,13:45,1254.658,1255.579,1254.521,1255.571,0.22264,1254.6792084622857,1254.2885484685846,1254.3894877679463,1254.765731116939,1,1254.3534875727871,1.1015679019263505,0.08773441740262801,1.0070376458290098,1.0938696348531458,0,0.5195245828391951,0,0.0,1,0,1,0.6666666666666666,False,,,,,,,,,,,
2016-10-12 13:50:00,2016.10.12,13:50,1255.571,1256.028,1255.461,1255.599,0.26127,1254.8631667698287,1254.407680425986,1254.4369196201837,1254.7740223496064,1,1254.3534875727871,1.0302921816695048,0.08205583005955762,0.9420356699629714,1.0936870168727288,0,0.4009241804110929,0,0.0,1,0,1,0.6666666666666666,False,,,,,,,,,,,
2016-10-12 13:55:00,2016.10.12,13:55,1255.598,1258.598,1255.559,1257.491,0.42996,1255.388733415863,1254.6879822054416,1254.5566874782157,1254.801056953093,1,1254.3534875727871,1.2981198907802358,0.10323094883225692,1.172750429078368,1.1069020812897015,0,0.5725687102333175,0,0.0,1,1,1,1.0,False,,,,,,,,,,,
2016-10-12 14:00:00,2016.10.12,14:00,1257.491,1258.836,1256.488,1256.811,0.42558,1255.6731867326905,1254.8809838231286,1254.6450918908347,1254.8210563863956,1,1254.3372140646002,1.4381039053428653,0.11442483438980605,1.2755912759013726,1.1274018037844107,0,0.5647627208864305,0,0.0,1,1,1,1.0,False,,,,,,,,,,,
2016-10-12 14:05:00,2016.10.12,14:05,1256.811,1256.901,1255.799,1256.109,0.4764499999999999,1255.7603493861525,1254.9926216573897,1254.7025000519784,1254.833871745735,1,1254.3372140646002,1.3932900512971618,0.11092111045276817,1.22122559705829,1.1408948966131596,0,0.5170729610248886,0,0.0,1,1,1,1.0,False,,,,,,,,,,,
2016-10-12 14:10:00,2016.10.12,14:10,1256.108,1256.549,1255.648,1256.038,0.5044700000000001,1255.815879508922,1255.0876560521724,1254.7548725989598,1254.8458531213994,1,1254.3372140646002,1.3276513777908825,0.10570152955490858,1.156441477158434,1.1480489103980769,0,0.5171021895834456,0,0.0,1,1,1,1.0,False,,,,,,,,,,,
2016-10-12 14:15:00,2016.10.12,14:15,1256.019,1256.299,1255.398,1255.518,0.3298799999999999,1255.7563036071379,1255.1267782292475,1254.7847991637066,1254.8525411500423,1,1254.3372140646002,1.2707645274187738,0.10121436151602554,1.0997316361006813,1.155522389011672,0,0.5173163586663129,0,0.0,1,1,1,1.0,False,,,,,,,,,,,
2016-10-12 14:20:00,2016.10.12,14:20,1255.499,1255.588,1254.828,1255.068,0.32737,1255.6186428857104,1255.1214347538612,1254.7959050788552,1254.8546850191963,1,1254.3372140646002,1.2026625904296029,0.09582449639617956,1.035511019089385,1.1614194038101195,0,0.5006900024540587,0,0.0,1,1,1,1.0,False,,,,,,,,,,,
2016-10-12 14:25:00,2016.10.12,14:25,1255.098,1255.4,1254.948,1254.948,0.28095,1255.4845143085684,1255.1056679580556,1254.8018695855667,1254.855613526468,1,1254.3372140646002,1.102574245038989,0.08785816185523136,0.9459581231176987,1.1655634833021078,0,0.500737879179066,0,0.0,1,1,1,1.0,False,,,,,,,,,,,
2016-10-12 14:30:00,2016.10.12,14:30,1254.969,1255.232,1253.968,1254.228,0.28277,1255.2332114468547,1255.0258799618687,1254.7793648959366,1254.849368615757,0,1254.3372140646002,1.1240976790337767,0.08962466784617922,0.9587445809766858,1.1724683521951629,0,0.48850767165140246,0,0.0,1,1,0,0.6666666666666666,False,,,,,,,,,,,
2016-10-12 14:35:00,2016.10.12,14:35,1254.239,1254.259,1253.209,1253.868,0.4939,1254.960169157484,1254.9206181471534,1254.743625096096,1254.8396037539085,0,1254.3372140646002,1.1142179884959338,0.08886246307393872,0.9459901305804519,1.1778325719024771,0,0.46001652486545874,0,0.0,1,1,0,0.6666666666666666,False,,,,,,,,,,,
2016-10-12 14:40:00,2016.10.12,14:40,1253.878,1253.919,1253.228,1253.249,0.33923,1254.6179353259872,1254.7686528610486,1254.6850123472293,1254.8237768508845,0,1254.3372140646002,1.0577889233631468,0.08440373168964402,0.8964858178498161,1.1799282289821489,0,0.4489929774530004,0,0.0,0,1,0,0.3333333333333333,False,,,,,,,,,,,
2016-10-12 14:45:00,2016.10.12,14:45,1253.239,1253.822,1253.198,1253.269,0.30285,1254.34814826079,1254.6323207827716,1254.6294824512595,1254.8083064344578,0,1254.3372140646002,0.9999504002480334,0.07978737208436763,0.8537212180539003,1.1712844651178633,0,0.4498635169305169,0,0.0,0,1,0,0.3333333333333333,False,,,,,,,,,,,
2016-10-12 14:50:00,2016.10.12,14:50,1253.238,1253.268,1252.602,1252.978,0.31016,1254.074118608632,1254.4819279843377,1254.564718433563,1254.7900944301348,0,1254.3372140646002,0.9555570135482845,0.0762628724166174,0.8235336898637031,1.1603132031021481,0,0.4975346733940998,0,0.0,0,0,0,0.0,False,,,,,,,,,,,
2016-10-12 14:55:00,2016.10.12,14:55,1252.969,1253.109,1252.579,1252.718,0.39663,1253.8028948869057,1254.3215708948524,1254.492298102835,1254.7694765751085,0,1254.3372140646002,0.8988160784085095,0.07174927464988205,0.7850072163516614,1.1449781093551947,0,0.49947394385648336,0,0.0,0,0,0,0.0,False,,,,,,,,,,,
2016-10-12 15:00:00,2016.10.12,15:00,1252.788,1252.928,1251.658,1252.768,0.42349,1253.5959159095246,1254.1803371771384,1254.4246785693906,1254.7495613853066,0,1254.3205054669427,0.9483072679540695,0.0756969580923259,0.8360917479030329,1.1342143614411693,0,0.5729712125469448,0,0.0,0,0,0,0.0,False,,,,,,,,,,,
2016-10-12 15:05:00,2016.10.12,15:05,1252.788,1252.939,1250.672,1252.028,0.45588,1253.2823327276196,1253.984670161035,1254.3306911745126,1254.7224811725175,0,1254.3205054669427,1.1241329655602006,0.0897849701093107,0.9896125152004883,1.1359324465823468,0,0.6520620944579504,0,0.0,0,0,0,0.0,False,,,,,,,,,,,
2016-10-12 15:10:00,2016.10.12,15:10,1252.008,1252.638,1251.599,1251.809,0.43678,1252.9876661820958,1253.786881964577,1254.2318013245317,1254.6934913101045,0,1254.3205054669427,1.1127819034855055,0.08889390501949623,0.9794740600470565,1.1361014537047,0,0.6521761706458403,0,0.0,0,0,0,0.0,False,,,,,,,,,,,
2016-10-12 15:15:00,2016.10.12,15:15,1251.809,1252.251,1251.268,1251.778,0.32038,1252.7457329456768,1253.6042563314336,1254.135573821609,1254.6644814463225,0,1254.3205054669427,1.0954776496874312,0.08751373244196904,0.9649904282146134,1.1352212598774063,0,0.6521923216416958,0,0.0,0,0,0,0.0,False,,,,,,,,,,,
2016-10-12 15:20:00,2016.10.12,15:20,1251.759,1252.048,1251.15,1251.921,0.2943699999999999,1252.5807863565415,1253.4512330285759,1254.048727789389,1254.6371831234735,0,1254.3205054669427,1.0691472963957618,0.08540054016154068,0.9434220678315921,1.133265091893751,0,0.6521178253260379,0,0.0,0,0,0,0.0,False,,,,,,,,,,,
2016-10-12 15:25:00,2016.10.12,15:25,1251.9,1252.55,1251.699,1252.408,0.32586,1252.5462290852333,1253.3563936623416,1253.9843855231384,1254.6150021968717,0,1254.3205054669427,1.040060990209645,0.0830449015184864,0.9202534296628494,1.1301897463079156,0,0.6518642487112816,0,0.0,0,0,0,0.0,False,,,,,,,,,,,
2016-10-12 15:30:00,2016.10.12,15:30,1252.399,1252.982,1251.571,1252.612,0.3879499999999999,1252.5593832681868,1253.2887215112196,1253.9305664830154,1254.5950718267536,0,1254.3205054669427,1.0895195248483667,0.08697980897902675,0.9614953485903555,1.1331511134668586,0,0.6517580863028605,0,0.0,0,0,0,0.0,False,,,,,,,,,,,
2016-10-12 15:35:00,2016.10.12,15:35,1252.602,1252.911,1251.941,1252.191,0.1455099999999999,1252.4857066145496,1253.1889286465632,1253.8623481895638,1254.5711507140497,0,1254.3205054669427,1.0735835882019216,0.08573640827972102,0.9569126810002822,1.1219242983379432,0,0.6519772143387061,0,0.0,0,0,0,0.0,False,,,,,,,,,,,
2016-10-12 15:40:00,2016.10.12,15:40,1252.089,1252.941,1251.722,1252.939,0.12359,1252.5763652916398,1253.166207860512,1253.8261384566397,1254.5549104084373,0,1254.3205054669427,1.092972443108339,0.0872326939386785,0.9894128507144692,1.1046677252262167,0,0.49715109833759197,0,0.0,0,0,0,0.0,False,,,,,,,,,,,
2016-10-12 15:45:00,2016.10.12,15:45,1252.939,1253.069,1252.581,1252.591,0.14967,1252.579292233312,1253.1139162368293,1253.7777016544187,1254.5353690113384,0,1254.3205054669427,1.0123094506939014,0.08081723808441076,0.9324723820374952,1.0856186951960536,0,0.46918746821587837,0,0.0,0,0,0,0.0,False,,,,,,,,,,,
2016-10-12 15:50:00,2016.10.12,15:50,1252.599,1252.888,1252.461,1252.682,0.1562,1252.5998337866495,1253.0746511243904,1253.7347329620886,1254.5169275286387,0,1254.3205054669427,0.9342681906013689,0.0745814333247679,0.876465685468062,1.065949535836578,0,0.44919620462335635,0,0.0,0,0,0,0.0,False,,,,,,,,,,,
2016-10-12 15:55:00,2016.10.12,15:55,1252.668,1253.098,1252.641,1252.658,0.18799,1252.6114670293196,1253.0367737494457,1253.692508140046,1254.498430737309,0,1254.3205054669427,0.8706324318545037,0.06950280378638891,0.832389995669775,1.0459429310583643,0,0.39244550388054367,0,0.0,0,0,0,0.0,False,,,,,,,,,,,
2016-10-12 16:00:00,2016.10.12,16:00,1252.689,1253.528,1252.658,1253.249,0.22253,1252.7389736234559,1253.0560670449506,1253.6751156639657,1254.4859985906692,0,1254.2964009349332,0.8705481076072523,0.06946329960025918,0.8457365591733045,1.029337206917247,0,0.37725942729657597,1,0.5,0,0,0,0.0,False,,,,,,,,,,,
2016-10-12 16:05:00,2016.10.12,16:05,1253.269,1253.361,1252.799,1253.158,0.1612299999999999,1252.8227788987647,1253.0653336772277,1253.65483661832,1254.4727846743442,0,1254.2964009349332,0.8294083599263021,0.0661854578533834,0.8166048832822729,1.0156789126616128,0,0.3638806918201812,1,0.5,0,0,0,0.0,False,,,,,,,,,,,
2016-10-12 16:10:00,2016.10.12,16:10,1253.142,1253.689,1252.928,1253.258,0.1755399999999999,1252.909823119012,1253.0828487974798,1253.6392743979936,1254.4606972646493,0,1254.2964009349332,0.8202872452694575,0.06545238452652666,0.8198868199473883,1.0004883909733966,0,0.2862140117996445,1,0.5,0,0,0,0.0,False,,,,,,,,,,,
2016-10-12 16:15:00,2016.10.12,16:15,1253.278,1253.808,1253.138,1253.158,0.24752,1252.9594584952094,1253.0896807249815,1253.62040089219,1254.447735102812,0,1254.2964009349332,0.8002489459002062,0.06385858334704853,0.8126087750651663,0.9847899388436103,0,0.2591053961272299,1,0.5,0,0,0,0.0,False,,,,,,,,,,,
2016-10-12 16:20:00,2016.10.12,16:20,1253.138,1253.368,1252.632,1253.251,0.20651,1253.0177667961675,1253.1043461136196,1253.6059145826923,1254.4358272908437,0,1254.2964009349332,0.7916824197801623,0.06317030026548252,0.8149201836495577,0.9714846136644611,0,0.2513462985467288,1,0.5,0,0,0,0.0,False,,,,,,,,,,,
2016-10-12 16:25:00,2016.10.12,16:25,1253.251,1253.329,1252.718,1253.249,0.20002,1253.0640134369341,1253.117496466927,1253.5919179323905,1254.424018064069,0,1254.2964009349332,0.7675914304761241,0.06124811832892937,0.7996854754149494,0.9598666651758656,0,0.2502296032153201,1,0.5,0,0,0,0.0,False,,,,,,,,,,,
2016-10-12 16:30:00,2016.10.12,16:30,1253.25,1253.438,1252.349,1252.358,0.19123,1252.9228107495474,1253.0484513335698,1253.5435289938655,1254.403460670397,0,1254.2964009349332,0.8104459064126635,0.06471359678403966,0.8507626019253329,0.9526111098190846,0,0.25040763104479447,1,0.5,0,0,0,0.0,True,1253.438,1252.349,1630,2016-10-12_1630,2016-10-12 16:30:00,,,,,,
2016-10-12 16:35:00,2016.10.12,16:35,1252.378,1253.379,1252.378,1252.9,0.23429,1252.918248599638,1253.0349557577908,1253.5182925627337,1254.3885008627315,0,1254.2964009349332,0.8385197855576362,0.06692631379660277,0.8830276506099317,0.949596295176541,0,0.2502993056109799,1,0.5,0,0,0,0.0,True,1253.438,1252.349,1630,2016-10-12_1630,2016-10-12 16:30:00,,,,,,
2016-10-12 16:40:00,2016.10.12,16:40,1252.899,1252.948,1252.448,1252.618,0.13005,1252.8581988797105,1252.9970506889006,1253.4829869720384,1254.3708839387243,0,1254.2964009349332,0.7933838141499514,0.06333804992024315,0.8423673737553315,0.941850122486335,0,0.2503556551159226,1,0.5,0,0,0,0.0,True,1253.438,1252.349,1630,2016-10-12_1630,2016-10-12 16:30:00,,,,,,
2016-10-12 16:45:00,2016.10.12,16:45,1252.628,1252.719,1251.301,1251.59,0.26756,1252.6045591037685,1252.8691369899095,1253.4087521888212,1254.343213451772,0,1254.2964009349332,0.8766659722633072,0.07004418158209216,0.9431822267081809,0.9294767728214903,0,0.2123698655310367,1,0.5,0,0,0,0.0,False,,,,,,2016-10-12 16:45:00,2016-10-12 19:30:00,2016-10-12_1630,1630,1253.438,1252.349
2016-10-12 16:50:00,2016.10.12,16:50,1251.589,1252.192,1251.519,1251.992,0.25011,1252.4820472830147,1252.789397263554,1253.3531932794558,1254.319818293048,0,1254.2964009349332,0.8495105092948665,0.06785271066387537,0.9270962225686388,0.9163132031119584,0,0.21230167604904038,1,0.5,0,0,0,0.0,False,,,,,,2016-10-12 16:45:00,2016-10-12 19:30:00,2016-10-12_1630,1630,1253.438,1252.349
2016-10-12 16:55:00,2016.10.12,16:55,1251.992,1252.119,1251.742,1251.898,0.19111,1252.3652378264119,1252.7083611486855,1253.29612687634,1254.2957205985897,0,1254.2964009349332,0.7865091080555446,0.06282533465630144,0.8730601184356164,0.9008647760303641,0,0.21231761693044499,1,0.5,0,0,0,0.0,False,,,,,,2016-10-12 16:45:00,2016-10-12 19:30:00,2016-10-12_1630,1630,1253.438,1252.349
2016-10-12 17:00:00,2016.10.12,17:00,1251.891,1252.298,1251.548,1251.598,0.21299,1252.2117902611296,1252.6074192260778,1253.2295336655031,1254.268877607559,0,1254.275949184337,0.781641226981472,0.062451460211783015,0.8817264628361138,0.8864894725596496,0,0.2003039314540341,1,0.5,0,0,0,0.0,False,,,,,,2016-10-12 16:45:00,2016-10-12 19:30:00,2016-10-12_1630,1630,1253.438,1252.349
2016-10-12 17:05:00,2016.10.12,17:05,1251.608,1253.128,1251.592,1252.829,0.30857,1252.3352322089038,1252.627562932798,1253.2138264629343,1254.2545504671853,0,1254.275949184337,0.8822223967172532,0.07041842076749925,1.0041257272588315,0.8785975428850301,0,0.20010711757151708,1,0.5,0,0,0,0.0,False,,,,,,2016-10-12 16:45:00,2016-10-12 19:30:00,2016-10-12_1630,1630,1253.438,1252.349
2016-10-12 17:10:00,2016.10.12,17:10,1252.819,1253.498,1252.291,1253.038,0.2702699999999999,1252.4757857671232,1252.6648753934526,1253.206931307525,1254.2424454874124,0,1254.275949184337,0.9255260771549672,0.07386257058085766,1.0633367894419548,0.8703978705003601,0,0.20007374078041223,1,0.5,0,0,0,0.0,False,,,,,,2016-10-12 16:45:00,2016-10-12 19:30:00,2016-10-12_1630,1630,1253.438,1252.349
2016-10-12 17:15:00,2016.10.12,17:15,1253.018,1253.059,1252.099,1252.219,0.22825,1252.4244286136986,1252.624341266775,1253.1681889033084,1254.222311701468,0,1254.275949184337,0.9301226002009765,0.07427794979959389,1.0774975156708217,0.8632248211003126,0,0.200204596799766,1,0.5,0,0,0,0.0,False,,,,,,2016-10-12 16:45:00,2016-10-12 19:30:00,2016-10-12_1630,1630,1253.438,1252.349
2016-10-12 17:20:00,2016.10.12,17:20,1252.218,1252.829,1252.008,1252.518,0.27341,1252.4431428909588,1252.6146738788862,1253.1426912992572,1254.2053533760804,0,1254.275949184337,0.915572920174168,0.07309858382667299,1.0716541558605992,0.8543548449536044,0,0.20015680413375792,1,0.5,0,0,0,0.0,False,,,,,,2016-10-12 16:45:00,2016-10-12 19:30:00,2016-10-12_1630,1630,1253.438,1252.349
2016-10-12 17:25:00,2016.10.12,17:25,1252.498,1252.528,1251.988,1252.388,0.33174,1252.432114312767,1252.5940671626238,1253.1130955620315,1254.1872702579105,0,1254.275949184337,0.8654965308176075,0.06910769911701545,1.0218205691008675,0.8470141989597895,0,0.20017758074974065,1,0.5,0,0,0,0.0,False,,,,,,2016-10-12 16:45:00,2016-10-12 19:30:00,2016-10-12_1630,1630,1253.438,1252.349
2016-10-12 17:30:00,2016.10.12,17:30,1252.408,1252.609,1251.968,1252.068,0.15546,1252.3592914502137,1252.5462428751125,1253.072111422344,1254.1661829916627,0,1254.275949184337,0.8355636600419063,0.06673468693728346,0.9922628249805423,0.8420789724318164,0,0.20022874156995163,1,0.5,0,0,0,0.0,False,,,,,,2016-10-12 16:45:00,2016-10-12 19:30:00,2016-10-12_1630,1630,1253.438,1252.349
2016-10-12 17:35:00,2016.10.12,17:35,1252.078,1252.278,1251.618,1251.828,0.18545,1252.253033160171,1252.480948068284,1253.023322739115,1254.142917489258,0,1254.275949184337,0.8121551720363298,0.06487753685301255,0.9678248549036819,0.8391551094409078,0,0.20026712935004345,1,0.5,0,0,0,0.0,False,,,,,,2016-10-12 16:45:00,2016-10-12 19:30:00,2016-10-12_1630,1630,1253.438,1252.349
2016-10-12 17:40:00,2016.10.12,17:40,1251.83,1252.068,1251.099,1251.949,0.2295299999999999,1252.1922265281369,1252.4325891529854,1252.9811924356202,1254.1210874644892,0,1254.275949184337,0.8330678157648259,0.06654167348388998,0.9949679037184981,0.8372810948487863,0,0.2163826162247871,1,0.5,0,0,0,0.0,False,,,,,,2016-10-12 16:45:00,2016-10-12 19:30:00,2016-10-12_1630,1630,1253.438,1252.349
2016-10-12 17:45:00,2016.10.12,17:45,1251.959,1252.31,1251.869,1252.262,0.13519,1252.2061812225097,1252.4170810481687,1252.952988810694,1254.102589081758,0,1254.275949184337,0.7807921069961865,0.06235053902427659,0.9352480602108773,0.8348502822022807,0,0.21632853188869902,1,0.5,0,0,0,0.0,False,,,,,,2016-10-12 16:45:00,2016-10-12 19:30:00,2016-10-12_1630,1630,1253.438,1252.349
2016-10-12 17:50:00,2016.10.12,17:50,1252.248,1252.501,1251.998,1252.312,0.08729,1252.2273449780077,1252.407528225608,1252.9278519945885,1254.0847722749745,0,1254.275949184337,0.7437531593966855,0.05939040426001552,0.894984425434015,0.8310235779086421,0,0.21631989472272567,1,0.5,0,0,0,0.0,False,,,,,,2016-10-12 16:45:00,2016-10-12 19:30:00,2016-10-12_1630,1630,1253.438,1252.349
2016-10-12 17:55:00,2016.10.12,17:55,1252.312,1252.46,1252.192,1252.241,0.0832999999999999,1252.2300759824063,1252.3923892960072,1252.9009166222518,1254.0664262821888,0,1254.275949184337,0.6803194048104646,0.05432815287236759,0.8246024937921752,0.825027100854155,0,0.19157654157627124,1,0.5,0,0,0,0.0,False,,,,,,2016-10-12 16:45:00,2016-10-12 19:30:00,2016-10-12_1630,1630,1253.438,1252.349
2016-10-12 18:00:00,2016.10.12,18:00,1252.342,1254.76,1251.288,1252.908,0.4751399999999999,1252.3656607859252,1252.43926299637,1252.9011944017714,1254.0548996525151,0,1254.2766661078758,1.0525434841690666,0.084008042423631,1.255913337389451,0.8380701540736002,0,0.2922002253956443,1,0.5,0,0,0,0.0,False,,,,,,2016-10-12 16:45:00,2016-10-12 19:30:00,2016-10-12_1630,1630,1253.438,1252.349
2016-10-12 18:05:00,2016.10.12,18:05,1252.899,1253.908,1250.729,1253.768,0.47678,1252.6461286287404,1252.5600572694273,1252.9351867781725,1254.0520449296048,0,1254.2766661078758,1.3360710196131724,0.10656445367988115,1.541927369051503,0.8664941335304526,0,0.32151083773074035,0,0.0,1,0,0,0.3333333333333333,False,,,,,,2016-10-12 16:45:00,2016-10-12 19:30:00,2016-10-12_1630,1630,1253.438,1252.349
2016-10-12 18:10:00,2016.10.12,18:10,1253.769,1255.918,1253.458,1255.449,0.49616,1253.2067029029924,1252.822688426752,1253.0337676888325,1254.0659449800567,1,1254.2766661078758,1.4859282169980574,0.11835830981569599,1.6505394015061874,0.9002682490597224,0,0.4133182630277973,0,0.0,1,0,1,0.6666666666666666,False,,,,,,2016-10-12 16:45:00,2016-10-12 19:30:00,2016-10-12_1630,1630,1253.438,1252.349
2016-10-12 18:15:00,2016.10.12,18:15,1255.449,1257.1,1254.919,1256.75,0.4044,1253.915362322394,1253.1797167515927,1253.1795022892704,1254.0926519951804,1,1254.2766661078758,1.578604454731625,0.12561006204349512,1.6842534953015629,0.9372724825184218,0,0.506942510443594,0,0.0,1,1,1,1.0,False,,,,,,2016-10-12 16:45:00,2016-10-12 19:30:00,2016-10-12_1630,1630,1253.438,1252.349
2016-10-12 18:20:00,2016.10.12,18:20,1256.779,1256.99,1254.832,1255.991,0.27716,1254.3304898579152,1253.4352879559933,1253.289757101456,1254.1115410300542,1,1254.2766661078758,1.6558571941007285,0.13183670855131355,1.6889674562066779,0.9803961515159605,0,0.507248857674925,0,0.0,1,1,1,1.0,False,,,,,,2016-10-12 16:45:00,2016-10-12 19:30:00,2016-10-12_1630,1630,1253.438,1252.349
2016-10-12 18:25:00,2016.10.12,18:25,1255.982,1256.161,1254.029,1254.388,0.33259,1254.3419918863322,1253.521898141812,1253.3328254504183,1254.114291865576,1,1254.2766661078758,1.719342901553973,0.13706627467370328,1.6814596197174567,1.0225299979804938,0,0.5078970780970375,0,0.0,1,1,1,1.0,False,,,,,,2016-10-12 16:45:00,2016-10-12 19:30:00,2016-10-12_1630,1630,1253.438,1252.349
2016-10-12 18:30:00,2016.10.12,18:30,1254.398,1256.049,1254.11,1255.648,0.31646,1254.6031935090657,1253.7151801289199,1253.4236166092255,1254.1295526430329,1,1254.2766661078758,1.7486305146801204,0.13926120335317865,1.6380828578053146,1.0674859982497567,0,0.5073874206783962,0,0.0,1,1,1,1.0,False,,,,,,2016-10-12 16:45:00,2016-10-12 19:30:00,2016-10-12_1630,1630,1253.438,1252.349
2016-10-12 18:35:00,2016.10.12,18:35,1255.638,1255.838,1254.698,1255.128,0.2883799999999999,1254.7081548072526,1253.843618299018,1253.4904551735694,1254.1394874426046,1,1254.2766661078758,1.6674797793894207,0.13285336470777648,1.5001601224790149,1.1115345318164505,0,0.5075976314766197,0,0.0,1,1,1,1.0,False,,,,,,2016-10-12 16:45:00,2016-10-12 19:30:00,2016-10-12_1630,1630,1253.438,1252.349
2016-10-12 18:40:00,2016.10.12,18:40,1255.109,1255.148,1254.189,1254.829,0.20724,1254.732323845802,1253.9331984536527,1253.5429471275472,1254.1463482640713,1,1254.2766661078758,1.5730158088041424,0.12535698559757086,1.3665288443053343,1.151103260907584,0,0.5077185815756464,0,0.0,1,1,1,1.0,False,,,,,,2016-10-12 16:45:00,2016-10-12 19:30:00,2016-10-12_1630,1630,1253.438,1252.349
2016-10-12 18:45:00,2016.10.12,18:45,1254.818,1255.479,1254.811,1255.359,0.15983,1254.8576590766418,1254.0628167760478,1253.6141648872513,1254.1584144504984,1,1254.2766661078758,1.4523470342969393,0.1156917689917338,1.2312100260113106,1.1796094927865681,0,0.507504227874247,0,0.0,1,1,1,1.0,False,,,,,,2016-10-12 16:45:00,2016-10-12 19:30:00,2016-10-12_1630,1630,1253.438,1252.349
2016-10-12 18:50:00,2016.10.12,18:50,1255.379,1255.569,1254.768,1255.169,0.18747,1254.9199272613137,1254.1633788873162,1253.6751388132416,1254.1684700281055,1,1254.2766661078758,1.3655007630573381,0.10879019184327672,1.1363943191148858,1.2016082270816866,0,0.5075810508385618,0,0.0,1,1,1,1.0,False,,,,,,2016-10-12 16:45:00,2016-10-12 19:30:00,2016-10-12_1630,1630,1253.438,1252.349
2016-10-12 18:55:00,2016.10.12,18:55,1255.142,1255.189,1254.241,1254.348,0.20085,1254.805541809051,1254.180162624833,1253.7015255264478,1254.170256395985,1,1254.2766661078758,1.3098339946497053,0.10442349289429291,1.0731121181176237,1.2205937968041234,0,0.5079132744660865,0,0.0,1,1,1,1.0,False,,,,,,2016-10-12 16:45:00,2016-10-12 19:30:00,2016-10-12_1630,1630,1253.438,1252.349
2016-10-12 19:00:00,2016.10.12,19:00,1254.341,1255.191,1254.299,1254.999,0.21159,1254.8442334472409,1254.2546023862117,1253.7524068783518,1254.1785026010002,1,1254.2856445545635,1.2541227953630851,0.09993018284182578,1.0134151266132607,1.237521290563569,0,0.5076498068922658,0,0.0,1,1,1,1.0,False,,,,,,2016-10-12 16:45:00,2016-10-12 19:30:00,2016-10-12_1630,1630,1253.438,1252.349
2016-10-12 19:05:00,2016.10.12,19:05,1254.992,1255.542,1254.868,1255.192,0.1864299999999999,1254.9137867577929,1254.3398203511015,1253.8088615105733,1254.188587152234,1,1254.2856445545635,1.1767730893146708,0.09375243702275594,0.939100681950636,1.2530851184884222,0,0.5075717499792755,0,0.0,1,1,1,1.0,False,,,,,,2016-10-12 16:45:00,2016-10-12 19:30:00,2016-10-12_1630,1630,1253.438,1252.349
2016-10-12 19:10:00,2016.10.12,19:10,1255.192,1255.542,1255.148,1255.298,0.1517099999999999,1254.9906294062343,1254.4269275919103,1253.8672590983938,1254.1996260860428,1,1254.2856445545635,1.0724033440727154,0.08543018024984629,0.8477985346287299,1.264927102689963,0,0.5075288895545016,0,0.0,1,1,1,1.0,False,,,,,,2016-10-12 16:45:00,2016-10-12 19:30:00,2016-10-12_1630,1630,1253.438,1252.349
2016-10-12 19:15:00,2016.10.12,19:15,1255.299,1255.568,1254.538,1254.541,0.18687,1254.9007035249876,1254.4372978108274,1253.8936803102215,1254.2030228414058,1,1254.2856445545635,1.0667495648630165,0.08503106433851237,0.8349265203441365,1.2776568223312972,0,0.5078351365160539,0,0.0,1,1,1,1.0,False,,,,,,2016-10-12 16:45:00,2016-10-12 19:30:00,2016-10-12_1630,1630,1253.438,1252.349
2016-10-12 19:20:00,2016.10.12,19:20,1254.541,1255.408,1254.339,1254.841,0.18098,1254.8887628199902,1254.473998009843,1253.9308301019776,1254.2093708728346,1,1254.2856445545635,1.0670496228812758,0.08503464764709441,0.8275834565007425,1.2893559126871195,0,0.5077137262808489,0,0.0,1,1,1,1.0,False,,,,,,2016-10-12 16:45:00,2016-10-12 19:30:00,2016-10-12_1630,1630,1253.438,1252.349
2016-10-12 19:25:00,2016.10.12,19:25,1254.848,1255.058,1254.468,1254.848,0.12663,1254.8806102559922,1254.5079981907663,1253.9667975489588,1254.215725391513,1,1254.2856445545635,1.0034430064970947,0.07996530308827003,0.7715893213700207,1.300488457662165,0,0.5077108940684344,0,0.0,1,1,1,1.0,False,,,,,,2016-10-12 16:45:00,2016-10-12 19:30:00,2016-10-12_1630,1630,1253.438,1252.349
2016-10-12 19:30:00,2016.10.12,19:30,1254.868,1254.978,1254.648,1254.842,0.16333,1254.8728882047938,1254.5383619916058,1254.0011192137054,1254.2219569796573,1,1254.2856445545635,0.913650605630836,0.07281001158957351,0.6979849053150834,1.3089833299738725,1,0.5077133216771408,0,0.5,1,1,1,1.0,False,,,,,,,,,,,
2016-10-12 19:35:00,2016.10.12,19:35,1254.842,1255.169,1254.742,1255.159,0.12544,1254.9301105638351,1254.5947836287326,1254.046526303364,1254.2312807908052,1,1254.2856445545635,0.8487638582134092,0.06762201906000827,0.6442692278850265,1.3174055526440196,1,0.5075850947967442,0,0.5,1,1,1,1.0,False,,,,,,,,,,,
2016-10-12 19:40:00,2016.10.12,19:40,1255.242,1255.369,1254.842,1254.891,0.13813,1254.9222884510682,1254.6217123897568,1254.0796429189184,1254.237845161046,1,1254.2856445545635,0.8058620104515968,0.06421768985924649,0.6174849603601221,1.3050714789581461,1,0.5076934968853762,0,0.5,1,1,1,1.0,False,,,,,,,,,,,
2016-10-12 19:45:00,2016.10.12,19:45,1254.891,1254.959,1254.448,1254.568,0.1756199999999999,1254.8514307608546,1254.6168294452334,1254.098794177,1254.2411302838216,1,1254.2856445545635,0.7665470757247128,0.061100480462176046,0.6004620937229722,1.2765952817637232,1,0.2902991308561852,0,0.5,1,1,1,1.0,False,,,,,,,,,,,
2016-10-12 19:50:00,2016.10.12,19:50,1254.559,1254.778,1254.469,1254.648,0.13643,1254.8107446086838,1254.6196631320304,1254.1203316602548,1254.245178738709,1,1254.2856445545635,0.7055407989614138,0.05623416280593551,0.5700990078823129,1.237575910861891,1,0.24476984779794117,1,1.0,1,1,1,1.0,False,,,,,,,,,,,
2016-10-12 19:55:00,2016.10.12,19:55,1254.659,1255.48,1254.628,1255.179,0.26354,1254.884395686947,1254.6705119382093,1254.161848065735,1254.2544704925526,1,1254.2856445545635,0.7250686924332372,0.05776615864615622,0.6068032678493945,1.1948991227469716,1,0.23590260831323762,1,1.0,1,1,1,1.0,False,,,,,,,,,,,
2016-10-12 20:00:00,2016.10.12,20:00,1255.138,1255.28,1254.888,1254.939,0.15342,1254.8953165495577,1254.6949199438266,1254.192324612177,1254.2612817314327,1,1254.2920461012845,0.680659533442146,0.0542384556892523,0.5938715906908204,1.1461392397140426,1,0.16988873562779241,1,1.0,1,1,1,1.0,False,,,,,,,,,,,
2016-10-12 20:05:00,2016.10.12,20:05,1254.928,1254.928,1254.559,1254.679,0.09471,1254.8520532396462,1254.6934726762058,1254.2114099215034,1254.2654381321152,1,1254.2920461012845,0.6405715956498744,0.0510546199984119,0.5864962462056014,1.0922006744188375,1,0.15454152018166226,1,1.0,1,1,1,1.0,False,,,,,,,,,,,
2016-10-12 20:10:00,2016.10.12,20:10,1254.678,1254.879,1254.468,1254.508,0.0969,1254.7832425917172,1254.6766115238233,1254.223040904974,1254.2678516830395,1,1254.2920461012845,0.609962049563202,0.04862161497281819,0.5891831784285526,1.0352672511629915,1,0.1314459533139595,1,1.0,1,1,1,1.0,False,,,,,,,,,,,
2016-10-12 20:15:00,2016.10.12,20:15,1254.498,1254.598,1254.199,1254.39,0.11097,1254.7045940733738,1254.6505559307484,1254.2295883204652,1254.2690670891784,1,1254.2920461012845,0.5818337762880933,0.04638380218975703,0.5931118267311652,0.9809849510079254,1,0.11001363212397115,1,1.0,1,1,1,1.0,False,,,,,,,,,,,
2016-10-12 20:20:00,2016.10.12,20:20,1254.389,1254.649,1254.329,1254.358,0.1193999999999999,1254.635275258699,1254.623959937044,1254.2346240726038,1254.2699519937637,1,1254.2920461012845,0.546922606116339,0.04360179519055477,0.5882910625140243,0.929680290873535,1,0.10921921811794487,1,1.0,1,1,1,1.0,False,,,,,,,,,,,
2016-10-12 20:25:00,2016.10.12,20:25,1254.349,1254.58,1254.329,1254.469,0.11637,1254.6020202069592,1254.60987267004,1254.243815285443,1254.2719325709402,1,1254.2920461012845,0.5074662586341574,0.04045267428961237,0.5750741285073281,0.8824362520903961,1,0.10920955400252144,1,1.0,0,1,1,0.6666666666666666,False,,,,,,,,,,,
2016-10-12 20:30:00,2016.10.12,20:30,1254.469,1254.67,1254.231,1254.659,0.05622,1254.6134161655675,1254.6143387909453,1254.260097038955,1254.2757839881447,1,1254.2920461012845,0.4983374241496135,0.03971895344867518,0.5939106657320108,0.8390780851450097,1,0.10911331286030024,1,1.0,0,1,1,0.6666666666666666,False,,,,,,,,,,,
2016-10-12 20:35:00,2016.10.12,20:35,1254.66,1254.66,1254.389,1254.531,0.04179,1254.596932932454,1254.606762537223,1254.2707206844864,1254.2783234509493,1,1254.2920461012845,0.46802576759635645,0.0373068316045085,0.5872434204274809,0.7969876737923423,1,0.10912444570918652,1,1.0,0,1,1,0.6666666666666666,False,,,,,,,,,,,
2016-10-12 20:40:00,2016.10.12,20:40,1254.531,1254.61,1254.409,1254.49,0.04371,1254.5755463459632,1254.5961477611118,1254.2793198733302,1254.2804296852682,1,1254.2920461012845,0.43242233191681484,0.03446997041959799,0.5720608752491086,0.7559026506200288,1,0.10912801218024173,1,1.0,0,1,1,0.6666666666666666,False,,,,,,,,,,,
2016-10-12 20:45:00,2016.10.12,20:45,1254.49,1254.67,1254.28,1254.628,0.0464,1254.5860370767705,1254.5990434191924,1254.2929936037879,1254.2838880963602,1,1254.2920461012845,0.42676602099458616,0.034015343272634294,0.5940487978052577,0.7184022972040245,1,0.1091160088886837,1,1.0,0,1,1,0.6666666666666666,False,,,,,,,,,,,
2016-10-12 20:50:00,2016.10.12,20:50,1254.628,1255.24,1254.431,1255.229,0.0528899999999999,1254.7146296614164,1254.6563121992658,1254.3296997369728,1254.293292194904,1,1254.2920461012845,0.47773055152863725,0.03805923473156191,0.6937016027556716,0.6886686575768206,1,0.10906376446050199,1,1.0,1,1,1,1.0,False,,,,,,,,,,,
2016-10-12 20:55:00,2016.10.12,20:55,1255.282,1255.421,1254.929,1254.929,0.02103,1254.757503729133,1254.6811019993324,1254.353201708072,1254.2996176457011,1,1254.2920461012845,0.4796331446581472,0.038219942694618356,0.7274743006004161,0.6593128365665772,0,0.10207748804912063,1,0.5,1,1,1,1.0,False,,,,,,,,,,,
