WindowID,WindowType,EntryType,Type,EntryTime,ExitTime,EntryPrice,ExitPrice,SL,TP,Risk,P&L,R_Multiple,Status,BreakoutDistance,BreakoutBodyPct,BreakoutAtrMultiple,RangeWidth,RangeMid,EntryOffset,RangeAtrRatio,PriceAboveEMA200_5M,ATR_Value,EMA_9_5M,EMA_21_5M,EMA_50_5M,EMA_200_5M,EMA_200_1H,ATR,ATR_Pct,ATR_Ratio,Consolidation_Score,Trend_Score,Is_Consolidating,Is_Tight_Range,Price_Above_EMA200_5M,Price_Above_EMA200_1H,ActiveWindowType,RangeHigh,RangeLow,Mode,Market
2025-06-30_1630,1630,PULLBACK,SELL,2025-06-30 16:50:00,2025-06-30 22:20:00,22590.15,22656.03,22656.03,22458.390000000007,65.87999999999738,-65.87999999999738,-1.0,SL_HIT,9.0,0.44937499999991815,0.10821334793847252,65.87999999999738,22623.09,-32.93999999999869,0.7921217069095874,0,83.16903756750213,22712.26740992687,23294.151061415323,24159.821407896958,25028.77161024585,22649.125721393037,75.4638325585015,0.3340655275187288,,0.0,0.0,0,0,0,0,1630,22656.03,22590.15,pullback_only,UT100
2025-07-01_0300,0300,PULLBACK,BUY,2025-07-01 03:40:00,2025-07-01 05:50:00,22686.78,22670.4,22670.4,22719.539999999994,16.37999999999738,-16.37999999999738,-1.0,SL_HIT,0.25,0.6129999999997381,0.027679187282021855,16.37999999999738,22678.59,8.18999999999869,1.8135403507177819,0,9.03205709953701,22681.475068372547,22673.356841307803,22675.653790696677,23377.839173977853,22648.52179660529,8.710449486265757,0.03839206584170925,0.940750410903593,0.5,0.6666666666666666,0,1,0,1,0300,22686.78,22670.4,pullback_only,UT100
2025-07-01_1000,1000,PULLBACK,SELL,2025-07-01 10:20:00,2025-07-01 15:15:00,22630.03,22581.03,22654.53,22581.03,24.5,49.0,2.0,TP_HIT,1.25,0.1836734693877551,0.1091054851872663,24.5,22642.28,-12.25,2.1384675096704195,0,11.456802541636902,22632.029194998428,22633.5741846702,22643.575611349803,22979.7179457092,22648.788072857067,11.32922886941865,0.05007110700220562,1.2624326657024894,0.0,0.0,0,0,0,0,1000,22654.53,22630.03,pullback_only,UT100
2025-07-01_1630,1630,PULLBACK,BUY,2025-07-01 16:55:00,2025-07-01 17:20:00,22610.03,22569.28,22569.28,22691.53,40.75,-40.75,-1.0,SL_HIT,3.3700000000026193,0.27631578947368424,0.15970509681331008,40.75,22589.655,20.375,1.9311521350555867,0,21.101392925123967,22598.380357335307,22596.757673418768,22604.35153475892,22778.072758367078,22646.71032625227,21.103873868441124,0.0933824520493514,1.2916019993459922,0.0,0.3333333333333333,0,0,0,0,1630,22610.03,22569.28,pullback_only,UT100
2025-07-02_0300,0300,PULLBACK,SELL,2025-07-02 04:35:00,2025-07-02 05:05:00,22496.15,22471.890000000007,22508.28,22471.890000000007,12.12999999999738,24.25999999999476,2.0,TP_HIT,1.1200000000026193,0.6479663394115451,0.167883480008683,12.12999999999738,22502.215,-6.06499999999869,1.8182380468751094,0,6.671293685029,22500.327021764828,22501.274667429545,22500.56155088912,22576.149427882166,22630.361822583072,6.3151211936918,0.028069351051243918,0.9129033343107904,0.5,0.3333333333333333,0,1,0,0,0300,22508.28,22496.15,pullback_only,UT100
2025-07-02_1630,1630,PULLBACK,BUY,2025-07-02 16:50:00,2025-07-02 17:45:00,22496.03,22605.789999999994,22441.15,22605.789999999994,54.87999999999738,109.75999999999476,2.0,TP_HIT,3.8700000000026193,0.48119402985082443,0.14275543128681284,54.87999999999738,22468.59,27.43999999999869,2.024397433853905,0,27.109301307263916,22473.74423952063,22456.832465947315,22463.89188702488,22511.985295151913,22616.311820917177,26.510727799629077,0.11774617446310184,1.1139100101802348,0.0,0.3333333333333333,0,0,1,0,1630,22496.03,22441.15,pullback_only,UT100
2025-07-03_0300,0300,PULLBACK,BUY,2025-07-03 04:35:00,2025-07-03 05:10:00,22646.53,22631.28,22631.28,22677.03,15.25,-15.25,-1.0,SL_HIT,5.25,0.8,0.7908121203707499,15.25,22638.905,7.625,2.29712092107694,1,6.638744987290643,22646.398994759715,22643.292496988986,22637.2149733691,22595.63059397989,22617.71260816061,6.917132662837441,0.03054272306241529,1.1144917855882015,0.0,1.0,0,0,1,1,0300,22646.53,22631.28,pullback_only,UT100
2025-07-03_1000,1000,PULLBACK,BUY,2025-07-03 10:45:00,2025-07-03 11:40:00,22687.65,22670.53,22670.53,22721.890000000007,17.12000000000262,-17.12000000000262,-1.0,SL_HIT,5.379999999997381,0.8333333333333334,0.5795897210459189,17.12000000000262,22679.09,8.56000000000131,1.8443449859316876,1,9.282428249915672,22684.494307743087,22677.74759066161,22667.694712784338,22630.23883513639,22620.321703866462,8.837023885492565,0.03895209960590722,1.0609323358840086,0.0,1.0,0,0,1,1,1000,22687.65,22670.53,pullback_only,UT100
2025-07-04_0300,0300,PULLBACK,BUY,2025-07-04 04:15:00,2025-07-04 05:10:00,22839.65,22821.65,22821.65,22875.65,18.0,-18.0,-1.0,SL_HIT,1.1299999999973807,0.4364754098357631,0.16359958783030668,18.0,22830.65,9.0,2.606011133586147,1,6.907107866124154,22836.72825535095,22837.04877133758,22837.332604733776,22762.549271454212,22641.505165552102,7.203493483973918,0.031531138242833615,0.9321494430381645,0.5,0.3333333333333333,0,1,1,1,0300,22839.65,22821.65,pullback_only,UT100
2025-07-04_1000,1000,PULLBACK,SELL,2025-07-04 10:25:00,2025-07-04 12:00:00,22776.53,22719.789999999994,22804.9,22719.789999999994,28.37000000000262,56.74000000000524,2.0,TP_HIT,16.5,0.7142294048088589,1.2850525153789771,28.37000000000262,22790.715,-14.18500000000131,2.2095115067457543,0,12.839942183323112,22780.67429948807,22790.637578761794,22801.656319861937,22785.998292738648,22650.613425246065,13.628223239917899,0.05985421091683704,1.4739645144282623,0.0,0.3333333333333333,0,0,0,1,1000,22804.9,22776.53,pullback_only,UT100
2025-07-04_1630,1630,PULLBACK,BUY,2025-07-04 16:55:00,2025-07-07 01:00:00,22725.78,22806.539999999994,22685.4,22806.539999999994,40.37999999999738,80.75999999999476,2.0,TP_HIT,1.0,0.7185454545452641,0.06641002100269779,40.37999999999738,22705.59,20.18999999999869,2.681636648088763,0,15.05796843460382,22716.850914257386,22717.214197119516,22724.381796387977,22753.865088584207,22654.73932422206,17.167572643322963,0.07556266334790793,1.461596139081083,0.0,0.3333333333333333,0,0,0,1,1630,22725.78,22685.4,pullback_only,UT100
2025-07-07_1000,1000,PULLBACK,SELL,2025-07-07 12:35:00,2025-07-07 12:50:00,22729.9,22748.9,22748.9,22691.9,19.0,-19.0,-1.0,SL_HIT,9.37000000000262,0.5144444444441534,0.853465651737202,19.0,22739.4,-9.5,1.7306133813236184,0,10.97876637557737,22725.862344425608,22726.862493395754,22733.43085074619,22746.64737666248,22668.702220844963,9.612306949840791,0.042269958636572603,0.8384253629026585,0.0,0.3333333333333333,0,0,0,1,1000,22748.9,22729.9,pullback_only,UT100
2025-07-07_1630,1630,PULLBACK,SELL,2025-07-07 18:00:00,2025-07-08 10:55:00,22701.9,22776.15,22776.15,22553.4,74.25,-74.25,-1.0,SL_HIT,3.2700000000004366,0.5393436140766685,0.1307946165025338,74.25,22739.025,-37.125,2.9698777600342012,0,25.001028998292824,22718.109262495098,22730.51037720503,22743.45062315307,22750.308351022817,22673.143447692863,25.194225131853393,0.11097169234878908,1.024795422269873,0.0,0.3333333333333333,0,0,0,1,1630,22776.15,22701.9,pullback_only,UT100
2025-07-08_1000,1000,PULLBACK,BUY,2025-07-08 11:05:00,2025-07-08 12:50:00,22752.15,22728.65,22728.65,22799.15,23.5,-23.5,-1.0,SL_HIT,2.6299999999973807,0.8009075439594281,0.2223861605713518,23.5,22740.4,11.75,1.9871006743087347,1,11.826275489627667,22755.270403339528,22748.419708251204,22738.036144851834,22717.64972235561,22678.1271192504,11.316105424343979,0.049724402231091425,1.1189524000431639,0.0,1.0,0,0,1,1,1000,22752.15,22728.65,pullback_only,UT100
2025-07-08_1630,1630,PULLBACK,SELL,2025-07-08 17:00:00,2025-07-08 19:20:00,22695.15,22748.9,22748.9,22587.65,53.75,-53.75,-1.0,SL_HIT,8.12000000000262,0.8511904761904762,0.3501138708481072,53.75,22722.025,-26.875,2.317564108137893,0,23.192454444415276,22713.54095353349,22726.16226533186,22735.04724335346,22728.763038611512,22680.890725945334,23.466793851826573,0.10337097918874444,1.62467845507857,0.0,0.3333333333333333,0,0,0,1,1630,22748.9,22695.15,pullback_only,UT100
2025-07-09_0300,0300,PULLBACK,SELL,2025-07-09 03:35:00,2025-07-09 05:00:00,22677.65,22706.15,22706.15,22620.65,28.5,-28.5,-1.0,SL_HIT,4.75,0.7948717948717948,0.5127614208372301,28.5,22691.9,-14.25,3.0765685250233807,0,9.263567435015416,22686.291864762963,22697.314785434864,22705.59664992757,22714.789803574502,22684.925044773692,9.579091777013012,0.04223626409521174,0.9512997871573481,0.5,0.0,0,1,0,0,0300,22706.15,22677.65,pullback_only,UT100
2025-07-09_1630,1630,PULLBACK,BUY,2025-07-09 17:25:00,2025-07-09 17:35:00,22871.53,22785.53,22785.53,23043.53,86.0,-86.0,-1.0,SL_HIT,20.87000000000262,0.937984496124031,1.0139672175819197,86.0,22828.53,43.0,4.178302861142029,1,20.582519472150988,22870.854330729653,22839.83330433136,22793.965769330654,22735.39401750944,22690.34157564043,23.36399577953747,0.10223086738967527,1.419035676785284,0.0,1.0,0,0,1,1,1630,22871.53,22785.53,pullback_only,UT100
2025-07-10_0300,0300,PULLBACK,SELL,2025-07-10 03:30:00,2025-07-10 11:20:00,22825.05,22844.3,22844.3,22786.55,19.25,-19.25,-1.0,SL_HIT,2.8699999999989814,0.43453070683656514,0.37514845918268747,19.25,22834.675,-9.625,2.5162396652506263,1,7.650304645397375,22831.783816009513,22840.79089838664,22841.968135276482,22797.57207185579,22701.816444252512,8.079597359344255,0.03539502403233486,1.2282944372741402,0.0,0.3333333333333333,0,0,1,1,0300,22844.3,22825.05,pullback_only,UT100
2025-07-10_1630,1630,PULLBACK,SELL,2025-07-10 18:50:00,2025-07-21 19:35:00,22831.68,22898.8,22898.8,22697.440000000002,67.11999999999898,-67.11999999999898,-1.0,SL_HIT,55.20000000000073,0.5641240569991974,2.218925635024251,67.11999999999898,22865.239999999998,-33.55999999999767,2.6980849388192665,0,24.87690399745976,22809.954192892656,22800.94245805515,22811.231303553624,22818.429351290422,22718.621902214978,18.485551944326705,0.08097941622232645,0.7590702325129774,0.0,0.6666666666666666,0,0,1,1,1630,22898.8,22831.68,pullback_only,UT100
2025-07-22_0300,0300,PULLBACK,BUY,2025-07-22 03:30:00,2025-07-22 03:50:00,23198.78,23188.15,23188.15,23220.039999999994,10.62999999999738,-10.62999999999738,-1.0,SL_HIT,2.8700000000026193,0.6730434782613252,0.5135480648326191,10.62999999999738,23193.465,5.31499999999869,1.9020961425659975,1,5.588571346166089,23196.6023307449,23193.340405947118,23183.589593164856,23041.15455960164,22813.856889848586,5.3860824777866245,0.023216973553860848,1.0396285276603219,0.5,1.0,0,1,1,1,0300,23198.78,23188.15,pullback_only,UT100
2025-07-22_1000,1000,PULLBACK,SELL,2025-07-22 11:05:00,2025-07-22 16:30:00,23152.9,23189.15,23189.15,23080.4,36.25,-36.25,-1.0,SL_HIT,5.620000000002619,0.3722627737226277,0.44013153134831207,36.25,23171.025,-18.125,2.8389266924143906,1,12.768910200062567,23161.91883035982,23164.43516033531,23164.891172964642,23117.58920285137,22840.60935175827,14.82429255026917,0.06402951480488821,1.7328286246131344,0.0,0.3333333333333333,0,0,1,1,1000,23189.15,23152.9,pullback_only,UT100
2025-07-23_0300,0300,PULLBACK,SELL,2025-07-23 03:20:00,2025-07-23 09:40:00,23073.4,23115.28,23115.28,22989.640000000007,41.87999999999738,-41.87999999999738,-1.0,SL_HIT,4.120000000002619,0.6705263157897494,0.2778533411624946,41.87999999999738,23094.34,-20.93999999999869,2.8243927009410554,0,14.827966375229423,23080.85333570436,23074.216202637363,23066.38635573036,23082.55112326203,22874.095261364673,13.684237525198833,0.05931543754648333,1.0832513362804204,0.0,1.0,0,0,0,1,0300,23115.28,23073.4,pullback_only,UT100
2025-07-23_1000,1000,PULLBACK,SELL,2025-07-23 10:30:00,2025-07-23 11:20:00,23109.4,23122.4,23122.4,23083.4,13.0,-13.0,-1.0,SL_HIT,2.75,0.3333333333333333,0.29852095991996047,13.0,23115.9,-6.5,1.411189992348904,1,9.212083468903929,23108.895837566488,23106.94221020674,23100.236217121343,23089.373187976704,22889.416433107643,10.133139006383754,0.043871815381481064,1.4133750899746933,0.0,1.0,0,0,1,1,1000,23122.4,23109.4,pullback_only,UT100
2025-07-23_1630,1630,PULLBACK,SELL,2025-07-23 17:05:00,2025-07-23 18:50:00,23031.9,23111.9,23111.9,22871.9,80.0,-80.0,-1.0,SL_HIT,17.12000000000262,0.7728419989904239,0.5903213894386831,80.0,23071.9,-40.0,2.7585111656009005,0,29.001151417334643,23041.610001796034,23065.02822785633,23085.137662925823,23094.021775179277,22902.763655706844,29.340864842353582,0.12746977283919725,1.7203948328361531,0.0,0.3333333333333333,0,0,0,1,1630,23111.9,23031.9,pullback_only,UT100
2025-07-24_0300,0300,PULLBACK,BUY,2025-07-24 03:40:00,2025-07-24 06:45:00,23251.74,23233.59,23233.59,23288.040000000005,18.150000000001455,-18.150000000001455,-1.0,SL_HIT,0.7299999999995634,0.49336283185826285,0.10662160722945699,18.150000000001455,23242.665,9.075000000000728,2.650934481117749,1,6.846642242304165,23250.438887177585,23246.384177033986,23223.896671819697,23149.32717871562,22926.629097100467,6.7870899433304706,0.029184579563284033,0.8736514993222402,0.5,1.0,0,1,1,1,0300,23251.74,23233.59,pullback_only,UT100
2025-07-24_1000,1000,PULLBACK,BUY,2025-07-24 11:00:00,2025-07-24 11:05:00,23214.49,23204.11,23204.11,23235.250000000004,10.380000000001019,-10.380000000001019,-1.0,SL_HIT,6.5,0.7854077253219152,0.8648976833265462,10.380000000001019,23209.300000000003,5.18999999999869,1.3811750696816045,1,7.515339820312474,23211.299901554055,23214.640564435314,23222.683117520937,23198.218295468305,22950.29281470142,9.446627844270811,0.040711660466247294,1.3215282117343403,0.0,0.3333333333333333,0,0,1,1,1000,23214.49,23204.11,pullback_only,UT100
2025-07-24_1630,1630,PULLBACK,SELL,2025-07-24 17:10:00,2025-07-24 18:50:00,23184.7,23249.08,23249.08,23055.94,64.38000000000102,-64.38000000000102,-1.0,SL_HIT,4.0,0.37784172661873433,0.1412797130751279,64.38000000000102,23216.89,-32.18999999999869,2.2738969819442194,0,28.312628281407477,23194.772246607237,23205.20998233944,23215.5626284341,23211.093035978236,22966.236350501036,29.88827784388662,0.12903763567276613,1.6321777712219951,0.0,0.3333333333333333,0,0,0,1,1630,23249.08,23184.7,pullback_only,UT100
2025-07-25_0300,0300,PULLBACK,BUY,2025-07-25 04:40:00,2025-07-25 07:40:00,23275.53,23256.15,23256.15,23314.289999999994,19.37999999999738,-19.37999999999738,-1.0,SL_HIT,0.8700000000026193,0.6,0.14998036855979338,19.37999999999738,23265.84,9.68999999999869,3.3409420030800594,1,5.8007591817309905,23273.678436507387,23269.432001574176,23262.006287560416,23239.372452787284,22993.01468543137,7.060657957500192,0.03032713728408507,1.0496387547602246,0.0,1.0,0,0,1,1,0300,23275.53,23256.15,pullback_only,UT100
2025-07-25_1000,1000,PULLBACK,SELL,2025-07-25 10:20:00,2025-07-25 16:35:00,23231.53,23196.789999999994,23248.9,23196.789999999994,17.37000000000262,34.74000000000524,2.0,TP_HIT,0.8799999999973807,0.22666666666641722,0.11111028008690252,17.37000000000262,23240.215,-8.68500000000131,2.1931654149040143,0,7.920059235825052,23239.048255059886,23249.105593042004,23259.038023598612,23252.897060178704,23008.348029613888,8.797384671048379,0.03788093355624442,1.669242140957884,0.0,0.3333333333333333,0,0,0,1,1000,23248.9,23231.53,pullback_only,UT100
2025-07-25_1630,1630,PULLBACK,BUY,2025-07-25 16:50:00,2025-07-25 19:30:00,23233.03,23326.53,23186.28,23326.53,46.75,93.5,2.0,TP_HIT,6.120000000002619,0.9891304347826086,0.3197956532065291,46.75,23209.655,23.375,2.442883461993274,1,19.137220717788264,23227.45508313986,23225.70803855528,23227.913184288333,23238.742853695745,23021.373831692596,20.08559128874983,0.08639510235163182,1.8308032635151585,0.0,0.6666666666666666,0,0,1,1,1630,23233.03,23186.28,pullback_only,UT100
2025-07-28_0300,0300,PULLBACK,BUY,2025-07-28 03:25:00,2025-07-28 05:30:00,23392.78,23414.539999999994,23381.9,23414.539999999994,10.87999999999738,21.75999999999476,2.0,TP_HIT,4.870000000002619,0.6020512820515507,0.5095456735581425,10.87999999999738,23387.34,5.43999999999869,1.1383689791187421,1,9.55753380456663,23393.687944538742,23385.00051368354,23358.53207620968,23298.62071773145,23051.623871095166,8.627658724318936,0.03687837402305176,0.80900379324114,0.5,1.0,0,1,1,1,0300,23392.78,23381.9,pullback_only,UT100
2025-07-28_1000,1000,PULLBACK,SELL,2025-07-28 10:50:00,2025-07-28 13:40:00,23400.4,23358.4,23421.4,23358.4,21.0,42.0,2.0,TP_HIT,7.620000000002619,0.8365217391306625,1.0266956465587491,21.0,23410.9,-10.5,2.8294761913026667,1,7.421868423756476,23401.322050924457,23408.80022608881,23411.00509094106,23364.603177632107,23075.97107885841,7.47097252446244,0.03192191269174129,1.1778097468944226,0.0,0.3333333333333333,0,0,1,1,1000,23421.4,23400.4,pullback_only,UT100
2025-07-28_1630,1630,PULLBACK,BUY,2025-07-28 16:55:00,2025-07-28 18:15:00,23361.4,23322.15,23322.15,23439.9,39.25,-39.25,-1.0,SL_HIT,4.25,0.30569758948149817,0.21593124187682497,39.25,23341.775,19.625,1.9941885279212659,0,19.682191252455976,23357.353831870707,23355.479418652558,23362.6540496969,23365.992273790227,23093.241589901056,19.708565752128163,0.08429928446097641,1.7008204082294038,0.0,0.6666666666666666,0,0,1,1,1630,23361.4,23322.15,pullback_only,UT100
2025-07-29_0300,0300,PULLBACK,BUY,2025-07-29 04:55:00,2025-07-29 09:00:00,23390.9,23415.140000000007,23378.78,23415.140000000007,12.12000000000262,24.24000000000524,2.0,TP_HIT,7.0,0.743852459016256,1.4575964571980584,12.12000000000262,23384.84,6.06000000000131,2.5237241516063267,1,4.802426601294105,23396.64625508868,23395.34950898791,23385.80695286948,23366.51271121743,23121.20656262332,4.788707677225366,0.020473723401989552,0.9203641572865408,0.5,1.0,0,1,1,1,0300,23390.9,23378.78,pullback_only,UT100
2025-07-29_1000,1000,PULLBACK,BUY,2025-07-29 10:20:00,2025-07-29 10:40:00,23416.03,23435.289999999994,23406.4,23435.289999999994,9.62999999999738,19.25999999999476,2.0,TP_HIT,0.75,0.3287499999996726,0.12653598142242412,9.62999999999738,23411.215,4.81499999999869,1.6247220014634838,1,5.927167842451242,23413.088614903358,23411.46315073889,23407.323774029326,23385.533990091404,23138.179574146696,5.820878796790728,0.02485919009195114,1.3003740846475398,0.0,1.0,0,0,1,1,1000,23416.03,23406.4,pullback_only,UT100
2025-07-30_0300,0300,PULLBACK,BUY,2025-07-30 05:25:00,2025-07-30 11:30:00,23351.53,23334.28,23334.28,23386.03,17.25,-17.25,-1.0,SL_HIT,4.870000000002619,1.0,0.8751369943969877,17.25,23342.905,8.625,3.0998178959630223,0,5.564843025929087,23350.82813190957,23347.703119918562,23342.94211445068,23362.78167652195,23178.002910978368,4.881982452613464,0.020908716347589017,0.852818984007926,0.0,1.0,0,0,0,1,0300,23351.53,23334.28,pullback_only,UT100
2025-07-30_1630,1630,PULLBACK,BUY,2025-07-30 17:25:00,2025-07-30 21:55:00,23372.03,23313.53,23313.53,23489.03,58.5,-58.5,-1.0,SL_HIT,5.220000000001164,0.5376223776224102,0.22658627359162145,58.5,23342.78,29.25,2.539328928181398,1,23.03758262695656,23356.737969382753,23354.55580015984,23355.72968115608,23358.85005548498,23198.725895179407,21.952571610029214,0.09395224536693882,1.2677798315451863,0.0,0.6666666666666666,0,0,1,1,1630,23372.03,23313.53,pullback_only,UT100
2025-07-31_1000,1000,PULLBACK,BUY,2025-07-31 10:25:00,2025-07-31 10:40:00,23663.53,23692.03,23649.28,23692.03,14.25,28.5,2.0,TP_HIT,1.25,0.9557142857140987,0.1431301721333434,14.25,23656.405,7.125,1.6316839623201145,1,8.733308857027511,23661.723338089858,23659.5060691121,23653.47864178618,23557.83142123579,23251.323710937646,9.98486767609086,0.0421713470770703,1.3116798461201127,0.0,1.0,0,0,1,1,1000,23663.53,23649.28,pullback_only,UT100
2025-07-31_1630,1630,PULLBACK,SELL,2025-07-31 17:35:00,2025-07-31 21:05:00,23486.65,23228.65,23615.65,23228.65,129.0,258.0,2.0,TP_HIT,2.069999999999709,0.4539619846951406,0.059708656480975085,129.0,23551.15,-64.5,3.7209742444670866,0,34.668339935923214,23517.052006566617,23552.98456577477,23596.197173713063,23597.388598306658,23274.760047803822,33.753894611133624,0.14369835006981282,1.2560288591731252,0.0,0.3333333333333333,0,0,0,1,1630,23615.65,23486.65,pullback_only,UT100
2025-08-01_0300,0300,PULLBACK,SELL,2025-08-01 03:40:00,2025-08-01 04:15:00,23148.15,23174.78,23174.78,23094.890000000007,26.62999999999738,-26.62999999999738,-1.0,SL_HIT,5.370000000002619,0.6372795969776001,0.32854389781345233,26.62999999999738,23161.465,-13.31499999999869,1.6292595900869846,0,16.34484778363381,23145.67527697528,23155.002272690697,23189.236428662574,23364.845343734563,23272.95982767402,19.33315945774519,0.08350391085911262,0.9055086781304595,0.5,0.0,0,1,0,0,0300,23174.78,23148.15,pullback_only,UT100
2025-08-01_1630,1630,PULLBACK,SELL,2025-08-01 17:10:00,2025-08-04 16:10:00,22790.65,22966.78,22966.78,22438.390000000007,176.12999999999738,-176.12999999999738,-1.0,SL_HIT,51.87000000000262,0.8539200000000419,1.0983893187093103,176.12999999999738,22878.715,-88.06499999999869,3.7296955986940077,0,47.223693017111415,22793.748561298056,22855.637065265575,22920.32738885589,23084.528014588985,23241.37176604706,50.80412701419243,0.2230204570151683,1.341350006900463,0.0,0.0,0,0,0,0,1630,22966.78,22790.65,pullback_only,UT100
2025-08-04_1630,1630,PULLBACK,BUY,2025-08-04 18:00:00,2025-08-06 01:00:00,23079.28,22971.9,22971.9,23294.039999999994,107.37999999999738,-107.37999999999738,-1.0,SL_HIT,17.81999999999971,0.6404978458591553,0.6117598005596511,107.37999999999738,23025.59,53.68999999999869,3.6863505827213694,1,29.129079720010353,23105.20230805273,23083.474922457717,23030.24649501852,22940.73130373224,23164.210722440155,29.89320242400905,0.12941900781023918,1.1911052136659515,0.0,0.6666666666666666,0,0,1,0,1630,23079.28,22971.9,pullback_only,UT100
2025-08-06_0300,0300,PULLBACK,BUY,2025-08-06 03:40:00,2025-08-06 05:30:00,22977.15,23050.65,22940.4,23050.65,36.75,73.5,2.0,TP_HIT,0.25,0.16103059581322715,0.015544280445680346,36.75,22958.775,18.375,2.2850092255150107,0,16.083086050436858,22972.404366691815,22972.30055443602,22989.597867854827,23082.25343883623,23161.02787418132,15.789341243711595,0.06872840718736561,1.163824259753725,0.5,0.3333333333333333,0,1,0,0,0300,22977.15,22940.4,pullback_only,UT100
2025-08-06_1000,1000,PULLBACK,SELL,2025-08-06 11:30:00,2025-08-06 13:00:00,23082.03,23021.53,23112.28,23021.53,30.25,60.5,2.0,TP_HIT,1.5,0.3285870755751217,0.12885999347068716,30.25,23097.155,-15.125,2.598676534992191,1,11.640540710885704,23090.35565994339,23092.302197525267,23080.68017311126,23071.11852185541,23153.611189610718,11.15513528276761,0.048333731738119744,0.9846422096101721,0.0,0.3333333333333333,0,0,1,0,1000,23112.28,23082.03,pullback_only,UT100
2025-08-06_1630,1630,PULLBACK,BUY,2025-08-06 16:55:00,2025-08-06 19:35:00,23119.03,23277.03,23040.03,23277.03,79.0,158.0,2.0,TP_HIT,1.75,0.1738935406698241,0.04491230148198741,79.0,23079.53,39.5,2.0274696097582887,1,38.964825721564445,23090.06700225458,23078.067152228366,23067.8365790584,23065.308571763297,23149.08509795296,40.002848958689185,0.17323325044144997,1.9069919532533006,0.0,0.6666666666666666,0,0,1,0,1630,23119.03,23040.03,pullback_only,UT100
2025-08-07_1630,1630,PULLBACK,BUY,2025-08-07 17:00:00,2025-08-07 17:10:00,23538.78,23474.53,23474.53,23667.28,64.25,-64.25,-1.0,SL_HIT,7.870000000002619,0.7158685446009881,0.2485187258005822,64.25,23506.655,32.125,2.028885404406873,1,31.667633795602626,23515.474194640836,23505.554128782467,23490.251269520475,23404.235921692012,23198.141572865854,33.027949289522624,0.14035394205109925,1.7352966098721303,0.0,1.0,0,0,1,1,1630,23538.78,23474.53,pullback_only,UT100
2025-08-08_0300,0300,PULLBACK,BUY,2025-08-08 03:20:00,2025-08-08 08:25:00,23454.72,23427.47,23427.47,23509.22,27.25,-27.25,-1.0,SL_HIT,5.379999999997381,0.5404411764704776,0.5420951093952276,27.25,23441.095,13.625,2.74574195743999,1,9.924457732148548,23451.139100150423,23444.324729474378,23420.4726061592,23395.48105135938,23214.904330845693,10.118530034528394,0.04312253366572792,1.0177812639267914,0.5,1.0,0,1,1,1,0300,23454.72,23427.47,pullback_only,UT100
2025-08-08_1000,1000,PULLBACK,BUY,2025-08-08 10:25:00,2025-08-08 12:15:00,23439.47,23469.97,23424.22,23469.97,15.25,30.5,2.0,TP_HIT,4.5,0.8315018315021244,0.4178534833403779,15.25,23431.845,7.625,1.4160590268757252,1,10.769325085018759,23438.031828614876,23437.330754203707,23441.000103874565,23426.502436051764,23230.299088477797,10.456070841636663,0.04461024681226903,0.9669297442943431,0.0,0.6666666666666666,0,0,1,1,1000,23439.47,23424.22,pullback_only,UT100
2025-08-08_1630,1630,PULLBACK,BUY,2025-08-08 18:40:00,2025-08-11 19:05:00,23512.85,23680.109999999993,23429.22,23680.109999999993,83.62999999999738,167.25999999999476,2.0,TP_HIT,36.70000000000073,0.6028776978417547,1.5596039168232165,83.62999999999738,23471.035,41.81499999999869,3.5539421134582816,1,23.531615690447595,23549.276408855138,23546.049704627745,23517.7950457597,23466.58225735562,23250.68026545188,21.635626273709747,0.09198965406220143,0.9112018021319053,0.0,1.0,0,0,1,1,1630,23512.85,23429.22,pullback_only,UT100
2025-08-12_0300,0300,PULLBACK,BUY,2025-08-12 03:50:00,2025-08-12 08:00:00,23545.28,23529.4,23529.4,23577.039999999994,15.87999999999738,-15.87999999999738,-1.0,SL_HIT,11.37000000000262,0.63923076923087,0.9849502936592125,15.87999999999738,23537.34,7.93999999999869,1.3756385807653573,0,11.543729742707786,23550.54624750049,23546.01161826439,23547.789124518815,23582.391631834493,23347.44249504446,10.674712793158841,0.045338879732821906,1.1379828913260905,0.5,0.6666666666666666,0,1,0,1,0300,23545.28,23529.4,pullback_only,UT100
2025-08-12_1000,1000,PULLBACK,SELL,2025-08-12 10:35:00,2025-08-12 15:25:00,23545.53,23576.15,23576.15,23484.289999999994,30.62000000000262,-30.62000000000262,-1.0,SL_HIT,3.0,0.8081841432225247,0.19235425421366303,30.62000000000262,23560.84,-15.31000000000131,1.9632957546742889,0,15.596223812485391,23553.496627552213,23551.334479213347,23549.542095580477,23564.525293541225,23361.502280928522,14.616727304154006,0.062085500529476,1.0562660630459133,0.0,1.0,0,0,0,1,1000,23576.15,23545.53,pullback_only,UT100
2025-08-12_1630,1630,PULLBACK,SELL,2025-08-12 16:50:00,2025-08-12 18:05:00,23610.9,23707.03,23707.03,23418.640000000007,96.12999999999738,-96.12999999999738,-1.0,SL_HIT,10.87000000000262,0.48499309305543,0.2512655715604681,96.12999999999738,23658.965,-48.06499999999869,2.2220937805061007,1,43.26100043271034,23636.75730362617,23626.90496615508,23596.12532901957,23570.217580465815,23373.32339481219,43.559533708348965,0.18446955418681327,1.5877494021941916,0.0,1.0,0,0,1,1,1630,23707.03,23610.9,pullback_only,UT100
2025-08-13_0300,0300,PULLBACK,SELL,2025-08-13 03:35:00,2025-08-13 09:40:00,23841.78,23865.65,23865.65,23794.039999999994,23.87000000000262,-23.87000000000262,-1.0,SL_HIT,1.0,0.7296954314723237,0.10346783928370751,23.87000000000262,23853.715,-11.93500000000131,2.469777323702369,1,9.664838919251157,23846.393288136653,23844.114815815425,23831.938393148226,23733.325352601296,23414.638291308926,9.16019373001732,0.038420166511901485,1.0989928958197475,0.0,1.0,0,0,1,1,0300,23865.65,23841.78,pullback_only,UT100
2025-08-13_1000,1000,PULLBACK,BUY,2025-08-13 10:20:00,2025-08-13 15:50:00,23881.4,23929.640000000007,23857.28,23929.640000000007,24.12000000000262,48.24000000000524,2.0,TP_HIT,1.25,0.6442105263160652,0.12624907937623053,24.12000000000262,23869.34,12.06000000000131,2.436102235644009,1,9.901062298243918,23871.639844554662,23863.240561654995,23855.415106809007,23798.447392918795,23444.22088860905,9.230253991811745,0.038645728453240984,1.3755804743815034,0.0,1.0,0,0,1,1,1000,23881.4,23857.28,pullback_only,UT100
2025-08-14_1000,1000,PULLBACK,BUY,2025-08-14 10:20:00,2025-08-14 14:30:00,23829.2,23853.94,23816.83,23853.94,12.369999999998981,24.739999999997963,2.0,TP_HIT,1.1300000000010186,0.6056140350877908,0.12464384348521684,12.369999999998981,23823.015,6.18500000000131,1.3644640211598367,0,9.065830837726375,23822.890814874143,23821.411662265415,23825.413538510107,23836.03231465359,23527.985740289834,8.62372005936286,0.03618876030321182,1.08494856353122,0.0,0.6666666666666666,0,0,0,1,1000,23829.2,23816.83,pullback_only,UT100
2025-08-14_1630,1630,PULLBACK,BUY,2025-08-14 16:50:00,2025-08-15 16:40:00,23828.45,23746.45,23746.45,23992.45,82.0,-82.0,-1.0,SL_HIT,7.130000000001019,0.2917953999313321,0.25057050724494506,82.0,23787.45,41.0,2.881736548959686,1,28.455064717696768,23800.728274026278,23794.606471023177,23807.61081174323,23826.706913468854,23545.265305296067,30.14505608867067,0.1265325694885637,1.2542960119759257,0.0,0.6666666666666666,0,0,0,1,1630,23828.45,23746.45,pullback_only,UT100
2025-08-15_1630,1630,PULLBACK,SELL,2025-08-15 17:00:00,2025-08-19 16:30:00,23743.9,23592.9,23819.4,23592.9,75.5,151.0,2.0,TP_HIT,51.12000000000262,0.8954248366013072,1.6662445226993474,75.5,23781.65,-37.75,2.4609049582119384,0,30.679770768090663,23749.124928435936,23775.096342485234,23796.597509401767,23816.687503932764,23602.721427148786,38.371613741480104,0.1614777973851549,2.093644718604881,0.0,0.3333333333333333,0,0,0,1,1630,23819.4,23743.9,pullback_only,UT100
2025-08-19_1630,1630,PULLBACK,SELL,2025-08-19 16:50:00,2025-08-19 22:00:00,23575.9,23355.9,23685.9,23355.9,110.0,220.0,2.0,TP_HIT,9.75,0.6836198662846029,0.3099813960912683,110.0,23630.9,-55.0,3.4972260071835395,0,31.45350050984767,23618.33889695823,23642.981624789296,23663.704469667504,23682.176058244004,23639.22123538101,34.509033775201665,0.14617269181817347,2.2749162867657478,0.0,0.0,0,0,0,0,1630,23685.9,23575.9,pullback_only,UT100
2025-08-20_0300,0300,PULLBACK,SELL,2025-08-20 03:45:00,2025-08-20 04:00:00,23328.9,23344.03,23344.03,23298.640000000007,15.12999999999738,-15.12999999999738,-1.0,SL_HIT,5.620000000002619,0.6485106382980953,0.5328068415314443,15.12999999999738,23336.465,-7.56499999999869,1.4344070306700356,0,10.547912605343202,23333.71093037702,23344.2192727302,23365.390629016634,23482.483294501933,23616.02648311682,11.392190924630427,0.04882064851106557,0.9485339314743264,0.0,0.0,0,0,0,0,0300,23344.03,23328.9,pullback_only,UT100
2025-08-20_1000,1000,PULLBACK,BUY,2025-08-20 10:30:00,2025-08-20 11:10:00,23333.65,23306.78,23306.78,23387.390000000007,26.87000000000262,-26.87000000000262,-1.0,SL_HIT,7.379999999997381,0.8903999999997905,0.6003172027217702,26.87000000000262,23320.215,13.43500000000131,2.1857077557101983,0,12.29350078014972,23322.566948902968,23308.08616134641,23298.890971341654,23377.283833543624,23594.343191237964,13.87102947486771,0.05947768776689096,1.251503815693126,0.0,0.6666666666666666,0,0,0,0,1000,23333.65,23306.78,pullback_only,UT100
2025-08-21_0300,0300,PULLBACK,SELL,2025-08-21 03:30:00,2025-08-21 04:50:00,23225.78,23244.78,23244.78,23187.78,19.0,-19.0,-1.0,SL_HIT,7.129999999997381,0.923883066740343,0.624831149955896,19.0,23235.28,-9.5,1.6650479451846263,0,11.411082818935412,23222.918867409353,23229.777397485166,23228.213626237273,23247.27190140526,23539.287100585672,14.444251541688915,0.06219161582443753,1.4088258426302265,0.5,0.3333333333333333,0,1,0,0,0300,23244.78,23225.78,pullback_only,UT100
2025-08-21_1000,1000,PULLBACK,SELL,2025-08-21 11:20:00,2025-08-21 14:45:00,23249.78,23189.039999999994,23280.15,23189.039999999994,30.37000000000262,60.74000000000524,2.0,TP_HIT,4.129999999997381,0.710252100840248,0.26064530461213226,30.37000000000262,23264.965,-15.18500000000131,1.9166580874276418,0,15.845288316792265,23262.618320471716,23263.523265818643,23261.83463062766,23254.60625566702,23517.957069812714,16.181916541220314,0.0695647838447415,1.314241339040446,0.0,0.3333333333333333,0,0,1,0,1000,23280.15,23249.78,pullback_only,UT100
2025-08-21_1630,1630,PULLBACK,SELL,2025-08-21 17:00:00,2025-08-21 17:05:00,23121.15,23211.4,23211.4,22940.65,90.25,-90.25,-1.0,SL_HIT,14.25,0.8586046511627501,0.31383226743178344,90.25,23166.275,-45.125,1.9876043604012952,0,45.406420813938354,23163.79087574389,23168.67459992598,23188.002396570948,23227.047785482984,23498.733516434437,54.18556470541324,0.23372187238411185,2.0345492730424866,0.0,0.0,0,0,0,0,1630,23211.4,23121.15,pullback_only,UT100
2025-08-22_1630,1630,PULLBACK,BUY,2025-08-22 16:50:00,2025-08-22 17:05:00,23250.15,23482.890000000007,23133.78,23482.890000000007,116.37000000000262,232.74000000000524,2.0,TP_HIT,10.12999999999738,0.2702378092721765,0.3314201086875251,116.37000000000262,23191.965,58.18500000000131,3.8072416631765185,1,30.565435634288303,23215.039654630553,23199.094085185425,23185.393763721106,23162.659651606766,23428.939848229184,31.272710883050213,0.1345763209371338,2.0243950511086934,0.0,0.6666666666666666,0,0,1,0,1630,23250.15,23133.78,pullback_only,UT100
2025-08-25_0300,0300,PULLBACK,SELL,2025-08-25 03:25:00,2025-08-25 06:05:00,23502.9,23452.640000000007,23528.03,23452.640000000007,25.12999999999738,50.25999999999476,2.0,TP_HIT,1.1200000000026193,0.5375153751542469,0.0884613770288368,25.12999999999738,23515.465,-12.56499999999869,1.984852147079677,1,12.660892670001278,23505.351525918602,23504.250329950624,23500.49210939038,23396.777961509437,23436.38039287397,12.456773647334092,0.05301002875595917,1.1400300558167635,0.5,1.0,0,1,1,1,0300,23528.03,23502.9,pullback_only,UT100
2025-08-25_1630,1630,PULLBACK,BUY,2025-08-25 17:00:00,2025-08-26 03:00:00,23448.4,23375.78,23375.78,23593.640000000007,72.62000000000262,-72.62000000000262,-1.0,SL_HIT,1.1299999999973807,0.8289473684210527,0.04101149112740261,72.62000000000262,23412.09,36.31000000000131,2.6356234386539725,1,27.553253220835696,23433.647984900883,23423.902033224247,23424.07318892462,23433.198252810875,23438.728382164838,28.930152791390586,0.1232491630407431,1.926730780451591,0.0,0.6666666666666666,0,0,1,1,1630,23448.4,23375.78,pullback_only,UT100
2025-08-26_0300,0300,PULLBACK,SELL,2025-08-26 03:55:00,2025-08-26 13:35:00,23344.9,23437.28,23437.28,23160.140000000007,92.37999999999738,-92.37999999999738,-1.0,SL_HIT,23.25,0.7763975155279886,0.7673462631814811,92.37999999999738,23391.09,-46.18999999999869,3.0489224857076653,0,30.299228803960776,23363.315394517616,23391.955697050962,23423.36423769901,23451.462428333885,23440.493965508565,26.456013535495927,0.11329213578218224,1.4925657956746694,0.0,0.0,0,0,0,0,0300,23437.28,23344.9,pullback_only,UT100
2025-08-26_1630,1630,PULLBACK,SELL,2025-08-26 16:50:00,2025-08-26 17:10:00,23399.03,23452.65,23452.65,23291.789999999994,53.62000000000262,-53.62000000000262,-1.0,SL_HIT,20.75,0.7569230769231136,0.766865547472366,53.62000000000262,23425.84,-26.81000000000131,1.9816544894202541,0,27.058198230958766,23413.318821813737,23409.440843595585,23406.83563027272,23411.457892217433,23435.269214880125,31.9171051334976,0.13621434508757047,2.1832202258154423,0.0,0.6666666666666666,0,0,1,0,1630,23452.65,23399.03,pullback_only,UT100
2025-08-27_0300,0300,PULLBACK,SELL,2025-08-27 03:25:00,2025-08-27 04:35:00,23538.28,23551.15,23551.15,23512.539999999994,12.87000000000262,-12.87000000000262,-1.0,SL_HIT,1.25,0.7222222222222222,0.23657701469663192,12.87000000000262,23544.715,-6.43500000000131,2.435796943317018,1,5.283691662112244,23541.117439437694,23543.341484992656,23531.337391562807,23476.375148939864,23441.472732261038,5.179199440497278,0.02200634305754987,0.9437930031158314,0.5,0.6666666666666666,0,1,1,1,0300,23551.15,23538.28,pullback_only,UT100
2025-08-27_1000,1000,PULLBACK,SELL,2025-08-27 12:45:00,2025-08-27 15:05:00,23534.03,23549.78,23549.78,23502.53,15.75,-15.75,-1.0,SL_HIT,1.8799999999973807,0.5259467040675144,0.2708708728479886,15.75,23541.905,-7.875,2.2692639613626406,1,6.94057644600432,23530.352494105377,23527.44605219166,23529.72841713717,23516.59439732896,23449.961547288214,6.648499586537078,0.0282516347643094,0.795115691411697,0.0,0.6666666666666666,0,0,1,1,1000,23549.78,23534.03,pullback_only,UT100
2025-08-27_1630,1630,PULLBACK,SELL,2025-08-27 16:50:00,2025-08-27 17:10:00,23448.53,23499.65,23499.65,23346.289999999994,51.12000000000262,-51.12000000000262,-1.0,SL_HIT,14.12999999999738,0.6234567901234568,0.5904575353719062,51.12000000000262,23474.09,-25.56000000000131,2.1361775801995035,0,23.93059475665332,23476.414080257313,23495.456845277728,23513.551335673754,23517.924651840476,23452.53743703547,26.306515455766213,0.11206527082307195,2.0181954447479002,0.0,0.3333333333333333,0,0,0,1,1630,23499.65,23448.53,pullback_only,UT100
2025-08-28_0300,0300,PULLBACK,SELL,2025-08-28 03:25:00,2025-08-28 03:40:00,23436.4,23455.9,23455.9,23397.4,19.5,-19.5,-1.0,SL_HIT,0.75,0.6457489878541571,0.058212483183667355,19.5,23446.15,-9.75,1.513524562775351,0,12.883834514216826,23444.432482508586,23452.519843401602,23474.67079852311,23508.73752333106,23458.49573899954,12.6499899123209,0.053982434197156384,0.9180325162722113,0.5,0.0,0,1,0,0,0300,23455.9,23436.4,pullback_only,UT100
2025-08-28_1000,1000,PULLBACK,BUY,2025-08-28 11:00:00,2025-08-28 13:40:00,23570.78,23543.28,23543.28,23625.78,27.5,-27.5,-1.0,SL_HIT,1.8700000000026193,0.5274074074076014,0.15186349794278606,27.5,23557.03,13.75,2.233286734449608,1,12.313689763073508,23562.216603729732,23548.86620180015,23528.847012245133,23511.286156080736,23463.27820711054,13.471864461330373,0.05714160360044237,1.1492975624207065,0.0,1.0,0,0,1,1,1000,23570.78,23543.28,pullback_only,UT100
2025-08-28_1630,1630,PULLBACK,SELL,2025-08-28 17:00:00,2025-08-28 18:15:00,23570.53,23682.28,23682.28,23347.03,111.75,-111.75,-1.0,SL_HIT,14.5,0.6151079136690647,0.3738231137075825,111.75,23626.405,-55.875,2.8810160659877475,1,38.78839875947962,23582.23096500821,23582.0940861639,23569.920852529245,23539.444693846395,23469.73043940993,40.85217506823137,0.17350657471335296,1.9741657002457278,0.0,1.0,0,0,1,1,1630,23682.28,23570.53,pullback_only,UT100
2025-08-29_0300,0300,PULLBACK,BUY,2025-08-29 03:20:00,2025-08-29 04:05:00,23694.53,23684.15,23684.15,23715.289999999994,10.37999999999738,-10.37999999999738,-1.0,SL_HIT,2.75,0.6595744680851063,0.3756934230624852,10.37999999999738,23689.34,5.18999999999869,1.4180719023227681,1,7.3197980885138385,23692.13847903131,23692.540402185783,23693.233029406194,23640.137452485113,23488.631608630614,7.343825010045327,0.03099571903654926,1.1206597933971012,0.5,0.3333333333333333,0,1,1,1,0300,23694.53,23684.15,pullback_only,UT100
2025-09-01_0300,0300,PULLBACK,SELL,2025-09-01 04:20:00,2025-09-01 05:15:00,23482.78,23438.78,23504.78,23438.78,22.0,44.0,2.0,TP_HIT,0.25,0.7119386637460969,0.035498285128394556,22.0,23493.78,-11.0,3.123849091298721,0,7.042593722366286,23487.666114205742,23486.825348518367,23472.590209529142,23495.294017489345,23497.414070740295,6.603581226050782,0.028119454906380133,0.8930257943768026,0.5,0.6666666666666666,0,1,0,0,0300,23504.78,23482.78,pullback_only,UT100
2025-09-01_1000,1000,PULLBACK,BUY,2025-09-01 10:30:00,2025-09-02 02:20:00,23421.4,23395.53,23395.53,23473.140000000007,25.87000000000262,-25.87000000000262,-1.0,SL_HIT,4.379999999997381,0.7645977011493048,0.24384344737153874,25.87000000000262,23408.465,12.93500000000131,1.440235156051625,0,17.962344476387237,23408.86782838105,23396.260830995765,23397.35644477552,23445.762756450764,23491.769685254043,17.100698546202274,0.07300493786168424,1.0111561582406474,0.0,0.3333333333333333,0,0,0,0,1000,23421.4,23395.53,pullback_only,UT100
2025-09-02_0300,0300,PULLBACK,SELL,2025-09-02 03:20:00,2025-09-02 03:30:00,23391.9,23407.28,23407.28,23361.140000000007,15.37999999999738,-15.37999999999738,-1.0,SL_HIT,0.5,0.34943396226395324,0.04587345553756355,15.37999999999738,23399.59,-7.68999999999869,1.4110674923352144,0,10.899549513783068,23396.225637269854,23405.388192498427,23419.710565402234,23433.965118807435,23485.162915540288,10.430276245278309,0.04459092329529016,1.0395858265229705,0.0,0.0,0,0,0,0,0300,23407.28,23391.9,pullback_only,UT100
2025-09-02_1000,1000,PULLBACK,SELL,2025-09-02 10:25:00,2025-09-02 11:00:00,23346.4,23225.140000000007,23407.03,23225.140000000007,60.62999999999738,121.25999999999476,2.0,TP_HIT,11.87000000000262,0.8252969951083319,0.6659699076537178,60.62999999999738,23376.715,-30.31499999999869,3.4016643219068454,0,17.82362816035019,23368.977132727377,23376.90064304541,23383.917778254516,23408.448374171243,23477.115324200353,20.74714440563683,0.08878431089671159,1.5752055141391408,0.0,0.0,0,0,0,0,1000,23407.03,23346.4,pullback_only,UT100
2025-09-02_1630,1630,PULLBACK,BUY,2025-09-02 17:40:00,2025-09-03 17:35:00,23132.65,23435.15,22981.4,23435.15,151.25,302.5,2.0,TP_HIT,19.25,0.7689075630252101,0.4467932628224406,151.25,23057.025,75.625,3.5105184936048905,0,43.08480364810271,23166.34746466676,23150.039920075837,23161.296590770835,23277.32825947854,23456.918096462738,46.201873201305006,0.19970293534687256,1.175458893155993,0.0,0.3333333333333333,0,0,0,0,1630,23132.65,22981.4,pullback_only,UT100
2025-09-03_1630,1630,PULLBACK,BUY,2025-09-03 18:25:00,2025-09-03 20:45:00,23395.15,23329.9,23329.9,23525.65,65.25,-65.25,-1.0,SL_HIT,68.16999999999825,0.7447735191638336,1.878315904073175,65.25,23362.525,32.625,1.7978599492559455,1,36.2931495453826,23430.028049765933,23422.382825529327,23404.595614550588,23344.79676646268,23422.667512142016,30.21794644472071,0.12924234734389659,0.8978657744277238,0.0,0.6666666666666666,0,0,1,0,1630,23395.15,23329.9,pullback_only,UT100
2025-09-04_0300,0300,PULLBACK,BUY,2025-09-04 05:55:00,2025-09-04 17:00:00,23435.28,23390.03,23390.03,23525.78,45.25,-45.25,-1.0,SL_HIT,26.25,0.09881422924898628,2.285528473790785,45.25,23412.655,22.625,3.9398157500584006,1,11.485308671942146,23455.809951335505,23456.879076719444,23442.3748671576,23392.23431219682,23420.283349534988,11.433867081073108,0.048780545069724936,1.006606021933805,0.0,0.6666666666666666,0,0,1,1,0300,23435.28,23390.03,pullback_only,UT100
2025-09-04_1630,1630,PULLBACK,SELL,2025-09-04 17:10:00,2025-09-04 18:25:00,23416.28,23506.65,23506.65,23235.539999999994,90.37000000000262,-90.37000000000262,-1.0,SL_HIT,16.62999999999738,0.31530036508466064,0.47253660272010783,90.37000000000262,23461.465,-45.18500000000131,2.5678372091295314,0,35.19304092903812,23419.658781908125,23432.870904777385,23444.379968582605,23433.86930359411,23423.491253834727,35.18330213850005,0.1503847193822925,1.6037349106823282,0.0,0.0,0,0,0,0,1630,23506.65,23416.28,pullback_only,UT100
2025-09-05_0300,0300,PULLBACK,BUY,2025-09-05 03:20:00,2025-09-05 08:35:00,23686.78,23729.28,23665.53,23729.28,21.25,42.5,2.0,TP_HIT,0.5,0.3783783783783784,0.05810520689016891,21.25,23676.155,10.625,2.469471292832179,1,8.605080796719395,23679.528394226283,23672.351530629814,23645.678031985324,23544.34123703833,23438.923627408407,8.441736690489794,0.03564203125589427,1.1403173065272973,0.5,1.0,0,1,1,1,0300,23686.78,23665.53,pullback_only,UT100
2025-09-05_1000,1000,PULLBACK,BUY,2025-09-05 11:30:00,2025-09-05 15:30:00,23738.4,23706.78,23706.78,23801.640000000007,31.62000000000262,-31.62000000000262,-1.0,SL_HIT,1.6299999999973807,0.4270588235291036,0.18384766927725077,31.62000000000262,23722.59,15.81000000000131,3.566419204022388,1,8.866035704479154,23732.36880232725,23728.43881940676,23722.176671010067,23650.94392270958,23460.365411825936,8.133230943882284,0.03425884318455521,0.915356950938862,0.0,1.0,0,0,1,1,1000,23738.4,23706.78,pullback_only,UT100
2025-09-08_0300,0300,PULLBACK,SELL,2025-09-08 04:00:00,2025-09-08 16:20:00,23731.9,23757.65,23757.65,23680.4,25.75,-25.75,-1.0,SL_HIT,1.3700000000026193,0.4,0.15530244492903703,25.75,23744.775,-12.875,2.919005807967195,1,8.821496664966343,23736.631278738547,23731.578043306698,23703.52381304645,23673.72844442681,23495.11516419781,9.011963776304164,0.037980244362065305,0.7985359034918333,0.5,1.0,0,1,1,1,0300,23757.65,23731.9,pullback_only,UT100
2025-09-08_1630,1630,PULLBACK,BUY,2025-09-08 16:50:00,2025-09-08 20:50:00,23812.28,23738.03,23738.03,23960.78,74.25,-74.25,-1.0,SL_HIT,3.3700000000026193,0.4931543624161777,0.13427427274014883,74.25,23775.155,37.125,2.9584168400440065,1,25.09788309577616,23785.90555728179,23763.20363283774,23747.946294784964,23721.085770525457,23521.805601550466,26.434165349673023,0.11092330188696428,2.0147723438028153,0.0,1.0,0,0,1,1,1630,23812.28,23738.03,pullback_only,UT100
2025-09-09_0300,0300,PULLBACK,SELL,2025-09-09 04:40:00,2025-09-09 05:10:00,23771.15,23794.4,23794.4,23724.65,23.25,-23.25,-1.0,SL_HIT,7.370000000002619,0.8863636363636364,1.1072387533634327,23.25,23782.775,-11.625,3.492985212441067,1,6.6561976607257884,23769.672874952383,23774.083540546824,23775.886291257066,23762.82012315884,23548.785982411802,6.911069261984443,0.029072883663712197,0.9780532837357144,0.0,0.3333333333333333,0,0,1,1,0300,23794.4,23771.15,pullback_only,UT100
2025-09-09_1000,1000,PULLBACK,BUY,2025-09-09 10:30:00,2025-09-09 11:05:00,23831.28,23814.28,23814.28,23865.28,17.0,-17.0,-1.0,SL_HIT,3.5,0.5412844036695673,0.4709769991139879,17.0,23822.78,8.5,2.287602567125084,1,7.431360781066328,23828.697150139596,23820.411129012016,23810.210105540962,23784.91464793034,23563.91074259345,7.7738460102574845,0.03260957714623837,0.9743804101356797,0.0,1.0,0,0,1,1,1000,23831.28,23814.28,pullback_only,UT100
2025-09-09_1630,1630,PULLBACK,SELL,2025-09-09 16:55:00,2025-09-09 17:35:00,23785.78,23707.039999999994,23825.15,23707.039999999994,39.37000000000262,78.74000000000524,2.0,TP_HIT,11.0099999999984,0.8076781100037247,0.5346970810394154,39.37000000000262,23805.465,-19.68500000000131,1.9119912879678695,0,20.59109800748434,23792.645472940207,23798.38001662617,23804.16194212954,23797.461708475446,23578.04823320953,22.249618273153427,0.09356016746570561,1.5907472583037923,0.0,0.3333333333333333,0,0,0,1,1630,23825.15,23785.78,pullback_only,UT100
2025-09-10_0300,0300,PULLBACK,BUY,2025-09-10 03:40:00,2025-09-10 04:00:00,23867.53,23852.15,23852.15,23898.289999999994,15.37999999999738,-15.37999999999738,-1.0,SL_HIT,1.25,0.4292237442918961,0.2106063322274341,15.37999999999738,23859.84,7.68999999999869,2.591300311725908,1,5.9352441437996415,23864.894372507937,23862.138036870627,23852.52906167039,23818.52630756916,23601.02769516845,6.394544924626007,0.026792658769327102,0.8356804827694327,0.5,1.0,0,1,1,1,0300,23867.53,23852.15,pullback_only,UT100
2025-09-10_1630,1630,PULLBACK,SELL,2025-09-10 16:55:00,2025-09-11 16:30:00,23889.4,23970.9,23970.9,23726.4,81.5,-81.5,-1.0,SL_HIT,2.0,0.5488780487804367,0.06390898949078476,81.5,23930.15,-40.75,2.604291321749479,1,31.29450200880404,23921.59691811728,23932.82424825874,23923.679044694465,23886.85659373772,23637.46343978418,31.15523507429684,0.13034763321484852,1.466808919785868,0.0,0.6666666666666666,0,0,1,1,1630,23970.9,23889.4,pullback_only,UT100
2025-09-11_1630,1630,PULLBACK,BUY,2025-09-11 17:45:00,2025-09-15 15:15:00,23971.53,24142.03,23886.28,24142.03,85.25,170.5,2.0,TP_HIT,12.37000000000262,0.8914392059553526,0.45220028127051437,85.25,23928.905,42.625,3.116416651439223,1,27.35513557233429,23963.060138461202,23947.728207554726,23931.17270314091,23901.457694887533,23692.118307175137,24.698390718775837,0.10300481159224051,0.9322255521308447,0.0,1.0,0,0,1,1,1630,23971.53,23886.28,pullback_only,UT100
2025-09-16_0300,0300,PULLBACK,SELL,2025-09-16 03:40:00,2025-09-16 04:05:00,24281.9,24290.78,24290.78,24264.140000000007,8.87999999999738,-8.87999999999738,-1.0,SL_HIT,2.3700000000026193,0.5939524838016319,0.46505547409587233,8.87999999999738,24286.34,-4.43999999999869,1.7424863333188034,1,5.096166225352372,24281.719395195192,24281.767225872,24275.840734668207,24217.444543734022,23870.189890603982,5.67444065099237,0.02336860034021599,1.0592298219133562,0.5,0.6666666666666666,0,1,1,1,0300,24290.78,24281.9,pullback_only,UT100
2025-09-16_1000,1000,PULLBACK,BUY,2025-09-16 10:20:00,2025-09-16 16:30:00,24346.03,24324.29,24324.29,24389.509999999995,21.739999999997963,-21.739999999997963,-1.0,SL_HIT,1.069999999999709,0.38704703161123793,0.12380602715286325,21.739999999997963,24335.16,10.869999999998981,2.5154607759847916,1,8.642551777213402,24340.127049810264,24336.40772695299,24328.2928373755,24275.368860157236,23900.9153161692,9.978211540251596,0.040978887327498874,1.5496267894613482,0.0,1.0,0,0,1,1,1000,24346.03,24324.29,pullback_only,UT100
2025-09-16_1630,1630,PULLBACK,SELL,2025-09-16 17:05:00,2025-09-17 17:00:00,24296.58,24203.960000000006,24342.89,24203.960000000006,46.30999999999767,92.61999999999534,2.0,TP_HIT,15.0,0.6580962800874401,0.741423270798385,46.30999999999767,24319.735,-23.154999999998836,2.289020778044766,0,20.23135851110741,24298.648720087098,24316.64759756318,24334.204310764893,24315.907743177475,23930.45184042301,19.74528434041529,0.08130010915515926,1.4924812013313675,0.0,0.3333333333333333,0,0,0,1,1630,24342.89,24296.58,pullback_only,UT100
2025-09-17_1630,1630,PULLBACK,SELL,2025-09-17 17:10:00,2025-09-17 21:15:00,24216.28,24066.28,24291.28,24066.28,75.0,150.0,2.0,TP_HIT,0.12999999999738066,0.43888166449942456,0.0059176520632067305,75.0,24253.78,-37.5,3.4140300365342098,0,21.968172276579345,24234.64908879971,24246.38379041308,24254.869293197316,24270.357303519977,23999.811525903613,21.0390826397021,0.08684720433801753,1.611816933030056,0.0,0.3333333333333333,0,0,0,1,1630,24291.28,24216.28,pullback_only,UT100
2025-09-18_0300,0300,PULLBACK,SELL,2025-09-18 03:30:00,2025-09-18 04:05:00,24317.5,24333.63,24333.63,24285.239999999998,16.13000000000102,-16.13000000000102,-1.0,SL_HIT,3.8699999999989814,0.6272340425531048,0.43071894065169225,16.13000000000102,24325.565000000002,-8.065000000002328,1.795218737135417,1,8.984977521869693,24318.89316474587,24313.477813265945,24283.339062548373,24247.013769529058,24019.819834713104,8.39884978309349,0.034541305885795286,0.8926072211341018,0.5,1.0,0,1,1,1,0300,24333.63,24317.5,pullback_only,UT100
2025-09-18_1000,1000,PULLBACK,BUY,2025-09-18 10:20:00,2025-09-18 10:25:00,24384.63,24369.63,24369.63,24414.63,15.0,-15.0,-1.0,SL_HIT,16.11999999999898,0.8233532934131378,1.368922330065576,15.0,24377.13,7.5,1.2738111011777256,1,11.7756863526558,24376.223801267763,24371.097644699483,24367.16650701234,24313.926006456826,24044.023148486234,13.721594838968226,0.056292267477674324,1.387416830584626,0.0,1.0,0,0,1,1,1000,24384.63,24369.63,pullback_only,UT100
2025-09-19_1000,1000,PULLBACK,BUY,2025-09-19 10:25:00,2025-09-19 15:00:00,24436.9,24493.4,24408.65,24493.4,28.25,56.5,2.0,TP_HIT,1.1299999999973807,0.5736585365851103,0.08161305214112408,28.25,24422.775,14.125,2.0403263035328316,0,13.84582453849908,24435.093838111123,24442.183330490512,24452.61917933982,24458.265320789524,24131.56000035994,13.850381266698854,0.05666740693687693,1.1473741645475855,0.0,0.3333333333333333,0,0,0,1,1000,24436.9,24408.65,pullback_only,UT100
2025-09-19_1630,1630,PULLBACK,BUY,2025-09-19 16:55:00,2025-09-19 18:05:00,24537.15,24491.4,24491.4,24628.65,45.75,-45.75,-1.0,SL_HIT,7.75,0.4827450980392671,0.33545903041335107,45.75,24514.275,22.875,1.9802904053433306,1,23.10267215179894,24529.051525994193,24514.20023330319,24496.422351994526,24472.400918136325,24152.307292839494,24.53987374957373,0.09997911488927981,1.885245249200104,0.0,1.0,0,0,1,1,1630,24537.15,24491.4,pullback_only,UT100
2025-09-22_0300,0300,PULLBACK,SELL,2025-09-22 04:05:00,2025-09-22 10:15:00,24597.03,24542.03,24624.53,24542.03,27.5,55.0,2.0,TP_HIT,5.379999999997381,0.9452354874041464,0.6027317431308998,27.5,24610.78,-13.75,3.0808778691650214,1,8.926027310343542,24598.985206273057,24602.443043536725,24598.976973385,24551.36334348433,24199.235986484888,9.97787911135605,0.04056290807359647,1.2000274743666413,0.0,0.6666666666666666,0,0,1,1,0300,24624.53,24597.03,pullback_only,UT100
2025-09-22_1000,1000,PULLBACK,SELL,2025-09-22 11:10:00,2025-09-22 16:30:00,24549.28,24581.53,24581.53,24484.78,32.25,-32.25,-1.0,SL_HIT,44.25,0.6986335403727358,2.7041893218212922,32.25,24565.405,-16.125,1.970849844717213,0,16.363499272379823,24542.659327673548,24549.685643092125,24568.078845749667,24568.955807625167,24224.780106898135,14.707707220982261,0.059885947414230895,1.1872997817623299,0.0,0.3333333333333333,0,0,0,1,1000,24581.53,24549.28,pullback_only,UT100
2025-09-22_1630,1630,PULLBACK,BUY,2025-09-22 16:50:00,2025-09-22 18:00:00,24607.28,24691.539999999994,24565.15,24691.539999999994,42.12999999999738,84.25999999999476,2.0,TP_HIT,2.1200000000026193,0.4133165829147279,0.11440639147017803,42.12999999999738,24586.215,21.06499999999869,2.273557204071861,1,18.53043324555196,24590.950059925744,24568.69526190656,24554.223656120947,24557.587055079697,24240.903718780508,19.1597088128117,0.07779281385192627,1.5906269638179946,0.0,1.0,0,0,1,1,1630,24607.28,24565.15,pullback_only,UT100
2025-09-23_0300,0300,PULLBACK,BUY,2025-09-23 04:40:00,2025-09-23 07:25:00,24760.78,24745.03,24745.03,24792.28,15.75,-15.75,-1.0,SL_HIT,1.1200000000026193,0.5555555555555556,0.1787868226365866,15.75,24752.905,7.875,2.514189693321119,1,6.264443785542306,24758.97541474313,24755.659535806408,24750.95535142984,24690.67466496661,24292.69718097605,6.229737776696221,0.02515906926383896,0.9763116286235913,0.0,1.0,0,0,1,1,0300,24760.78,24745.03,pullback_only,UT100
2025-09-23_1000,1000,PULLBACK,BUY,2025-09-23 11:10:00,2025-09-23 14:10:00,24771.15,24738.78,24738.78,24835.890000000007,32.37000000000262,-32.37000000000262,-1.0,SL_HIT,2.8799999999973807,0.39473684210526316,0.2945491945552862,32.37000000000262,24754.965,16.18500000000131,3.310610217973631,1,9.777653625383827,24764.347517641676,24760.959461405277,24758.882792520355,24727.2877851435,24324.212773417876,9.440633141999317,0.03810966589268052,1.076175833763319,0.0,1.0,0,0,1,1,1000,24771.15,24738.78,pullback_only,UT100
2025-09-23_1630,1630,PULLBACK,SELL,2025-09-23 17:00:00,2025-09-23 20:40:00,24701.65,24568.65,24768.15,24568.65,66.5,133.0,2.0,TP_HIT,2.8700000000026193,0.3925417075564783,0.15553998794653556,66.5,24734.9,-33.25,3.6039753304652176,0,18.45184661444835,24720.417052610184,24737.221666836365,24748.716628764825,24741.179464100747,24348.569604323908,19.058267065855237,0.07716591153478262,1.7503828347022494,0.0,0.3333333333333333,0,0,0,1,1630,24768.15,24701.65,pullback_only,UT100
2025-09-24_0300,0300,PULLBACK,BUY,2025-09-24 03:30:00,2025-09-24 11:05:00,24600.65,24661.65,24570.15,24661.65,30.5,61.0,2.0,TP_HIT,0.6299999999973807,0.46875,0.07129648027886047,30.5,24585.4,15.25,3.451654997641723,0,8.836340833843051,24595.04156975794,24598.193039822247,24602.39106461064,24656.2237445105,24371.277684497913,9.17416205599766,0.037300119395669296,1.4560385563727851,0.0,0.3333333333333333,0,0,0,1,0300,24600.65,24570.15,pullback_only,UT100
2025-09-24_1000,1000,PULLBACK,BUY,2025-09-24 11:20:00,2025-09-24 16:30:00,24648.28,24605.65,24605.65,24733.539999999994,42.62999999999738,-42.62999999999738,-1.0,SL_HIT,10.0,0.19059720457426949,0.9558981103832837,42.62999999999738,24626.965,21.31499999999869,4.074993644563688,1,10.461366008967556,24647.625803975836,24638.103837259972,24625.522142312562,24629.777806985487,24390.383122021445,10.390892691180124,0.04215923009488511,1.049472794231333,0.0,1.0,0,0,1,1,1000,24648.28,24605.65,pullback_only,UT100
2025-09-24_1630,1630,PULLBACK,SELL,2025-09-24 16:55:00,2025-09-24 19:00:00,24582.78,24433.539999999994,24657.4,24433.539999999994,74.62000000000262,149.24000000000524,2.0,TP_HIT,18.87999999999738,0.914362176628082,0.8909383182639186,74.62000000000262,24620.09,-37.31000000000131,3.5212826964441293,0,21.191141533554116,24593.920489978125,24614.554172404856,24630.985288955784,24635.79596076071,24402.492272436226,22.868012974091762,0.09303541907856322,1.9213345300090083,0.0,0.3333333333333333,0,0,0,1,1630,24657.4,24582.78,pullback_only,UT100
2025-09-25_0300,0300,PULLBACK,BUY,2025-09-25 03:45:00,2025-09-25 08:00:00,24540.68,24515.93,24515.93,24590.18,24.75,-24.75,-1.0,SL_HIT,0.25,0.16237113402083847,0.038154754183543804,24.75,24528.305,12.375,3.7773206641708366,0,6.5522634164375075,24534.26596594103,24526.0247689608,24515.488574469116,24544.833158356945,24411.658369933717,6.694628294245704,0.02728499915937853,1.1738247195764255,0.0,1.0,0,0,0,1,0300,24540.68,24515.93,pullback_only,UT100
2025-09-25_1000,1000,PULLBACK,BUY,2025-09-25 10:45:00,2025-09-25 12:45:00,24496.3,24458.43,24458.43,24572.039999999997,37.86999999999898,-37.86999999999898,-1.0,SL_HIT,3.25,0.40637191157344515,0.25209693349519574,37.86999999999898,24477.364999999998,18.93500000000131,2.937511037373171,0,12.89186645367083,24493.95305344377,24496.071981285866,24508.04609302155,24531.53851853987,24419.34436805501,11.859167584804403,0.04841405324615091,1.1796179371902822,0.0,0.3333333333333333,0,0,0,1,1000,24496.3,24458.43,pullback_only,UT100
2025-09-26_0300,0300,PULLBACK,SELL,2025-09-26 03:45:00,2025-09-26 09:05:00,24379.4,24403.4,24403.4,24331.4,24.0,-24.0,-1.0,SL_HIT,0.8700000000026193,0.13575757575789327,0.08697328710806616,24.0,24391.4,-12.0,2.3992630926290843,0,10.003071390433085,24385.025212600736,24391.592934350938,24393.09238518623,24411.27882145317,24414.658943565642,9.935995205042008,0.04075213985767919,0.9621993639798481,0.5,0.0,0,1,0,0,0300,24403.4,24379.4,pullback_only,UT100
2025-09-26_1000,1000,PULLBACK,SELL,2025-09-26 10:20:00,2025-09-26 10:25:00,24409.15,24432.78,24432.78,24361.890000000007,23.62999999999738,-23.62999999999738,-1.0,SL_HIT,3.6200000000026193,0.9568006843458138,0.26072567117769835,23.62999999999738,24420.965,-11.81499999999869,1.701919229260738,1,13.884325174621557,24418.546432438256,24411.432756439917,24396.798145436678,24397.363295362644,24412.56014625429,14.317081818005,0.058635039685030435,1.2912237351520297,0.0,1.0,0,0,1,1,1000,24432.78,24409.15,pullback_only,UT100
2025-09-26_1630,1630,PULLBACK,SELL,2025-09-26 17:35:00,2025-09-26 20:25:00,24368.78,24483.9,24483.9,24138.539999999994,115.12000000000262,-115.12000000000262,-1.0,SL_HIT,23.919999999998254,0.8319928507595911,0.5517303305322825,115.12000000000262,24426.34,-57.56000000000131,2.6553175439332124,0,43.354513385047014,24380.07524272715,24406.445317446072,24412.092830228226,24402.75614039544,24411.784253092283,46.203800268725594,0.18948836308531233,1.318718835899039,0.0,0.0,0,0,0,0,1630,24483.9,24368.78,pullback_only,UT100
2025-09-29_0300,0300,PULLBACK,BUY,2025-09-29 03:30:00,2025-09-29 07:25:00,24563.4,24609.4,24540.4,24609.4,23.0,46.0,2.0,TP_HIT,6.25,0.6368627450982447,0.6765048285990853,23.0,24551.9,11.5,2.489537769244634,1,9.23866280887097,24560.541648121813,24549.26763509996,24527.23432810146,24463.143092371167,24419.48048566724,8.317040065329751,0.03385362484946566,0.9112649778150287,0.0,1.0,0,0,1,1,0300,24563.4,24540.4,pullback_only,UT100
2025-09-29_1000,1000,PULLBACK,BUY,2025-09-29 10:45:00,2025-09-29 11:50:00,24622.4,24668.640000000007,24599.28,24668.640000000007,23.12000000000262,46.24000000000524,2.0,TP_HIT,2.3799999999973807,0.8739650413981335,0.23596965017431631,23.12000000000262,24610.84,11.56000000000131,2.292276601696141,1,10.086042837454812,24626.28380921937,24619.855535646486,24608.065204388484,24542.365925361326,24431.729459024325,9.526534641313178,0.03867795342874325,1.1121707479633154,0.0,1.0,0,0,1,1,1000,24622.4,24599.28,pullback_only,UT100
2025-09-29_1630,1630,PULLBACK,BUY,2025-09-29 17:20:00,2025-09-29 18:35:00,24690.65,24624.65,24624.65,24822.65,66.0,-66.0,-1.0,SL_HIT,32.62999999999738,0.9924812030075187,1.3547198802459424,66.0,24657.65,33.0,2.740162797923364,1,24.0861601544325,24713.701673519507,24694.27945857181,24674.54595506989,24610.459223088747,24448.232076939763,32.54823231827403,0.13157233361875514,1.7220560280832575,0.0,1.0,0,0,1,1,1630,24690.65,24624.65,pullback_only,UT100
2025-09-30_0300,0300,PULLBACK,BUY,2025-09-30 03:40:00,2025-09-30 10:00:00,24605.53,24583.65,24583.65,24649.289999999994,21.87999999999738,-21.87999999999738,-1.0,SL_HIT,1.0,0.34375,0.10917254569184369,21.87999999999738,24594.59,10.93999999999869,2.388695299737254,0,9.159812054054816,24602.609296533847,24602.781720892843,24604.66972012119,24611.478923395436,24462.238123278734,8.855837113513825,0.03598887767788559,1.2618714906733632,0.5,0.3333333333333333,0,1,0,1,0300,24605.53,24583.65,pullback_only,UT100
2025-09-30_1000,1000,PULLBACK,SELL,2025-09-30 10:35:00,2025-09-30 12:30:00,24568.78,24595.78,24595.78,24514.78,27.0,-27.0,-1.0,SL_HIT,9.5,0.72,0.6618725377444051,27.0,24582.28,-13.5,1.8811114230630461,0,14.353216757376039,24578.118606458687,24591.561748287815,24601.90578511018,24608.986923214143,24471.692953308673,14.588787856392917,0.059384208497788145,1.4796107722576093,0.0,0.3333333333333333,0,0,0,1,1000,24595.78,24568.78,pullback_only,UT100
2025-09-30_1630,1630,PULLBACK,SELL,2025-09-30 16:55:00,2025-09-30 17:45:00,24518.4,24606.9,24606.9,24341.4,88.5,-88.5,-1.0,SL_HIT,7.5,0.9008136381247122,0.24664703748161942,88.5,24562.65,-44.25,2.910435042283109,0,30.40782519254428,24560.652298259232,24574.23507166714,24579.883846387576,24592.29164739799,24478.070489295147,34.95344850020504,0.14229959720446553,2.2441157882521576,0.0,0.3333333333333333,0,0,0,1,1630,24606.9,24518.4,pullback_only,UT100
2025-10-01_1630,1630,PULLBACK,SELL,2025-10-01 16:50:00,2025-10-01 17:15:00,24522.15,24619.78,24619.78,24326.890000000007,97.62999999999738,-97.62999999999738,-1.0,SL_HIT,6.370000000002619,0.8834085213032844,0.1713268920505538,97.62999999999738,24570.965,-48.81499999999869,2.6258468557124393,0,37.18038612480643,24565.557688877874,24563.1946974981,24549.927413448793,24548.04397272431,24494.62474398451,39.57233464149926,0.16114384055763498,1.9206842619106663,0.0,1.0,0,0,1,1,1630,24619.78,24522.15,pullback_only,UT100
2025-10-02_0300,0300,PULLBACK,BUY,2025-10-02 03:20:00,2025-10-02 04:10:00,24820.4,24851.4,24804.9,24851.4,15.5,31.0,2.0,TP_HIT,3.8799999999973807,0.6086956521739131,0.43297451775173734,15.5,24812.65,7.75,1.7296662435970256,1,8.961266404648157,24816.085438691272,24809.08254555165,24796.189549517403,24701.30913405362,24521.28822324916,9.583764217361388,0.038595141811082076,1.3431918577896396,0.0,1.0,0,0,1,1,0300,24820.4,24804.9,pullback_only,UT100
2025-10-02_1000,1000,PULLBACK,BUY,2025-10-02 12:30:00,2025-10-02 15:00:00,24872.15,24937.890000000007,24839.28,24937.890000000007,32.87000000000262,65.74000000000524,2.0,TP_HIT,19.37999999999738,0.21344717182491366,2.0773803703688305,32.87000000000262,24855.715,16.43500000000131,3.523400039940048,1,9.329057054946823,24886.158304763245,24883.450729614407,24871.98176588261,24807.433777487866,24550.57652419724,9.907826144125464,0.03983061698388923,0.917908560799419,0.0,1.0,0,0,1,1,1000,24872.15,24839.28,pullback_only,UT100
2025-10-02_1630,1630,PULLBACK,SELL,2025-10-02 16:50:00,2025-10-03 04:50:00,24822.4,24953.28,24953.28,24560.640000000007,130.87999999999738,-130.87999999999738,-1.0,SL_HIT,7.25,0.39444444444444443,0.2814756559009623,130.87999999999738,24887.84,-65.43999999999869,5.08131501300927,0,25.75711202019874,24879.05990023538,24906.87902806173,24909.699901750108,24850.66265001682,24564.54554928333,28.07216375083926,0.11302885839118927,2.405490656001227,0.0,0.3333333333333333,0,0,0,1,1630,24953.28,24822.4,pullback_only,UT100
2025-10-03_1000,1000,PULLBACK,SELL,2025-10-03 10:30:00,2025-10-03 13:00:00,24969.9,24984.9,24984.9,24939.9,15.0,-15.0,-1.0,SL_HIT,0.25,0.3580952380947392,0.032838987747872465,15.0,24977.4,-7.5,1.9703392648723477,1,7.61290213691793,24972.529992102096,24972.0854718672,24965.79333403401,24924.134928496984,24620.019577475778,7.315181851995191,0.029295847269687664,1.0068976704225738,0.0,1.0,0,0,1,1,1000,24984.9,24969.9,pullback_only,UT100
2025-10-03_1630,1630,PULLBACK,SELL,2025-10-03 17:35:00,2025-10-03 20:30:00,24906.53,24806.53,24956.53,24806.53,50.0,100.0,2.0,TP_HIT,8.87999999999738,0.8095238095238095,0.3507092124670119,50.0,24931.53,-25.0,1.9747140341616856,0,25.320121868291793,24888.022435504783,24900.32172473651,24920.15316656945,24931.708766935986,24641.404033607156,27.771740462552724,0.11153466198341232,1.33814181655123,0.0,0.3333333333333333,0,0,0,1,1630,24956.53,24906.53,pullback_only,UT100
2025-10-06_0300,0300,PULLBACK,SELL,2025-10-06 03:25:00,2025-10-06 04:35:00,24854.73,24869.35,24869.35,24825.49,14.619999999998981,-14.619999999998981,-1.0,SL_HIT,0.8800000000010186,0.9446522064324593,0.08480606146746038,14.619999999998981,24862.04,-7.31000000000131,1.4089370666508514,0,10.376616774482208,24860.868398213453,24855.037550019904,24841.01559141787,24870.273512663094,24659.504214679324,9.742401204551111,0.039197577931453786,1.0284857915394834,0.5,1.0,0,1,0,1,0300,24869.35,24854.73,pullback_only,UT100
2025-10-06_1000,1000,PULLBACK,SELL,2025-10-06 10:55:00,2025-10-06 11:05:00,24887.35,24900.35,24900.35,24861.35,13.0,-13.0,-1.0,SL_HIT,3.8699999999989814,0.7565568258238582,0.453327986741718,13.0,24893.85,-6.5,1.522807190605655,1,8.536865389261528,24878.401850123297,24883.054233783027,24883.486464684254,24877.3389604856,24674.67809001397,12.630086954870098,0.050770687927513374,1.4823641634510663,0.0,0.3333333333333333,0,0,0,1,1000,24900.35,24887.35,pullback_only,UT100
2025-10-07_0300,0300,PULLBACK,BUY,2025-10-07 05:15:00,2025-10-07 11:30:00,24942.15,24922.78,24922.78,24980.890000000007,19.37000000000262,-19.37000000000262,-1.0,SL_HIT,1.1299999999973807,0.29052631578892224,0.1802237904059727,19.37000000000262,24932.465,9.68500000000131,3.0893228497099607,0,6.269982433794889,24939.550763319443,24937.12090616081,24944.66943479048,24951.66546802843,24722.22871343012,6.484564583605589,0.026001546097623972,0.8390584247632571,0.5,0.6666666666666666,0,1,0,1,0300,24942.15,24922.78,pullback_only,UT100
2025-10-07_1630,1630,PULLBACK,SELL,2025-10-07 17:30:00,2025-10-07 18:05:00,25009.85,24919.589999999997,25054.98,24919.589999999997,45.13000000000102,90.26000000000204,2.0,TP_HIT,3.75,0.7169466764061464,0.17768706307597204,45.13000000000102,25032.415,-22.56500000000233,2.1384045750983462,1,21.10451900708521,25024.047863316984,25024.936064655096,25010.965736811282,24977.677765738925,24751.662717292453,20.857249806140516,0.08337780525213725,1.2284378397239495,0.0,0.6666666666666666,0,0,1,1,1630,25054.98,25009.85,pullback_only,UT100
2025-10-08_0300,0300,PULLBACK,BUY,2025-10-08 03:40:00,2025-10-08 04:00:00,24845.85,24881.089999999997,24828.23,24881.089999999997,17.61999999999898,35.23999999999796,2.0,TP_HIT,1.6300000000010186,0.6663376110562015,0.19238104364728512,17.61999999999898,24837.04,8.809999999997672,2.079603674271687,0,8.47276825771613,24842.884499865297,24846.217818995174,24851.880178653475,24893.61821151541,24759.53892526268,8.54306582335398,0.034384788796006274,0.9852348398675911,0.0,0.3333333333333333,0,0,0,1,0300,24845.85,24828.23,pullback_only,UT100
2025-10-08_1630,1630,PULLBACK,BUY,2025-10-08 16:50:00,2025-10-08 22:15:00,24951.98,25106.24,24874.85,25106.24,77.13000000000102,154.26000000000204,2.0,TP_HIT,10.0,0.81942215088283,0.39557151994767964,77.13000000000102,24913.415,38.56499999999869,3.0510431333564934,1,25.27987859520992,24926.31215040233,24902.23315152982,24889.459959733853,24884.527493374208,24775.1514990569,24.926561449182064,0.09984463045453824,1.6474164122970416,0.0,1.0,0,0,1,1,1630,24951.98,24874.85,pullback_only,UT100
2025-10-09_0300,0300,PULLBACK,SELL,2025-10-09 03:25:00,2025-10-09 04:10:00,25166.48,25138.98,25180.23,25138.98,13.75,27.5,2.0,TP_HIT,2.75,0.40165441176457467,0.36220151437362413,13.75,25173.355,-6.875,1.8110075718681207,1,7.592458592437784,25171.594550935515,25172.02143228436,25151.459247737886,25040.951646810245,24806.45489683741,7.169357787208806,0.02848617497008607,1.0025771476536236,0.5,0.6666666666666666,0,1,1,1,0300,25180.23,25166.48,pullback_only,UT100
2025-10-09_1000,1000,PULLBACK,SELL,2025-10-09 10:40:00,2025-10-09 11:40:00,25134.35,25102.589999999997,25150.23,25102.589999999997,15.880000000001019,31.760000000002037,2.0,TP_HIT,3.6199999999989814,0.39369442198863236,0.34085628814602725,15.880000000001019,25142.29,-7.940000000002328,1.495248026453255,1,10.620311626605892,25139.483607805247,25143.614284681287,25143.882600880122,25099.23730071903,24828.70687053116,9.79872295509521,0.038978405754818576,1.0333053127880765,0.0,0.3333333333333333,0,0,1,1,1000,25150.23,25134.35,pullback_only,UT100
2025-10-09_1630,1630,PULLBACK,SELL,2025-10-09 17:55:00,2025-10-10 01:40:00,25058.6,25133.48,25133.48,24908.839999999997,74.88000000000102,-74.88000000000102,-1.0,SL_HIT,7.0,0.7584376185059072,0.26964231201241506,74.88000000000102,25096.04,-37.44000000000233,2.8844023319271304,0,25.960317384007972,25043.530003067386,25064.10268024532,25089.63690375986,25102.36399526805,24847.14321924321,26.064946714687693,0.10405384349171198,1.102129755067683,0.0,0.3333333333333333,0,0,0,1,1630,25133.48,25058.6,pullback_only,UT100
2025-10-10_0300,0300,PULLBACK,BUY,2025-10-10 04:25:00,2025-10-10 06:05:00,25160.35,25136.98,25136.98,25207.089999999997,23.36999999999898,-23.36999999999898,-1.0,SL_HIT,0.25,0.6814310051108508,0.04142347308380134,23.36999999999898,25148.665,11.684999999997672,3.872266263873581,1,6.035225474557384,25153.629260935784,25146.19523433267,25127.06502463462,25096.73863687756,24870.57336453006,5.763862077949733,0.022906692252312417,0.8512735166628291,0.5,1.0,0,1,1,1,0300,25160.35,25136.98,pullback_only,UT100
2025-10-10_1000,1000,PULLBACK,BUY,2025-10-10 11:20:00,2025-10-10 12:00:00,25134.1,25114.1,25114.1,25174.1,20.0,-20.0,-1.0,SL_HIT,7.5,0.7623705408515088,0.5405855080548272,20.0,25124.1,10.0,1.4415613548128725,1,13.873845836132432,25135.779863450665,25133.506229417922,25134.320752471027,25119.86466575885,24888.355676188996,12.087804237624445,0.048085343469386845,0.8803375456228656,0.0,0.6666666666666666,0,0,1,1,1000,25134.1,25114.1,pullback_only,UT100
2025-10-13_0300,0300,PULLBACK,BUY,2025-10-13 03:20:00,2025-10-13 10:00:00,24619.6,24694.1,24582.35,24694.1,37.25,74.5,2.0,TP_HIT,5.630000000001019,0.7432998324957807,0.19985114055325182,37.25,24600.975,18.625,1.322283301173585,0,28.17096757324166,24596.34965256389,24555.232031773023,24507.075928654056,24714.486647247206,24859.873753129377,28.214838563476107,0.1146683623381511,0.6881786062522157,1.0,0.6666666666666666,1,1,0,0,0300,24619.6,24582.35,pullback_only,UT100
2025-10-13_1000,1000,PULLBACK,BUY,2025-10-13 10:20:00,2025-10-13 13:15:00,24721.73,24659.23,24659.23,24846.73,62.5,-62.5,-1.0,SL_HIT,8.0,0.6666666666666666,0.37687849205749724,62.5,24690.48,31.25,2.944363219199197,1,21.22700066094381,24699.366208056217,24675.16521750006,24653.799191812104,24678.91956258798,24846.451857065374,22.812733906151166,0.09218625739210497,1.3778160664365333,0.0,0.6666666666666666,0,0,1,0,1000,24721.73,24659.23,pullback_only,UT100
2025-10-13_1630,1630,PULLBACK,BUY,2025-10-13 17:20:00,2025-10-14 08:35:00,24666.98,24551.48,24551.48,24897.98,115.5,-115.5,-1.0,SL_HIT,44.61999999999898,0.8467594287806822,0.9160409818468243,115.5,24609.23,57.75,2.3711952802176293,1,48.70961112464738,24681.37560930427,24668.06385361801,24660.100039257806,24671.081334226732,24833.36336280307,49.331318048794955,0.20003900128663432,1.3155114814574638,0.0,0.6666666666666666,0,0,0,0,1630,24666.98,24551.48,pullback_only,UT100
2025-10-14_1000,1000,PULLBACK,BUY,2025-10-14 10:20:00,2025-10-14 10:35:00,24523.35,24452.6,24452.6,24664.85,70.75,-70.75,-1.0,SL_HIT,9.130000000001019,0.6607253886010573,0.25872265296634706,70.75,24487.975,35.375,2.004888028189158,0,35.28875378836112,24511.653913732665,24531.62277693225,24592.03733457112,24681.336385304352,24813.243715740115,34.08358661657964,0.13905084374981494,1.0715952015997798,0.5,0.0,0,1,0,0,1000,24523.35,24452.6,pullback_only,UT100
2025-10-15_0300,0300,PULLBACK,BUY,2025-10-15 03:50:00,2025-10-15 08:00:00,24608.98,24691.139999999996,24567.9,24691.139999999996,41.07999999999811,82.15999999999622,2.0,TP_HIT,5.119999999998981,0.3355704697986386,0.26604991939019723,41.07999999999811,24588.440000000002,20.539999999997235,2.1346349001076117,1,19.244508743826483,24603.228139601837,24603.60836309298,24609.918521617674,24602.111137870826,24776.31403105867,18.16124091131615,0.07380074231043993,1.0603613138427048,0.5,0.0,0,1,1,0,0300,24608.98,24567.9,pullback_only,UT100
2025-10-15_1000,1000,PULLBACK,SELL,2025-10-15 10:30:00,2025-10-15 11:00:00,24716.48,24748.1,24748.1,24653.24,31.61999999999898,-31.61999999999898,-1.0,SL_HIT,0.5,0.5675029868578947,0.03347611776360143,31.61999999999898,24732.29,-15.81000000000131,2.1170296873700862,1,14.936021062264567,24722.656780505935,24718.392409187618,24698.120192642968,24645.298709485694,24769.663675736596,14.561884920629428,0.0589198624489502,1.0409660375780512,0.5,0.6666666666666666,0,1,1,0,1000,24748.1,24716.48,pullback_only,UT100
2025-10-15_1630,1630,PULLBACK,SELL,2025-10-15 16:50:00,2025-10-15 16:55:00,24747.23,24829.73,24829.73,24582.23,82.5,-82.5,-1.0,SL_HIT,3.75,0.28341880341879183,0.09637731476516775,82.5,24788.48,-41.25,2.1203009248336904,1,38.90957129421194,24793.36194358174,24805.167619019063,24797.49547162051,24723.445553565405,24771.678399227596,44.121628454983686,0.17787407389557938,2.025887937131304,0.0,0.6666666666666666,0,0,1,1,1630,24829.73,24747.23,pullback_only,UT100
2025-10-16_0300,0300,PULLBACK,SELL,2025-10-16 03:20:00,2025-10-16 08:30:00,24752.73,24783.98,24783.98,24690.23,31.25,-31.25,-1.0,SL_HIT,0.8800000000010186,0.12574302697760073,0.05450502553883032,31.25,24768.355,-15.625,1.93554778191645,0,16.14530020491581,24758.623097963442,24766.717309938216,24766.49728602962,24753.15263382899,24771.967646182482,16.109926844260503,0.06510744937786136,1.0076150881932364,0.5,0.3333333333333333,0,1,0,0,0300,24783.98,24752.73,pullback_only,UT100
2025-10-16_1000,1000,PULLBACK,SELL,2025-10-16 10:40:00,2025-10-16 10:55:00,24822.73,24869.73,24869.73,24728.73,47.0,-47.0,-1.0,SL_HIT,17.0,0.8426666666666278,0.9399880455757175,47.0,24846.23,-23.5,2.5987904789446303,1,18.085336382749375,24825.814263268574,24821.59955173199,24800.696233899565,24769.191925173807,24773.241613628452,18.125785994154093,0.07301136146147742,1.1060025253639836,0.0,1.0,0,0,1,1,1000,24869.73,24822.73,pullback_only,UT100
2025-10-16_1630,1630,PULLBACK,BUY,2025-10-16 17:35:00,2025-10-16 18:25:00,24932.98,24865.73,24865.73,25067.48,67.25,-67.25,-1.0,SL_HIT,0.75,0.9216528925620171,0.01726254659683231,67.25,24899.355,33.625,1.5478750115159636,1,43.44666042133237,24912.43375736083,24902.73186410518,24891.677901174982,24834.984155418424,24781.018238442437,43.20310569848792,0.17315110635798792,1.3752831034791524,0.0,1.0,0,0,1,1,1630,24932.98,24865.73,pullback_only,UT100
2025-10-17_0300,0300,PULLBACK,BUY,2025-10-17 04:50:00,2025-10-17 04:55:00,24627.98,24580.6,24580.6,24722.74,47.38000000000102,-47.38000000000102,-1.0,SL_HIT,19.11999999999898,0.9678806997419268,0.9924862889048386,47.38000000000102,24604.29,23.68999999999869,2.4594142452047474,0,19.264749764046606,24632.808741544402,24628.62388684562,24624.411264138,24699.24519126183,24768.568615647997,22.550838962946916,0.09173447767171065,1.1897562603527672,0.0,0.6666666666666666,0,0,0,0,0300,24627.98,24580.6,pullback_only,UT100
2025-10-17_1000,1000,PULLBACK,SELL,2025-10-17 10:20:00,2025-10-17 14:00:00,24329.23,24422.85,24422.85,24141.99,93.61999999999898,-93.61999999999898,-1.0,SL_HIT,15.880000000001019,0.425830099180672,0.44728937499566834,93.61999999999898,24376.04,-46.81000000000131,2.636979300194668,0,35.50274361011773,24374.821592359105,24423.93397058758,24483.632190681452,24608.074110456142,24752.132164597657,38.30237779543537,0.1573551910450134,1.4810547889567554,0.0,0.0,0,0,0,0,1000,24422.85,24329.23,pullback_only,UT100
2025-10-17_1630,1630,PULLBACK,BUY,2025-10-17 16:55:00,2025-10-20 07:05:00,24652.1,24940.839999999997,24507.73,24940.839999999997,144.36999999999898,288.73999999999796,2.0,TP_HIT,30.63000000000102,0.830379746835443,0.4831723317087599,144.36999999999898,24579.915,72.18499999999767,2.277361721475379,1,63.39353060982754,24611.79080082059,24588.650571187718,24534.499544859038,24533.221292204493,24736.193847298942,64.89172652851734,0.26317524932248004,1.546739282576882,0.0,0.6666666666666666,0,0,1,0,1630,24652.1,24507.73,pullback_only,UT100
2025-10-20_1000,1000,PULLBACK,BUY,2025-10-20 10:30:00,2025-10-20 11:15:00,24965.23,24932.48,24932.48,25030.73,32.75,-32.75,-1.0,SL_HIT,3.75,0.542603240982774,0.2607916929678099,32.75,24948.855,16.375,2.2775807852522063,1,14.379292366735282,24958.083089810647,24950.843968973335,24935.87940608024,24835.612625665806,24755.112243582793,13.695386717837245,0.054847693189335314,0.9896219919409964,0.0,1.0,0,0,1,1,1000,24965.23,24932.48,pullback_only,UT100
2025-10-20_1630,1630,PULLBACK,BUY,2025-10-20 16:55:00,2025-10-22 17:30:00,25060.1,24951.35,24951.35,25277.6,108.75,-108.75,-1.0,SL_HIT,5.25,0.4634146341463415,0.1821835952781263,108.75,25005.725,54.375,3.773803045046902,1,28.817084172618348,25026.430413722108,24990.305128158816,24957.360060809286,24892.04599183875,24766.037788660786,29.7241396162691,0.11862500211024561,1.7250142560664838,0.0,1.0,0,0,1,1,1630,25060.1,24951.35,pullback_only,UT100
2025-10-22_1630,1630,PULLBACK,SELL,2025-10-22 17:55:00,2025-10-22 19:30:00,25012.73,24818.73,25109.73,24818.73,97.0,194.0,2.0,TP_HIT,81.89999999999782,0.5766287966612195,1.8243237363773588,97.0,25061.23,-48.5,2.1606764643297742,0,44.89334780165186,24986.554416832216,25022.755885229803,25059.24081381707,25098.45317181787,24900.960567965147,47.520478549392365,0.18999489653495644,1.416880384095233,0.0,0.3333333333333333,0,0,0,1,1630,25109.73,25012.73,pullback_only,UT100
2025-10-23_1000,1000,PULLBACK,SELL,2025-10-23 10:45:00,2025-10-23 12:10:00,24948.73,24900.23,24972.98,24900.23,24.25,48.5,2.0,TP_HIT,10.0,0.9400953029270941,0.7107245589810264,24.25,24960.855,-12.125,1.723507055528989,1,14.070148376942411,24939.729603430547,24938.64447048195,24932.828177987853,24935.664402256072,24899.69838534967,14.40198789066976,0.057748627218583516,1.1142021038054792,0.0,1.0,0,0,1,1,1000,24972.98,24948.73,pullback_only,UT100
2025-10-23_1630,1630,PULLBACK,BUY,2025-10-23 17:15:00,2025-10-23 20:50:00,24937.85,25121.589999999997,24845.98,25121.589999999997,91.86999999999898,183.73999999999796,2.0,TP_HIT,46.25,0.9656196943973044,1.3895390346185814,91.86999999999898,24891.915,45.93499999999767,2.7601502942790845,1,33.2844193993408,24956.462167877675,24916.656653041195,24891.601801069293,24909.05403479869,24901.19025193977,37.98085223738977,0.15227455407124738,1.3782809703481709,0.0,1.0,0,0,1,1,1630,24937.85,24845.98,pullback_only,UT100
2025-10-24_0300,0300,PULLBACK,BUY,2025-10-24 04:25:00,2025-10-24 08:25:00,25154.85,25194.089999999997,25135.23,25194.089999999997,19.61999999999898,39.23999999999796,2.0,TP_HIT,1.5,0.8895348837206505,0.2155864015276511,19.61999999999898,25145.04,9.809999999997672,2.81987013198153,1,6.95776723100789,25157.920306267057,25152.73376601135,25139.9154055383,25054.814377823077,24921.908414156347,7.289011711608516,0.028978005977707035,1.0792981253453164,0.0,1.0,0,0,1,1,0300,25154.85,25135.23,pullback_only,UT100
2025-10-24_1000,1000,PULLBACK,SELL,2025-10-24 10:30:00,2025-10-24 10:35:00,25200.48,25216.35,25216.35,25168.74,15.869999999998981,-15.869999999998981,-1.0,SL_HIT,4.5,0.5588993981082916,0.5154851340758949,15.869999999998981,25208.415,-7.93500000000131,1.8179442395075394,1,8.729640687053188,25205.02760334633,25204.59223151226,25194.01243397374,25123.67213644064,24937.304691265308,9.433019004942055,0.0374191026452434,1.1854558167207325,0.0,1.0,0,0,1,1,1000,25216.35,25200.48,pullback_only,UT100
2025-10-24_1630,1630,PULLBACK,BUY,2025-10-24 17:10:00,2025-10-27 01:00:00,25381.85,25582.35,25281.6,25582.35,100.25,200.5,2.0,TP_HIT,2.1300000000010186,0.6476391825229161,0.06959081048415788,100.25,25331.725,50.125,3.2753421366354423,1,30.607489482909614,25360.223778727337,25332.163102165177,25289.234446098188,25198.506672646025,24959.559803455588,29.193157551855002,0.11498131333077717,1.0533409360020614,0.0,1.0,0,0,1,1,1630,25381.85,25281.6,pullback_only,UT100
2025-10-27_1000,1000,PULLBACK,BUY,2025-10-27 10:40:00,2025-10-27 11:25:00,25655.38,25633.5,25633.5,25699.140000000003,21.88000000000102,-21.88000000000102,-1.0,SL_HIT,5.25,0.7948717948717948,0.6158390758472913,21.88000000000102,25644.440000000002,10.93999999999869,2.566582662769402,1,8.524954336125685,25656.36045271474,25649.49031879664,25633.223248460115,25517.4985561723,25046.690529242205,9.118521192194857,0.035543720768909076,1.1212669445903323,0.0,1.0,0,0,1,1,1000,25655.38,25633.5,pullback_only,UT100
2025-10-27_1630,1630,PULLBACK,BUY,2025-10-27 17:10:00,2025-10-27 23:15:00,25713.13,25837.63,25650.88,25837.63,62.25,124.5,2.0,TP_HIT,7.25,0.5363553392151373,0.2993603952603511,62.25,25682.005,31.125,2.5703702903388765,1,24.21830046588073,25703.923417783608,25695.45095019285,25686.544972236108,25606.42912774231,25090.054806563905,22.12565679437276,0.08604601349228627,1.507167033953125,0.0,1.0,0,0,1,1,1630,25713.13,25650.88,pullback_only,UT100
2025-10-28_0300,0300,PULLBACK,SELL,2025-10-28 03:55:00,2025-10-28 14:20:00,25834.35,25852.98,25852.98,25797.089999999997,18.63000000000102,-18.63000000000102,-1.0,SL_HIT,1.8699999999989814,0.37313432835826055,0.2509286032461811,18.63000000000102,25843.665,-9.315000000002328,2.499892983143934,1,7.452319009500727,25838.51861500192,25844.29698290996,25837.873703472524,25749.33369781959,25152.289176208393,7.092009808233962,0.027453582367151914,0.9138549954928381,0.0,0.6666666666666666,0,0,1,1,0300,25852.98,25834.35,pullback_only,UT100
2025-10-28_1630,1630,PULLBACK,SELL,2025-10-28 16:55:00,2025-10-28 19:30:00,25899.48,25950.73,25950.73,25796.98,51.25,-51.25,-1.0,SL_HIT,9.5,0.822264389626845,0.3784130070087565,51.25,25925.105,-25.625,2.041438590441976,1,25.1048452987774,25909.811567351586,25895.747488933837,25872.499409811564,25825.56053006876,25235.986683455885,28.20819925894055,0.10882729945212719,1.8964755058569298,0.0,1.0,0,0,1,1,1630,25950.73,25899.48,pullback_only,UT100
2025-10-29_0300,0300,PULLBACK,BUY,2025-10-29 03:30:00,2025-10-29 05:00:00,26041.85,26080.35,26022.6,26080.35,19.25,38.5,2.0,TP_HIT,0.38000000000101863,0.5535055350552812,0.04569592701576624,19.25,26032.225,9.625,2.3148594606609003,1,8.315839612355585,26036.209283359378,26035.064870024748,26028.671065286333,25950.656881801693,25308.595456554045,8.640394330708174,0.03318094475627971,1.1343417122725283,0.5,1.0,0,1,1,1,0300,26041.85,26022.6,pullback_only,UT100
2025-10-29_1000,1000,PULLBACK,BUY,2025-10-29 10:50:00,2025-10-29 11:40:00,26140.6,26124.1,26124.1,26173.6,16.5,-16.5,-1.0,SL_HIT,9.5,0.7731249999999363,0.8854013676560434,16.5,26132.35,8.25,1.5378023754026018,1,10.72959716015541,26141.87894548649,26135.163661885865,26119.910070807407,26041.735318562838,25362.868948284347,10.0913259143292,0.03859572073805363,1.094633255875637,0.0,1.0,0,0,1,1,1000,26140.6,26124.1,pullback_only,UT100
2025-10-29_1630,1630,PULLBACK,BUY,2025-10-29 16:55:00,2025-10-29 17:50:00,26148.1,26112.6,26112.6,26219.1,35.5,-35.5,-1.0,SL_HIT,0.5,0.3101534443356084,0.027488182278325106,35.5,26130.35,17.75,1.9516609417610826,1,18.18963491064516,26142.205428878322,26133.46070844945,26127.77271730345,26084.979384091836,25407.2789059895,19.797683589225805,0.07563194864534516,1.6087829627733647,0.0,1.0,0,0,1,1,1630,26148.1,26112.6,pullback_only,UT100
2025-10-30_0300,0300,PULLBACK,BUY,2025-10-30 03:20:00,2025-10-30 05:40:00,26138.23,26226.23,26094.23,26226.23,44.0,88.0,2.0,TP_HIT,5.119999999998981,0.5072727272726656,0.22983439784571416,44.0,26116.23,22.0,1.975139356486999,1,22.276909148455633,26117.304383290408,26094.41689955508,26083.66124410675,26085.301887059013,25473.188036480806,22.173321261994882,0.08476694783769573,0.9713400428278663,0.5,1.0,0,1,1,1,0300,26138.23,26094.23,pullback_only,UT100
2025-10-30_1000,1000,PULLBACK,BUY,2025-10-30 10:20:00,2025-10-30 15:15:00,26127.23,26047.9,26047.9,26285.889999999996,79.32999999999811,-79.32999999999811,-1.0,SL_HIT,8.0,0.47810770005035164,0.26575981635462903,79.32999999999811,26087.565000000002,39.664999999997235,2.635340778926527,1,30.102368784469757,26102.70617410559,26105.010516437396,26119.325194427853,26116.706412785694,25518.64060340262,31.071386279873657,0.11903901937936835,1.0504845772140858,0.5,0.3333333333333333,0,1,0,1,1000,26127.23,26047.9,pullback_only,UT100
2025-10-30_1630,1630,PULLBACK,BUY,2025-10-30 16:55:00,2025-10-30 22:15:00,25984.1,25802.23,25802.23,26347.839999999997,181.86999999999898,-181.86999999999898,-1.0,SL_HIT,5.75,0.8306133333333224,0.09863168677500145,181.86999999999898,25893.165,90.93499999999767,3.119677369351202,0,58.29769507153312,25940.824132592646,25969.786414090853,26022.11811690655,26083.76717225346,25549.84892928274,54.54200239532884,0.2099073170270335,1.5828761364845116,0.0,0.3333333333333333,0,0,0,1,1630,25984.1,25802.23,pullback_only,UT100
2025-10-31_0300,0300,PULLBACK,BUY,2025-10-31 04:15:00,2025-10-31 15:15:00,26036.35,26106.85,26001.1,26106.85,35.25,70.5,2.0,TP_HIT,7.380000000001019,0.8133333333333334,0.4606681805830973,35.25,26018.725,17.625,2.2003459844921327,1,16.020207843875127,26046.684936864924,26036.299996783437,26001.890142900415,25988.388746836426,25590.80749237593,13.916680816265705,0.053455073071790565,0.9154702234255785,0.5,1.0,0,1,1,1,0300,26036.35,26001.1,pullback_only,UT100
2025-10-31_1630,1630,PULLBACK,SELL,2025-10-31 17:00:00,2025-10-31 20:05:00,25968.48,25779.74,26062.85,25779.74,94.36999999999898,188.73999999999796,2.0,TP_HIT,1.8800000000010186,0.2222222222222222,0.06037504878757195,94.36999999999898,26015.665,-47.18500000000131,3.0306347628085195,0,31.13869119370404,25990.193247077645,26027.884606479438,26048.437700401937,26038.612361916163,25646.337856569466,33.55353236787684,0.12940118191149136,1.6281771371523388,0.0,0.3333333333333333,0,0,0,1,1630,26062.85,25968.48,pullback_only,UT100
2025-11-03_0300,0300,PULLBACK,SELL,2025-11-03 04:20:00,2025-11-03 05:20:00,25967.23,25929.23,25986.23,25929.23,19.0,38.0,2.0,TP_HIT,4.25,0.8024242424241189,0.43757545408176846,19.0,25976.73,-9.5,1.9562196770714355,1,9.712610614593146,25964.126784758868,25962.748712481265,25946.43685835157,25954.74726005773,25671.94776053161,9.902175060018575,0.038123441459562896,1.0188528726875006,0.5,1.0,0,1,1,1,0300,25986.23,25967.23,pullback_only,UT100
2025-11-03_1630,1630,PULLBACK,SELL,2025-11-03 16:50:00,2025-11-04 05:40:00,26020.85,25800.089999999997,26131.23,25800.089999999997,110.38000000000102,220.76000000000204,2.0,TP_HIT,1.1199999999989814,0.4774774774774775,0.03954285689848147,110.38000000000102,26076.04,-55.19000000000233,3.8970897718378525,1,28.323699596980603,26045.350977256363,26047.62583273244,26032.0197293458,25985.099650108576,25706.149902271074,29.62987298404972,0.11395018084447991,1.4952327279472588,0.0,0.6666666666666666,0,0,1,1,1630,26131.23,26020.85,pullback_only,UT100
2025-11-04_1000,1000,PULLBACK,SELL,2025-11-04 11:25:00,2025-11-04 16:50:00,25605.73,25662.98,25662.98,25491.23,57.25,-57.25,-1.0,SL_HIT,7.25,0.8604081632652784,0.2699793645861743,57.25,25634.355,-28.625,2.1319060169046176,0,26.85390422750582,25619.75306180152,25631.059799937844,25664.661708991443,25806.852887744433,25727.654028410914,25.390716997171847,0.09918450295541882,1.086450210054336,0.5,0.0,0,1,0,0,1000,25662.98,25605.73,pullback_only,UT100
2025-11-04_1630,1630,PULLBACK,BUY,2025-11-04 17:55:00,2025-11-04 19:15:00,25653.23,25534.1,25534.1,25891.49,119.13000000000102,-119.13000000000102,-1.0,SL_HIT,92.86999999999898,0.7188303341902221,1.8911652429052466,119.13000000000102,25593.665,59.56499999999869,2.425912731638919,1,49.10728998875328,25703.01510746147,25687.47108053748,25658.540612304565,25714.52789403127,25723.00392519666,36.54770754596698,0.14243288105023844,0.9312707328292044,0.0,0.6666666666666666,0,0,0,0,1630,25653.23,25534.1,pullback_only,UT100
2025-11-05_0300,0300,PULLBACK,SELL,2025-11-05 03:55:00,2025-11-05 04:45:00,25229.95,25287.08,25287.08,25115.69,57.13000000000102,-57.13000000000102,-1.0,SL_HIT,4.869999999998981,0.8421428571428329,0.19056929953217294,57.13000000000102,25258.515,-28.56499999999869,2.2355696267506184,0,25.555008135908068,25211.382482644574,25251.482048231373,25328.75771558279,25516.715536723605,25698.550933699957,31.312608120592568,0.12418640337822563,1.2772434969338864,0.0,0.0,0,0,0,0,0300,25287.08,25229.95,pullback_only,UT100
2025-11-05_1000,1000,PULLBACK,BUY,2025-11-05 11:10:00,2025-11-05 12:50:00,25406.95,25330.7,25330.7,25559.45,76.25,-76.25,-1.0,SL_HIT,14.0,0.6853173113030154,0.6077703145245258,76.25,25368.825,38.125,3.3101776058925063,0,23.035017777978442,25400.50456732035,25393.315515347476,25381.49505892492,25428.457010727565,25672.99206119365,24.714348740914787,0.09731897658185322,1.1043292047866506,0.0,0.6666666666666666,0,0,0,0,1000,25406.95,25330.7,pullback_only,UT100
2025-11-06_0300,0300,PULLBACK,SELL,2025-11-06 03:30:00,2025-11-06 04:40:00,25531.98,25576.35,25576.35,25443.24,44.36999999999898,-44.36999999999898,-1.0,SL_HIT,23.63000000000102,0.6815642458100558,0.8883932790066262,44.36999999999898,25554.165,-22.18500000000131,1.6681341425950658,0,26.59858033417739,25542.815675736336,25566.461401052686,25598.293751295318,25561.98398370057,25658.614491301694,27.085436289620404,0.10611552630894108,1.1436883952579566,0.0,0.0,0,0,0,0,0300,25576.35,25531.98,pullback_only,UT100
2025-11-07_0300,0300,PULLBACK,SELL,2025-11-07 03:55:00,2025-11-07 08:00:00,25162.23,25222.23,25222.23,25042.23,60.0,-60.0,-1.0,SL_HIT,23.75,0.8897746014293039,0.88390777946918,60.0,25192.23,-30.0,2.2330301797116126,0,26.869318894628094,25153.52494782447,25172.018871198146,25191.871906112923,25319.956347659216,25605.828731188478,29.156283563409527,0.11587896641311081,1.2169132931785702,0.0,0.0,0,0,0,0,0300,25222.23,25162.23,pullback_only,UT100
2025-11-07_1000,1000,PULLBACK,SELL,2025-11-07 10:20:00,2025-11-07 10:35:00,25219.48,25175.24,25241.6,25175.24,22.11999999999898,44.23999999999796,2.0,TP_HIT,0.13000000000101863,0.7954285714286102,0.008089243055805936,22.11999999999898,25230.54,-11.06000000000131,1.376415818407823,0,16.0707249249623,25224.901092836903,25220.104977784693,25202.642460369563,25245.26692320015,25577.209417549107,16.310628268300523,0.06468723782372325,1.0733128431117531,0.5,0.6666666666666666,0,1,0,0,1000,25241.6,25219.48,pullback_only,UT100
2025-11-10_0300,0300,PULLBACK,BUY,2025-11-10 03:30:00,2025-11-10 07:15:00,25275.85,25387.089999999997,25220.23,25387.089999999997,55.61999999999898,111.23999999999796,2.0,TP_HIT,3.1300000000010186,0.453125,0.15159328666398073,55.61999999999898,25248.04,27.80999999999767,2.693807860782016,1,20.647352325957065,25261.00043550005,25234.4657909533,25158.94423418697,25055.046646859173,25491.217585501618,19.343477969274538,0.07654044763471422,0.7982229968727291,0.5,0.6666666666666666,0,1,1,0,0300,25275.85,25220.23,pullback_only,UT100
2025-11-10_1630,1630,PULLBACK,BUY,2025-11-10 17:05:00,2025-11-10 17:55:00,25534.23,25420.48,25420.48,25761.73,113.75,-113.75,-1.0,SL_HIT,0.11999999999898137,0.0784313725490196,0.00393881504079482,113.75,25477.355,56.875,3.73366842411845,1,30.46601547829125,25507.65839060148,25478.041283760474,25450.82460562084,25345.736854733568,25480.84067722607,29.08654674785228,0.11390640296502076,1.422063838755904,0.0,1.0,0,0,1,1,1630,25534.23,25420.48,pullback_only,UT100
