WindowID,WindowType,EntryType,Type,EntryTime,ExitTime,EntryPrice_x,ExitPrice,SL,TP,Risk,P&L,R_Multiple,Status,BreakoutDistance,BreakoutBodyPct,BreakoutAtrMultiple,RangeWidth,RangeMid,EntryOffset,RangeAtrRatio,PriceAboveEMA200_5M,ATR_Value,EMA_9_5M,EMA_21_5M,EMA_50_5M,EMA_200_5M,EMA_200_1H,ATR,ATR_Pct,ATR_Ratio,Consolidation_Score,Trend_Score,Is_Consolidating,Is_Tight_Range,Price_Above_EMA200_5M,Price_Above_EMA200_1H,ActiveWindowType,RangeHigh,RangeLow,Mode,MAE,MFE,BarsTracked,EntryPrice_y,StopPrice,TargetPrice,Bar1_Move,Bar3_Move,Bar5_Move,Bar10_Move,WinFlag,Depth_to_Stop,Depth_to_Range
2025-06-30_1630,1630,BREAKOUT,SELL,2025-06-30 16:45:00,2025-06-30 22:20:00,22581.15,22656.03,22656.03,22431.390000000007,74.87999999999738,-74.87999999999738,-1.0,SL_HIT,9.0,0.4493749999999181,0.1082133479384725,65.87999999999738,22623.09,-41.93999999999869,0.7921217069095874,0,83.16903756750213,22742.951762408586,23364.613167556858,24223.914934749893,25053.2866013036,22649.12572139304,83.16903756750213,0.3683117891139385,,0.0,0.0,0,0,0,0,1630,22656.03,22590.15,baseline_breakout,54.87999999999738,3.37000000000262,20,22581.15,22656.03,22431.390000000007,0.0,-27.75,-31.62999999999738,-27.11999999999898,0,0.7329059829059735,0.8330297510625313
2025-07-01_0300,300,BREAKOUT,BUY,2025-07-01 03:35:00,2025-07-01 05:50:00,22687.03,22670.4,22670.4,22720.289999999997,16.62999999999738,-16.62999999999738,-1.0,SL_HIT,0.25,0.6129999999997381,0.0276791872820218,16.37999999999738,22678.59,8.43999999999869,1.8135403507177816,0,9.03205709953701,22679.80633546568,22671.877525438584,22675.14374133736,23384.770723465062,22648.52179660529,9.03205709953701,0.0398115447440101,0.9781984627520972,0.5,0.6666666666666666,0,1,0,1,300,22686.78,22670.4,baseline_breakout,12.5,16.75,20,22687.03,22670.4,22720.29,0.0,4.120000000002619,2.75,-6.879999999997381,0,0.7516536380037263,0.7631257631258852
2025-07-01_1000,1000,BREAKOUT,SELL,2025-07-01 10:15:00,2025-07-01 15:20:00,22628.78,22577.28,22654.53,22577.28,25.75,51.5,2.0,TP_HIT,1.25,0.1836734693877551,0.1091054851872663,24.5,22642.28,-13.5,2.1384675096704195,0,11.456802541636902,22633.466493748037,22634.30360313722,22644.281554670204,22983.27008586708,22648.788072857067,11.456802541636902,0.050629342552435,1.3069030420706875,0.0,0.0,0,0,0,0,1000,22654.53,22630.03,baseline_breakout,18.62000000000262,20.25,20,22628.78,22654.53,22577.28,0.0,-3.12000000000262,2.1299999999973807,12.0,1,0.7231067961166066,0.7600000000001069
2025-07-01_1630,1630,BREAKOUT,BUY,2025-07-01 16:50:00,2025-07-01 17:20:00,22613.4,22569.28,22569.28,22701.640000000007,44.12000000000262,-44.12000000000262,-1.0,SL_HIT,3.37000000000262,0.2763157894736842,0.15970509681331,40.75,22589.655,23.74500000000262,1.9311521350555867,0,21.101392925123967,22598.12544666913,22596.493440760645,22604.553638218465,22779.86846448132,22646.71032625227,21.101392925123967,0.0933136676710444,1.3309079105245951,0.0,0.3333333333333333,0,0,0,0,1630,22610.03,22569.28,baseline_breakout,47.25,21.0,7,22613.4,22569.28,22701.640000000007,0.0,-20.75,5.5,,0,1.070942883046174,1.1595092024539877
2025-07-02_0300,300,BREAKOUT,SELL,2025-07-02 04:30:00,2025-07-02 05:10:00,22495.03,22468.53,22508.28,22468.53,13.25,26.5,2.0,TP_HIT,1.1200000000026191,0.6479663394115451,0.167883480008683,12.12999999999738,22502.215,-7.18500000000131,1.8182380468751091,0,6.671293685029,22500.838777206038,22501.574134172497,22500.654675415208,22576.93203519756,22630.361822583072,6.671293685029,0.0296567450011358,0.9568657746182077,0.5,0.3333333333333333,0,1,0,0,300,22508.28,22496.15,baseline_breakout,11.12000000000262,30.12999999999738,9,22495.03,22508.28,22468.53,0.0,-10.87000000000262,0.5,,1,0.8392452830190656,0.9167353668594411
2025-07-02_1000,1000,BREAKOUT,SELL,2025-07-02 10:15:00,2025-07-02 12:00:00,22540.53,22489.289999999997,22566.15,22489.289999999997,25.62000000000262,51.24000000000524,2.0,TP_HIT,7.870000000002619,0.8659558263522382,0.7350248822587403,17.75,22557.275,-16.74500000000262,1.657775306237395,0,10.707120520625118,22554.363700361995,22554.269614931964,22545.76653284921,22558.373901882347,22625.235236220444,10.707120520625118,0.0475016360335143,1.193290361403334,0.5,0.6666666666666666,0,1,0,0,1000,22566.15,22548.4,baseline_breakout,11.75,48.37999999999738,20,22540.53,22566.15,22489.29,0.0,17.25,7.129999999997381,24.0,1,0.45862607338012484,0.6619718309859155
2025-07-02_1630,1630,BREAKOUT,BUY,2025-07-02 16:45:00,2025-07-02 17:50:00,22499.9,22617.4,22441.15,22617.4,58.75,117.5,2.0,TP_HIT,3.8700000000026193,0.4811940298508244,0.1427554312868128,54.87999999999738,22468.59,31.31000000000131,2.024397433853905,0,27.10930130726392,22463.392799400783,22451.00071254205,22461.799719148345,22511.95348907304,22616.311820917177,27.10930130726392,0.120486319082591,1.1658080481389868,0.0,0.3333333333333333,0,0,0,0,1630,22496.03,22441.15,baseline_breakout,16.5,121.53999999999724,14,22499.9,22441.15,22617.4,0.0,-3.6200000000026193,32.73999999999796,92.91999999999824,1,0.28085106382978725,0.3006559766763992
2025-07-03_0300,300,BREAKOUT,BUY,2025-07-03 04:20:00,2025-07-03 05:10:00,22651.78,22631.28,22631.28,22692.78,20.5,-20.5,-1.0,SL_HIT,5.25,0.8,0.7908121203707499,15.25,22638.905,12.875,2.29712092107694,1,6.638744987290643,22643.199911640066,22641.078113492345,22635.57428989948,22593.97066153266,22617.71260816061,6.638744987290643,0.0293078291740898,1.1483505308224442,0.5,1.0,0,1,1,1,300,22646.53,22631.28,baseline_breakout,21.87999999999738,8.0,11,22651.78,22631.28,22692.78,0.0,-1.5,-6.879999999997381,-18.0,0,1.0673170731706039,1.434754098360484
2025-07-03_1000,1000,BREAKOUT,BUY,2025-07-03 10:35:00,2025-07-03 11:40:00,22693.03,22670.53,22670.53,22738.03,22.5,-22.5,-1.0,SL_HIT,5.379999999997381,0.8333333333333334,0.5795897210459189,17.12000000000262,22679.09,13.93999999999869,1.844344985931688,1,9.282428249915672,22681.45360584857,22675.15058470055,22665.819428551466,22629.02635484824,22620.321703866462,9.282428249915672,0.0409043140114637,1.1171129424432766,0.0,1.0,0,0,1,1,1000,22687.65,22670.53,baseline_breakout,26.5,3.8700000000026193,14,22693.03,22670.53,22738.03,0.0,-6.129999999997381,-16.12999999999738,-16.0,0,1.1777777777777778,1.5478971962614454
2025-07-03_1630,1630,BREAKOUT,BUY,2025-07-03 16:50:00,2025-07-04 11:15:00,22794.28,22728.03,22728.03,22926.78,66.25,-66.25,-1.0,SL_HIT,12.12999999999738,0.7384346814080723,0.4619519331086154,54.12000000000262,22755.09,39.18999999999869,2.0610749068297505,1,26.258143176002992,22749.50155385416,22720.499658450517,22692.51030818925,22654.80698928424,22623.957847995436,26.258143176002992,0.115196194729568,1.3776840782160618,0.0,1.0,0,0,1,1,1630,22782.15,22728.03,baseline_breakout,32.0,81.15000000000146,20,22794.28,22728.03,22926.78,0.0,44.87000000000262,58.0,56.12000000000262,0,0.4830188679245283,0.5912786400590992
2025-07-04_1000,1000,BREAKOUT,SELL,2025-07-04 11:20:00,2025-07-07 01:00:00,22750.53,22804.9,22804.9,22641.789999999997,54.37000000000262,-54.37000000000262,-1.0,SL_HIT,26.0,0.7205882352941176,2.04812229508486,28.37000000000262,22790.715,-40.18500000000131,2.234816519675494,0,12.69455445233691,22749.60263933317,22763.88840337777,22783.631950234816,22782.45159816581,22651.351401114265,12.69455445233691,0.0557989394195955,1.1046536121305748,0.0,0.3333333333333333,0,0,0,1,1000,22804.9,22776.53,baseline_breakout,19.0,42.75,20,22750.53,22804.9,22641.79,0.0,-1.25,-5.5,12.75,0,0.34945742137206337,0.6697215368346227
2025-07-07_0300,300,BREAKOUT,SELL,2025-07-07 03:40:00,2025-07-07 15:15:00,22767.53,22800.28,22800.28,22702.03,32.75,-32.75,-1.0,SL_HIT,10.62000000000262,0.9621166566447698,0.9387496506351418,22.12999999999738,22789.215,-21.68500000000131,1.9561704113510456,1,11.312920322065963,22782.000345858927,22782.639819857264,22769.81866442293,22756.71341681036,22661.10408942162,11.312920322065963,0.0496888345906032,0.8541832216859981,0.5,0.6666666666666666,0,1,1,1,300,22800.28,22778.15,baseline_breakout,16.0,52.12999999999738,20,22767.53,22800.28,22702.03,0.0,-4.25,21.5,11.62999999999738,0,0.48854961832061067,0.723000451875368
2025-07-07_1630,1630,BREAKOUT,SELL,2025-07-07 17:55:00,2025-07-08 10:55:00,22698.63,22776.15,22776.15,22543.59,77.52000000000044,-77.52000000000044,-1.0,SL_HIT,3.270000000000437,0.5393436140766685,0.1307946165025338,74.25,22739.025,-40.39500000000044,2.969877760034201,0,25.001028998292824,22721.81407811887,22733.232414925536,22745.08983226136,22750.78089726425,22672.57765319731,25.001028998292824,0.1101433390398135,1.0455715224358246,0.0,0.3333333333333333,0,0,0,1,1630,22776.15,22701.9,baseline_breakout,61.59999999999855,62.59000000000015,20,22698.63,22776.15,22543.59,0.0,-10.099999999998545,-8.68999999999869,-17.18000000000029,0,0.7946336429308334,0.8296296296296102
2025-07-08_1000,1000,BREAKOUT,BUY,2025-07-08 11:00:00,2025-07-08 12:50:00,22754.78,22728.65,22728.65,22807.039999999997,26.12999999999738,-26.12999999999738,-1.0,SL_HIT,2.6299999999973807,0.8009075439594281,0.2223861605713518,23.5,22740.4,14.37999999999738,1.9871006743087347,1,11.826275489627667,22754.67550417441,22747.496679076325,22737.235579335585,22717.24770951496,22678.1271192504,11.826275489627667,0.0519727085457546,1.1840313172688388,0.0,1.0,0,0,1,1,1000,22752.15,22728.65,baseline_breakout,20.25,14.5,20,22754.78,22728.65,22807.04,0.0,-1.75,1.6200000000026191,-2.5,0,0.7749712973594347,0.8617021276595744
2025-07-08_1630,1630,BREAKOUT,SELL,2025-07-08 16:55:00,2025-07-08 19:20:00,22687.03,22748.9,22748.9,22563.289999999997,61.87000000000262,-61.87000000000262,-1.0,SL_HIT,8.12000000000262,0.8511904761904762,0.3501138708481072,53.75,22722.025,-34.99500000000262,2.317564108137893,0,23.19245444441528,22716.543691916864,22728.625491865045,22736.415294102582,22729.03673749203,22680.720180477445,23.19245444441528,0.1022278122981072,1.6825218449882395,0.0,0.3333333333333333,0,0,0,1,1630,22748.9,22695.15,baseline_breakout,59.08000000000175,40.95999999999913,20,22687.03,22748.9,22563.29,0.0,2.8799999999973807,0.5999999999985448,-44.28000000000248,0,0.9549054469047883,1.099162790697707
2025-07-09_0300,300,BREAKOUT,SELL,2025-07-09 03:30:00,2025-07-09 05:00:00,22672.9,22706.15,22706.15,22606.4,33.25,-33.25,-1.0,SL_HIT,4.75,0.7948717948717948,0.5127614208372301,28.5,22691.9,-19.0,3.0765685250233807,0,9.263567435015416,22687.9198309537,22699.068263978355,22706.65039074094,22715.141660896858,22684.92504477369,9.263567435015416,0.0408574440632447,0.9034903608794046,0.5,0.0,0,1,0,0,300,22706.15,22677.65,baseline_breakout,34.75,11.12000000000262,19,22672.9,22706.15,22606.4,0.0,-12.5,-13.12999999999738,-15.37999999999738,0,1.0451127819548873,1.219298245614035
2025-07-09_1000,1000,BREAKOUT,BUY,2025-07-09 12:10:00,2025-07-09 16:25:00,22716.28,22783.039999999997,22682.9,22783.039999999997,33.37999999999738,66.75999999999476,2.0,TP_HIT,7.629999999997381,0.8654937570940825,0.8719264028093768,25.75,22695.775,20.50499999999738,2.9426087643970065,1,8.75073856625199,22702.14007438104,22698.596508787883,22694.10283383044,22699.160299455263,22686.035689757977,8.75073856625199,0.0385218819553729,0.9389112694882996,0.5,1.0,0,1,1,1,1000,22708.65,22682.9,baseline_breakout,16.25,33.12000000000262,20,22716.28,22682.9,22783.04,0.0,19.62000000000262,20.75,15.0,1,0.4868184541642084,0.6310679611650486
2025-07-09_1630,1630,BREAKOUT,BUY,2025-07-09 16:45:00,2025-07-09 17:35:00,22892.4,22785.53,22785.53,23106.140000000007,106.87000000000262,-106.87000000000262,-1.0,SL_HIT,20.87000000000262,0.937984496124031,1.0139672175819197,86.0,22828.53,63.87000000000262,4.178302861142029,1,20.582519472150988,22824.026483021087,22789.28791377454,22759.413700237637,22722.81969633926,22689.67043569712,20.582519472150988,0.0899098367674467,1.7537036695122752,0.0,1.0,0,0,1,1,1630,22871.53,22785.53,baseline_breakout,121.76000000000204,25.75,11,22892.4,22785.53,23106.140000000007,0.0,1.25,3.899999999997817,-86.96000000000276,0,1.139328155703182,1.4158139534883958
2025-07-10_0300,300,BREAKOUT,SELL,2025-07-10 03:25:00,2025-07-10 11:20:00,22822.18,22844.3,22844.3,22777.94,22.11999999999898,-22.11999999999898,-1.0,SL_HIT,2.8699999999989814,0.4345307068365651,0.3751484591826874,19.25,22834.675,-12.49499999999898,2.5162396652506263,1,7.650304645397375,22832.997270011885,22842.176988225307,22842.58193671634,22797.27701730157,22701.816444252512,7.650304645397375,0.0335213579307383,1.1757247564581,0.0,0.3333333333333333,0,0,1,1,300,22844.3,22825.05,baseline_breakout,9.11999999999898,24.88000000000102,20,22822.18,22844.3,22777.94,0.0,0.0,0.5,9.13000000000102,0,0.4122965641952712,0.47376623376618077
2025-07-10_1000,1000,BREAKOUT,BUY,2025-07-10 11:25:00,2025-07-10 16:50:00,22845.93,22792.55,22792.55,22952.69,53.38000000000102,-53.38000000000102,-1.0,SL_HIT,40.5,0.2621231979029794,4.373733561681192,12.88000000000102,22798.99,46.94000000000233,1.390955266036005,1,9.25982331315867,22834.294418423768,22823.39186742827,22814.89241265964,22805.75864306512,22710.58880829644,9.25982331315867,0.0405316102831387,1.1416668721148735,0.0,1.0,0,0,1,1,1000,22805.43,22792.55,baseline_breakout,24.75,13.36999999999898,20,22845.93,22792.55,22952.69,0.0,3.5,-1.25,5.369999999998981,0,0.4636568002997289,1.9215838509315248
2025-07-10_1630,1630,BREAKOUT,SELL,2025-07-10 16:55:00,2025-07-21 19:35:00,22769.55,22898.8,22898.8,22511.05,129.25,-129.25,-1.0,SL_HIT,62.13000000000102,0.3820224719101123,2.2596576144240674,67.11999999999898,22865.24,-95.68999999999868,2.441143072270057,0,27.495315929018066,22820.49004752925,22840.711210625934,22847.15821048481,22827.730487331268,22716.84552843078,27.495315929018066,0.1207547620792596,1.8763025853893296,0.0,0.3333333333333333,0,0,0,1,1630,22898.8,22831.68,baseline_breakout,49.01000000000204,58.86999999999898,20,22769.55,22898.8,22511.05,0.0,29.75,-4.5,-14.180000000000293,0,0.3791876208897643,0.7301847437425921
2025-07-22_0300,300,BREAKOUT,BUY,2025-07-22 03:20:00,2025-07-22 03:50:00,23201.65,23188.15,23188.15,23228.65,13.5,-13.5,-1.0,SL_HIT,2.87000000000262,0.6730434782613252,0.5135480648326191,10.62999999999738,23193.465,8.18500000000131,1.9020961425659972,1,5.588571346166089,23194.5273917889,23191.85989119601,23182.18650221649,23037.936406213623,22813.856889848583,5.588571346166089,0.0240869565145844,1.070014916628608,0.5,1.0,0,1,1,1,300,23198.78,23188.15,baseline_breakout,15.25,2.1299999999973807,7,23201.65,23188.15,23228.65,0.0,-2.75,-9.75,,0,1.1296296296296295,1.4346190028225547
2025-07-22_1000,1000,BREAKOUT,SELL,2025-07-22 10:55:00,2025-07-22 16:30:00,23147.28,23189.15,23189.15,23063.539999999997,41.87000000000262,-41.87000000000262,-1.0,SL_HIT,5.620000000002619,0.3722627737226277,0.440131531348312,36.25,23171.025,-23.74500000000262,2.8389266924143906,1,12.768910200062567,23168.278172437214,23167.362744005724,23166.09472756395,23116.92608480589,22837.80612916288,12.768910200062567,0.05516376092596,1.6763091936887808,0.0,1.0,0,0,1,1,1000,23189.15,23152.9,baseline_breakout,13.12000000000262,35.0,20,23147.28,23189.15,23063.54,0.0,-5.0,-4.620000000002619,23.37999999999738,0,0.3133508478624743,0.36193103448283087
2025-07-22_1630,1630,BREAKOUT,SELL,2025-07-22 16:45:00,2025-07-23 23:00:00,23056.15,23191.53,23191.53,22785.390000000007,135.37999999999738,-135.37999999999738,-1.0,SL_HIT,45.75,0.9718796992480808,1.61392748138882,89.62999999999738,23146.715,-90.56499999999868,3.1618867793852616,0,28.34699856565496,23136.923920373018,23153.68745272297,23154.727164294865,23132.741223080546,22854.244517102165,28.34699856565496,0.1229476671762412,2.4094130341026245,0.0,0.3333333333333333,0,0,0,1,1630,23191.53,23101.9,baseline_breakout,64.62999999999738,102.87000000000262,20,23056.15,23191.53,22785.390000000007,0.0,70.75,37.12000000000262,10.2400000000016,0,0.47739695671442334,0.7210755327457243
2025-07-24_0300,300,BREAKOUT,BUY,2025-07-24 03:35:00,2025-07-24 06:45:00,23252.47,23233.59,23233.59,23290.230000000003,18.88000000000102,-18.88000000000102,-1.0,SL_HIT,0.7299999999995634,0.4933628318582628,0.1066216072294569,18.15000000000145,23242.665,9.805000000000293,2.650934481117749,1,6.846642242304165,23249.11360897198,23245.448594737387,23222.596944138862,23148.25770312482,22926.629097100467,6.846642242304165,0.0294447955090541,0.8690863344569416,0.5,1.0,0,1,1,1,300,23251.74,23233.59,baseline_breakout,11.25,20.61999999999898,20,23252.47,23233.59,23290.230000000003,0.0,1.5,-6.729999999999563,17.75,0,0.5958686440677644,0.6198347107437521
2025-07-24_1000,1000,BREAKOUT,BUY,2025-07-24 10:55:00,2025-07-24 11:00:00,23220.99,23204.11,23204.11,23254.750000000004,16.88000000000102,-16.88000000000102,-1.0,SL_HIT,6.5,0.7854077253219152,0.8648976833265462,10.38000000000102,23209.300000000003,11.68999999999869,1.3811750696816043,1,7.515339820312474,23213.189876942568,23215.730620878847,23223.45630599118,23198.1628009504,22947.358672135604,7.515339820312474,0.0323644246878038,1.0742231129437911,0.0,0.3333333333333333,0,0,1,1,1000,23214.49,23204.11,baseline_breakout,22.0,0.5,2,23220.99,23204.11,23254.750000000004,0.0,,,,0,1.3033175355449451,2.1194605009631826
2025-07-24_1630,1630,BREAKOUT,SELL,2025-07-24 17:05:00,2025-07-24 18:50:00,23180.7,23249.08,23249.08,23043.94,68.38000000000102,-68.38000000000102,-1.0,SL_HIT,4.0,0.3778417266187343,0.1412797130751279,64.38000000000102,23216.89,-36.18999999999869,2.2738969819442194,0,28.31262828140748,23202.85280825904,23209.485980573383,23217.730490819165,23211.581910711684,22966.23635050104,28.31262828140748,0.1221387977127846,1.6325501352905571,0.0,0.3333333333333333,0,0,0,1,1630,23249.08,23184.7,baseline_breakout,65.52000000000044,32.25,20,23180.7,23249.08,23043.94,0.0,-3.880000000001018,-1.1300000000010186,-36.659999999999854,0,0.9581749049429579,1.0177073625349393
2025-07-25_0300,300,BREAKOUT,BUY,2025-07-25 04:35:00,2025-07-25 07:40:00,23276.4,23256.15,23256.15,23316.9,20.25,-20.25,-1.0,SL_HIT,0.8700000000026193,0.6,0.1499803685597933,19.37999999999738,23265.84,10.56000000000131,3.3409420030800594,1,5.800759181730991,23271.68554563423,23268.210201731592,23261.20450337921,23238.94755281529,22993.01468543137,5.800759181730991,0.0249212042314575,0.8648986386339524,0.5,1.0,0,1,1,1,300,23275.53,23256.15,baseline_breakout,2.62000000000262,14.37999999999738,20,23276.4,23256.15,23316.9,0.0,7.629999999997381,5.129999999997381,8.75,0,0.1293827160495121,0.13519091847280568
2025-07-25_1000,1000,BREAKOUT,SELL,2025-07-25 10:15:00,2025-07-25 16:35:00,23230.65,23194.15,23248.9,23194.15,18.25,36.5,2.0,TP_HIT,0.8799999999973807,0.2266666666664172,0.1111102800869025,17.37000000000262,23240.215,-9.56499999999869,2.1931654149040143,0,7.920059235825052,23242.865318824857,23251.638152346204,23260.47712660264,23253.18969394934,23008.348029613888,7.920059235825052,0.0340931452018133,1.5673186819457012,0.0,0.3333333333333333,0,0,0,1,1000,23248.9,23231.53,baseline_breakout,7.25,26.5,20,23230.65,23248.9,23194.15,0.0,8.5,5.25,9.62000000000262,1,0.3972602739726027,0.4173862982152508
2025-07-25_1630,1630,BREAKOUT,BUY,2025-07-25 16:45:00,2025-07-28 01:00:00,23239.15,23344.890000000007,23186.28,23344.890000000007,52.87000000000262,105.74000000000524,2.0,TP_HIT,6.120000000002619,0.9891304347826086,0.3197956532065291,46.75,23209.655,29.49500000000262,2.442883461993274,1,19.137220717788264,23222.18635392482,23223.42584241081,23227.071681606223,23238.644490416304,23021.3738316926,19.137220717788264,0.0823490563027832,1.8588466278662483,0.0,0.3333333333333333,0,0,1,1,1630,23233.03,23186.28,baseline_breakout,22.75,39.95999999999913,20,23239.15,23186.28,23344.890000000007,0.0,5.25,20.169999999998254,18.55999999999767,1,0.4303007376583861,0.48663101604278075
2025-07-28_0300,300,BREAKOUT,BUY,2025-07-28 03:15:00,2025-07-28 08:45:00,23397.65,23429.15,23381.9,23429.15,15.75,31.5,2.0,TP_HIT,4.870000000002619,0.6020512820515507,0.5095456735581425,10.87999999999738,23387.34,10.31000000000131,1.138368979118742,1,9.55753380456663,23392.19366334178,23382.596621557088,23355.370025081786,23296.643067525267,23051.62387109517,9.55753380456663,0.0408482638408841,0.8497744377756989,0.5,1.0,0,1,1,1,300,23392.78,23381.9,baseline_breakout,10.0,4.75,20,23397.65,23381.9,23429.15,0.0,-2.75,-1.8700000000026196,-4.370000000002619,1,0.6349206349206349,0.9191176470590448
2025-07-28_1000,1000,BREAKOUT,SELL,2025-07-28 10:30:00,2025-07-28 16:10:00,23392.78,23335.539999999997,23421.4,23335.539999999997,28.62000000000262,57.24000000000524,2.0,TP_HIT,7.620000000002619,0.8365217391306625,1.0266956465587491,21.0,23410.9,-18.12000000000262,2.8294761913026667,1,7.421868423756476,23406.53196026478,23414.18667101663,23413.43828082523,23363.28618542349,23075.97107885841,7.421868423756476,0.0317271757514774,1.2731015627787334,0.0,0.6666666666666666,0,0,1,1,1000,23421.4,23400.4,baseline_breakout,15.37000000000262,2.6299999999973807,20,23392.78,23421.4,23335.54,0.0,2.3799999999973807,-11.12000000000262,-0.75,1,0.5370370370370794,0.7319047619048866
2025-07-28_1630,1630,BREAKOUT,BUY,2025-07-28 16:50:00,2025-07-28 18:15:00,23365.65,23322.15,23322.15,23452.65,43.5,-43.5,-1.0,SL_HIT,4.25,0.3056975894814981,0.2159312418768249,39.25,23341.775,23.875,1.9941885279212657,0,19.682191252455976,23351.872289838386,23353.099360517816,23361.975439480448,23365.8587288032,23093.241589901056,19.682191252455976,0.0842355819438191,1.788974509328661,0.0,0.3333333333333333,0,0,0,1,1630,23361.4,23322.15,baseline_breakout,51.150000000001455,19.87999999999738,18,23365.65,23322.15,23452.65,0.0,3.8799999999973807,9.0,1.359999999996944,0,1.1758620689655508,1.3031847133758332
2025-07-29_0300,300,BREAKOUT,BUY,2025-07-29 03:25:00,2025-07-29 10:25:00,23393.28,23422.28,23378.78,23422.28,14.5,29.0,2.0,TP_HIT,2.3799999999973807,0.5974193548383717,0.3815511576545208,12.12000000000262,23384.84,8.43999999999869,1.9430252230163363,1,6.237695659548685,23388.05976996996,23385.160172004413,23373.337721795288,23360.38895860817,23118.509844659733,6.237695659548685,0.0266644765486015,1.2019809011548717,0.5,1.0,0,1,1,1,300,23390.9,23378.78,baseline_breakout,10.12999999999738,13.37000000000262,20,23393.28,23378.78,23422.28,0.0,1.6200000000026191,-0.1299999999973806,8.87000000000262,1,0.6986206896549918,0.835808580857689
2025-07-29_1000,1000,BREAKOUT,BUY,2025-07-29 10:30:00,2025-07-29 12:55:00,23425.15,23462.65,23406.4,23462.65,18.75,37.5,2.0,TP_HIT,9.12000000000262,0.5328596802844398,1.4729437919509565,9.62999999999738,23411.215,13.93500000000131,1.5553123592631335,1,6.191682296255798,23417.03071353815,23413.631942759414,23408.600300439997,23386.29381801465,23138.179574146696,6.191682296255798,0.0264317722458801,1.2987901703936604,0.0,1.0,0,0,1,1,1000,23416.03,23406.4,baseline_breakout,4.5,35.0,20,23425.15,23406.4,23462.65,0.0,11.5,27.25,27.0,1,0.24,0.46728971962629534
2025-07-29_1630,1630,BREAKOUT,SELL,2025-07-29 16:45:00,2025-07-29 18:25:00,23451.65,23327.65,23513.65,23327.65,62.0,124.0,2.0,TP_HIT,3.6299999999973807,0.6597002322144453,0.1670756932143901,58.37000000000262,23484.465,-32.81499999999869,2.6865587363447445,1,21.726679268296653,23467.84754593059,23461.690325062973,23455.602221906323,23422.72844313077,23156.50619046601,21.726679268296653,0.0926445655989947,2.2662511734053434,0.0,1.0,0,0,1,1,1630,23513.65,23455.28,baseline_breakout,35.5,104.06000000000132,20,23451.65,23513.65,23327.65,0.0,2.0,18.12000000000262,31.06999999999971,1,0.5725806451612904,0.6081891382559261
2025-07-30_0300,300,BREAKOUT,BUY,2025-07-30 05:05:00,2025-07-30 11:30:00,23356.4,23334.28,23334.28,23400.640000000007,22.12000000000262,-22.12000000000262,-1.0,SL_HIT,4.870000000002619,1.0,0.8751369943969877,17.25,23342.905,13.49500000000262,3.0998178959630223,0,5.564843025929087,23348.66887673233,23345.396344872766,23341.227233752536,23363.184735802333,23178.002910978368,5.564843025929087,0.0238257737747644,0.932349959801714,0.0,1.0,0,0,0,1,300,23351.53,23334.28,baseline_breakout,13.25,12.62999999999738,20,23356.4,23334.28,23400.640000000007,0.0,-2.5,-7.370000000002619,1.25,0,0.5990054249547211,0.7681159420289855
2025-07-30_1630,1630,BREAKOUT,BUY,2025-07-30 17:20:00,2025-07-30 21:55:00,23377.25,23313.53,23313.53,23504.69,63.72000000000117,-63.72000000000117,-1.0,SL_HIT,5.220000000001164,0.5376223776224102,0.2265862735916214,58.5,23342.78,34.470000000001164,2.539328928181398,1,23.03758262695656,23354.50496172844,23353.444380175824,23355.32395385633,23358.78151332905,23198.725895179407,23.03758262695656,0.0985470174077642,1.3614948606258606,0.0,0.6666666666666666,0,0,1,1,1630,23372.03,23313.53,baseline_breakout,39.59000000000015,25.52000000000044,20,23377.25,23313.53,23504.69,0.0,0.1300000000010186,2.7299999999995634,-9.299999999999272,0,0.6213119899560487,0.6767521367521394
2025-07-31_0300,300,BREAKOUT,BUY,2025-07-31 03:15:00,2025-07-31 05:55:00,23603.28,23653.78,23578.03,23653.78,25.25,50.5,2.0,TP_HIT,11.87999999999738,0.9119999999998768,1.1804951909925858,13.37000000000262,23584.715,18.56499999999869,1.3285539312775627,1,10.063573397540416,23592.727561291205,23582.79643138645,23532.135539482977,23429.38909244001,23221.44903846431,10.063573397540416,0.0426363344312333,0.8929788056377684,0.5,1.0,0,1,1,1,300,23591.4,23578.03,baseline_breakout,19.37999999999738,41.75,20,23603.28,23578.03,23653.78,0.0,-0.8799999999973807,5.75,17.25,1,0.7675247524751437,1.4495138369479121
2025-07-31_1000,1000,BREAKOUT,BUY,2025-07-31 10:20:00,2025-07-31 10:40:00,23664.78,23695.78,23649.28,23695.78,15.5,31.0,2.0,TP_HIT,1.25,0.9557142857140988,0.1431301721333434,14.25,23656.405,8.375,1.6316839623201145,1,8.733308857027511,23657.92917261232,23657.76667602331,23652.52266798153,23556.63475210248,23251.32371093765,8.733308857027511,0.036904246973889,1.1721215861389396,0.0,1.0,0,0,1,1,1000,23663.53,23649.28,baseline_breakout,13.37999999999738,36.75,5,23664.78,23649.28,23695.78,0.0,11.87000000000262,35.37000000000262,,1,0.8632258064514439,0.9389473684208688
2025-07-31_1630,1630,BREAKOUT,SELL,2025-07-31 17:30:00,2025-07-31 21:10:00,23484.58,23222.44,23615.65,23222.44,131.0699999999997,262.1399999999994,2.0,TP_HIT,2.069999999999709,0.4539619846951406,0.059708656480975,129.0,23551.15,-66.56999999999971,3.720974244467087,0,34.668339935923214,23523.962508208268,23559.342022352244,23600.55583386461,23598.47381034994,23274.760047803826,34.668339935923214,0.1476217157638042,1.3373323884318549,0.0,0.3333333333333333,0,0,0,1,1630,23615.65,23486.65,baseline_breakout,34.55999999999767,135.1600000000035,20,23484.58,23615.65,23222.44,0.0,1.6500000000014552,52.56000000000131,115.53000000000247,1,0.26367589837489697,0.267906976744168
2025-08-01_0300,300,BREAKOUT,SELL,2025-08-01 03:20:00,2025-08-01 04:15:00,23142.78,23174.78,23174.78,23078.78,32.0,-32.0,-1.0,SL_HIT,5.370000000002619,0.6372795969776001,0.3285438978134523,26.62999999999738,23161.465,-18.68500000000131,1.6292595900869846,0,16.34484778363381,23155.775187927917,23163.33825744645,23198.4183281755,23374.18734774867,23272.95982767402,16.34484778363381,0.0706261209052404,0.7314170557208287,0.5,0.0,0,1,0,0,300,23174.78,23148.15,baseline_breakout,37.62000000000262,39.75,12,23142.78,23174.78,23078.78,0.0,10.37999999999738,-9.62000000000262,-17.5,0,1.1756250000000819,1.4126924521219046
2025-08-01_1000,1000,BREAKOUT,SELL,2025-08-01 10:15:00,2025-08-01 13:45:00,23077.78,22933.28,23150.03,22933.28,72.25,144.5,2.0,TP_HIT,20.0,0.9154770848985808,1.0831886284863934,52.25,23123.905,-46.125,2.829830291920703,0,18.46400476706189,23116.61092520239,23137.81242600409,23159.86552288865,23259.78540011692,23265.17525008296,18.46400476706189,0.0800077163707336,1.4761115518807006,0.0,0.0,0,0,0,0,1000,23150.03,23097.78,baseline_breakout,24.62000000000262,143.37999999999738,20,23077.78,23150.03,22933.28,0.0,20.75,44.5,56.12999999999738,1,0.3407612456747767,0.47119617224885396
2025-08-01_1630,1630,BREAKOUT,SELL,2025-08-01 16:45:00,2025-08-04 16:10:00,22738.78,22966.78,22966.78,22282.78,228.0,-228.0,-1.0,SL_HIT,51.87000000000262,0.8539200000000419,1.0983893187093103,176.12999999999738,22878.715,-139.9350000000013,3.729695598694008,0,47.223693017111415,22865.838968805085,22916.141167680864,22956.78207539563,23101.40976137867,23245.750879273663,47.223693017111415,0.2076790971947986,1.5787552835766632,0.0,0.0,0,0,0,0,1630,22966.78,22790.65,baseline_breakout,159.62000000000262,67.5,20,22738.78,22966.78,22282.78,0.0,-9.62000000000262,-24.62000000000262,-146.12000000000262,0,0.7000877192982571,0.9062624198035826
2025-08-04_1630,1630,BREAKOUT,BUY,2025-08-04 16:45:00,2025-08-06 01:00:00,23099.03,22971.9,22971.9,23353.289999999997,127.12999999999738,-127.12999999999738,-1.0,SL_HIT,19.75,0.674807197943388,0.7910592192350552,107.37999999999738,23025.59,73.43999999999869,4.300958934757374,1,24.966525286309174,23023.06122161716,22988.109314565816,22959.918422272043,22912.21859756197,23165.168632542227,24.966525286309174,0.1080847346676859,1.8509450461637484,0.0,0.6666666666666666,0,0,1,0,1630,23079.28,22971.9,baseline_breakout,28.989999999997963,43.13000000000102,20,23099.03,22971.9,23353.29,0.0,29.87000000000262,12.270000000000437,29.90999999999985,0,0.2280342956029148,0.2699757869249271
2025-08-06_0300,300,BREAKOUT,BUY,2025-08-06 03:35:00,2025-08-06 05:30:00,22977.4,23051.4,22940.4,23051.4,37.0,74.0,2.0,TP_HIT,0.25,0.1610305958132271,0.0155442804456803,36.75,22958.775,18.625,2.2850092255150107,0,16.083086050436858,22972.12295836477,22972.17760987962,22990.25369919584,23083.34613671398,23161.02787418132,16.083086050436858,0.0699952390193705,1.1951285925831592,0.5,0.0,0,1,0,0,300,22977.15,22940.4,baseline_breakout,21.25,54.0,20,22977.4,22940.4,23051.4,0.0,-7.870000000002619,-13.87000000000262,-11.5,1,0.5743243243243243,0.5782312925170068
2025-08-06_1000,1000,BREAKOUT,SELL,2025-08-06 11:25:00,2025-08-06 13:00:00,23080.53,23017.03,23112.28,23017.03,31.75,63.5,2.0,TP_HIT,1.5,0.3285870755751217,0.1288599934706871,30.25,23097.155,-16.625,2.598676534992191,1,11.640540710885704,23093.09457492924,23093.592417277792,23080.732425074984,23071.03529091928,23153.61118961072,11.640540710885704,0.0504344601743794,1.0356999067997106,0.0,0.3333333333333333,0,0,1,0,1000,23112.28,23082.03,baseline_breakout,8.5,66.5,20,23080.53,23112.28,23017.03,0.0,8.87999999999738,23.0,11.5,1,0.2677165354330709,0.2809917355371901
2025-08-06_1630,1630,BREAKOUT,BUY,2025-08-06 16:50:00,2025-08-06 20:40:00,23120.78,23282.28,23040.03,23282.28,80.75,161.5,2.0,TP_HIT,1.75,0.1738935406698241,0.0449123014819874,79.0,23079.53,41.25,2.0274696097582887,1,38.964825721564445,23089.60875281822,23076.683867451204,23066.8543986118,23065.04132122825,23149.08509795296,38.964825721564445,0.1685272976152381,1.9632142202066476,0.0,0.6666666666666666,0,0,1,0,1630,23119.03,23040.03,baseline_breakout,65.98999999999796,99.72999999999956,20,23120.78,23040.03,23282.28,0.0,39.62000000000262,-12.090000000000146,13.729999999999563,1,0.8172136222909965,0.8353164556961767
2025-08-07_0300,300,BREAKOUT,BUY,2025-08-07 03:15:00,2025-08-07 11:00:00,23361.4,23414.640000000007,23334.78,23414.640000000007,26.62000000000262,53.24000000000524,2.0,TP_HIT,4.25,0.3926325247083241,0.439666609221102,22.37000000000262,23345.965,15.43500000000131,2.314198129006401,1,9.66641521294772,23352.676634596064,23346.731657410703,23326.61672627066,23220.35192558922,23163.0036619814,9.66641521294772,0.0413777222809751,0.8091880915399101,0.5,1.0,0,1,1,1,300,23357.15,23334.78,baseline_breakout,8.5,40.12999999999738,20,23361.4,23334.78,23414.640000000007,0.0,14.62999999999738,23.5,17.5,1,0.31930879038313914,0.3799731783638357
2025-08-07_1000,1000,BREAKOUT,BUY,2025-08-07 11:05:00,2025-08-07 17:00:00,23428.03,23561.03,23361.53,23561.03,66.5,133.0,2.0,TP_HIT,36.62999999999738,0.3078276165346696,2.88709284998086,29.87000000000262,23376.465,51.56499999999869,2.3542851058952228,1,12.68750327868403,23401.706040297347,23389.51101070126,23380.178642245097,23316.93470802316,23180.12276542228,12.68750327868403,0.054155228923149,1.1595956749906806,0.0,1.0,0,0,1,1,1000,23391.4,23361.53,baseline_breakout,8.0,55.87000000000262,20,23428.03,23361.53,23561.03,0.0,6.25,30.75,27.25,1,0.12030075187969924,0.2678272514228088
2025-08-07_1630,1630,BREAKOUT,SELL,2025-08-07 17:20:00,2025-08-07 19:45:00,23455.4,23288.640000000007,23538.78,23288.640000000007,83.37999999999738,166.75999999999476,2.0,TP_HIT,19.12999999999738,0.7116691842900172,0.5170422143953609,64.25,23506.655,-51.25499999999738,1.73653749476772,1,36.99891317843045,23496.98290212489,23499.605210561072,23489.904249021267,23407.540081294894,23198.14157286585,36.99891317843045,0.1577415570761123,1.5961127654308804,0.0,0.6666666666666666,0,0,1,1,1630,23538.78,23474.53,baseline_breakout,49.719999999997526,82.93000000000029,20,23455.4,23538.78,23288.640000000007,0.0,-3.0799999999981083,-15.549999999999272,31.90999999999985,1,0.5963060686015722,0.7738521400777825
2025-08-08_0300,300,BREAKOUT,BUY,2025-08-08 03:15:00,2025-08-08 08:25:00,23460.1,23427.47,23427.47,23525.359999999997,32.62999999999738,-32.62999999999738,-1.0,SL_HIT,5.379999999997381,0.5404411764704776,0.5420951093952276,27.25,23441.095,19.00499999999738,2.74574195743999,1,9.924457732148548,23447.773875188024,23442.297202421814,23418.67148804325,23394.78638855897,23214.904330845693,9.924457732148548,0.0423035610766729,0.986283048214212,0.5,1.0,0,1,1,1,300,23454.72,23427.47,baseline_breakout,9.12999999999738,21.5,20,23460.1,23427.47,23525.36,0.0,4.5,16.0,9.75,0,0.27980386147711045,0.3350458715595369
2025-08-08_1000,1000,BREAKOUT,BUY,2025-08-08 10:15:00,2025-08-08 15:20:00,23443.97,23424.22,23424.22,23483.47,19.75,-19.75,-1.0,SL_HIT,4.5,0.8315018315021244,0.4178534833403779,15.25,23431.845,12.125,1.4160590268757252,1,10.76932508501876,23436.174732210744,23436.451012586484,23440.95003339348,23426.196527333334,23230.2990884778,10.76932508501876,0.0459364394555135,1.0000541084779024,0.0,0.3333333333333333,0,0,1,1,1000,23439.47,23424.22,baseline_breakout,17.87000000000262,14.37999999999738,20,23443.97,23424.22,23483.47,0.0,-5.25,1.8799999999973809,2.1299999999973807,0,0.9048101265824111,1.1718032786886963
2025-08-08_1630,1630,BREAKOUT,BUY,2025-08-08 16:45:00,2025-08-12 15:40:00,23526.97,23722.47,23429.22,23722.47,97.75,195.5,2.0,TP_HIT,14.12000000000262,0.5911949685534591,0.5791687116628956,83.62999999999738,23471.035,55.93500000000131,3.4303030705635598,1,24.37977003188174,23470.684069950697,23457.075656595636,23455.149128275385,23442.493307805235,23244.35475580216,24.37977003188174,0.1036247762966575,1.896958114085422,0.0,1.0,0,0,1,1,1630,23512.85,23429.22,baseline_breakout,23.5,72.5,20,23526.97,23429.22,23722.47,0.0,15.5,36.25,64.31999999999971,1,0.24040920716112532,0.2809996412770625
2025-08-12_1630,1630,BREAKOUT,SELL,2025-08-12 16:45:00,2025-08-12 18:05:00,23600.03,23707.03,23707.03,23386.03,107.0,-107.0,-1.0,SL_HIT,10.87000000000262,0.48499309305543,0.2512655715604681,96.12999999999738,23658.965,-58.93500000000131,2.2220937805061007,1,43.26100043271034,23642.596629532716,23628.255462770587,23595.42024040812,23569.78358629964,23373.32339481219,43.26100043271034,0.1833090908473859,1.6733728854697822,0.0,1.0,0,0,1,1,1630,23707.03,23610.9,baseline_breakout,111.03000000000247,77.0,17,23600.03,23707.03,23386.03,0.0,45.75,7.75,-45.150000000001455,0,1.0376635514018924,1.1549984396130812
2025-08-13_0300,300,BREAKOUT,SELL,2025-08-13 03:30:00,2025-08-13 09:40:00,23840.78,23865.65,23865.65,23791.039999999997,24.87000000000262,-24.87000000000262,-1.0,SL_HIT,1.0,0.7296954314723237,0.1034678392837075,23.87000000000262,23853.715,-12.93500000000131,2.469777323702369,1,9.664838919251157,23847.454110170816,23844.31129739697,23831.52159286856,23732.231637552064,23414.63829130893,9.664838919251157,0.0405391053449222,1.1885711514426929,0.0,1.0,0,0,1,1,300,23865.65,23841.78,baseline_breakout,19.12000000000262,19.12999999999738,20,23840.78,23865.65,23791.04,0.0,3.3799999999973807,-4.870000000002619,2.8799999999973807,0,0.7687977482911381,0.8010054461667583
2025-08-13_1000,1000,BREAKOUT,BUY,2025-08-13 10:15:00,2025-08-13 16:10:00,23882.65,23933.390000000007,23857.28,23933.390000000007,25.37000000000262,50.74000000000524,2.0,TP_HIT,1.25,0.6442105263160652,0.1262490793762305,24.12000000000262,23869.34,13.31000000000131,2.436102235644009,1,9.901062298243918,23868.47980569333,23861.13661782049,23854.23694790325,23797.584753651645,23444.22088860905,9.901062298243918,0.0414571343558772,1.5341301598469297,0.0,1.0,0,0,1,1,1000,23881.4,23857.28,baseline_breakout,8.75,33.37999999999738,20,23882.65,23857.28,23933.390000000007,0.0,3.5,-2.25,13.5,1,0.34489554592034277,0.3627694859037749
2025-08-13_1630,1630,BREAKOUT,SELL,2025-08-13 16:55:00,2025-08-13 18:10:00,23916.53,23814.03,23967.78,23814.03,51.25,102.5,2.0,TP_HIT,12.25,0.7649885105494175,0.5859582917394902,39.0,23948.28,-31.75,1.865499867578785,1,20.90592482894021,23937.31507438509,23929.071038306523,23913.888572266744,23857.533480035705,23470.978833262976,20.90592482894021,0.0874120318831377,1.89132926131664,0.0,1.0,0,0,1,1,1630,23967.78,23928.78,baseline_breakout,36.62000000000262,110.37999999999738,16,23916.53,23967.78,23814.03,0.0,11.5,23.12999999999738,47.62999999999738,1,0.7145365853659048,0.9389743589744262
2025-08-14_0300,300,BREAKOUT,SELL,2025-08-14 03:40:00,2025-08-14 15:00:00,23840.33,23863.33,23863.33,23794.33,23.0,-23.0,-1.0,SL_HIT,8.0,0.7663043478259473,0.9868165006166104,15.0,23855.83,-15.5,1.8502809386561443,0,8.106877008036667,23853.107496963865,23852.381519515715,23846.603625802363,23845.254049506588,23505.968308251697,8.106877008036667,0.0340048858721195,1.1828156169487511,0.5,1.0,0,1,0,1,300,23863.33,23848.33,baseline_breakout,11.75,18.63000000000102,20,23840.33,23863.33,23794.33,0.0,-1.25,13.25,10.38000000000102,0,0.5108695652173914,0.7833333333333333
2025-08-14_1630,1630,BREAKOUT,BUY,2025-08-14 16:45:00,2025-08-15 16:40:00,23835.58,23746.45,23746.45,24013.840000000004,89.13000000000102,-89.13000000000102,-1.0,SL_HIT,7.130000000001019,0.2917953999313321,0.250570507244945,82.0,23787.45,48.13000000000102,2.881736548959686,1,28.455064717696768,23794.922842532847,23791.67211812549,23806.9439061001,23826.734621141903,23545.265305296067,28.455064717696768,0.1193806264319843,1.2402765996209295,0.0,0.6666666666666666,0,0,1,1,1630,23828.45,23746.45,baseline_breakout,32.88000000000102,74.36999999999898,20,23835.58,23746.45,24013.840000000004,0.0,4.5,-11.25,42.11999999999898,0,0.3688993604846925,0.40097560975610996
2025-08-15_1630,1630,BREAKOUT,SELL,2025-08-15 16:45:00,2025-08-19 18:00:00,23692.78,23439.539999999997,23819.4,23439.539999999997,126.62000000000262,253.24000000000524,2.0,TP_HIT,51.12000000000262,0.8954248366013072,1.6662445226993474,75.5,23781.65,-88.87000000000262,2.4609049582119384,0,30.679770768090663,23769.72993835144,23791.82785184785,23805.94722997776,23819.553280475757,23601.609883703044,30.679770768090663,0.1294899575655143,2.091666353411863,0.0,0.3333333333333333,0,0,0,1,1630,23819.4,23743.9,baseline_breakout,99.56000000000132,13.62999999999738,20,23692.78,23819.4,23439.54,0.0,-17.12000000000262,-83.30000000000291,-59.55000000000291,1,0.7862896856736634,1.3186754966887593
2025-08-19_1630,1630,BREAKOUT,SELL,2025-08-19 18:05:00,2025-08-20 17:05:00,23466.71,23028.329999999994,23685.9,23028.329999999994,219.19000000000236,438.3800000000047,2.0,TP_HIT,109.19000000000231,0.0021299254526557,2.890987227731513,110.0,23630.9,-164.19000000000233,2.9124333276898957,0,37.76910494539993,23503.46300857573,23552.951088382342,23607.17960119192,23663.245288943148,23635.82586822909,37.76910494539993,0.1609475931879668,1.0807961068473702,0.0,0.0,0,0,0,0,1630,23685.9,23575.9,baseline_breakout,39.34000000000015,65.31999999999971,20,23466.71,23685.9,23028.329999999994,0.0,-22.360000000000586,-29.94000000000233,-11.299999999999272,1,0.17947899082987243,0.35763636363636503
2025-08-20_1630,1630,BREAKOUT,SELL,2025-08-20 17:10:00,2025-08-22 17:00:00,23029.95,23352.03,23352.03,22385.790000000005,322.0799999999981,-322.0799999999981,-1.0,SL_HIT,213.95000000000076,0.0155913978494112,4.562241539276241,108.12999999999738,23297.965,-268.0149999999994,2.3057498370737384,0,46.89580728203663,23131.554229828667,23216.41505653957,23277.398279889057,23339.619665461883,23571.29360651573,46.89580728203663,0.2036296530476037,1.982144052376105,0.0,0.0,0,0,0,0,1630,23352.03,23243.9,baseline_breakout,158.36999999999898,72.70000000000073,20,23029.95,23352.03,22385.790000000005,0.0,-31.75,8.940000000002328,50.35000000000218,0,0.49171013412816666,1.4646259132525925
2025-08-22_1630,1630,BREAKOUT,BUY,2025-08-22 17:05:00,2025-09-02 15:05:00,23494.45,23133.78,23133.78,24215.790000000005,360.6700000000019,-360.6700000000019,-1.0,SL_HIT,244.29999999999927,0.8274569402229107,3.4044023612371443,116.37000000000262,23191.965,302.4850000000006,1.6216549438279844,1,71.7600254252032,23299.289503170847,23242.895593678004,23206.23778417068,23168.6893464157,23429.959352226902,71.7600254252032,0.3054339447197239,3.172585307416235,0.0,1.0,0,0,1,1,1630,23250.15,23133.78,baseline_breakout,83.17000000000189,82.96999999999753,20,23494.45,23133.78,24215.790000000005,0.0,-2.860000000000582,-15.580000000001746,51.7599999999984,0,0.23059860814595462,0.7147031021741
2025-09-02_1630,1630,BREAKOUT,BUY,2025-09-02 16:45:00,2025-09-04 13:10:00,23151.9,23492.9,22981.4,23492.9,170.5,341.0,2.0,TP_HIT,19.25,0.7689075630252101,0.4467932628224406,151.25,23057.025,94.875,3.5105184936048905,0,43.08480364810271,23092.19363147769,23101.63462350352,23152.45078500599,23288.889323980744,23460.34310245734,43.08480364810271,0.1860961892894436,1.674088264435652,0.0,0.0,0,0,0,0,1630,23132.65,22981.4,baseline_breakout,101.9800000000032,81.37999999999738,20,23151.9,22981.4,23492.9,0.0,32.0,13.859999999996944,50.669999999998254,1,0.598123167155444,0.6742479338843187
2025-09-04_1630,1630,BREAKOUT,SELL,2025-09-04 17:00:00,2025-09-04 18:25:00,23389.9,23506.65,23506.65,23156.4,116.75,-116.75,-1.0,SL_HIT,26.37999999999738,0.7982179320586209,0.733348765107549,90.37000000000262,23461.465,-71.56499999999869,2.5122338098096173,0,35.97197030273669,23432.201221731444,23440.300494780637,23448.280940559496,23434.60240838629,23423.491253834727,35.97197030273669,0.1537927494462853,1.8142064002054727,0.0,0.0,0,0,0,0,1630,23506.65,23416.28,baseline_breakout,122.28999999999724,20.62000000000262,18,23389.9,23506.65,23156.4,0.0,-5.629999999997381,-46.5,-88.25,0,1.047451820128456,1.3532145623546938
2025-09-05_0300,300,BREAKOUT,BUY,2025-09-05 03:15:00,2025-09-05 08:35:00,23687.28,23730.78,23665.53,23730.78,21.75,43.5,2.0,TP_HIT,0.5,0.3783783783783784,0.0581052068901689,21.25,23676.155,11.125,2.469471292832179,1,8.605080796719395,23678.21549278285,23671.108683692797,23644.082033290848,23542.929792184445,23438.923627408407,8.605080796719395,0.0363278552738828,1.1570804968168904,0.5,1.0,0,1,1,1,300,23686.78,23665.53,baseline_breakout,7.5,15.5,20,23687.28,23665.53,23730.78,0.0,2.25,-2.8799999999973807,6.870000000002619,1,0.3448275862068966,0.35294117647058826
2025-09-05_1000,1000,BREAKOUT,BUY,2025-09-05 11:25:00,2025-09-05 15:30:00,23740.03,23706.78,23706.78,23806.53,33.25,-33.25,-1.0,SL_HIT,1.6299999999973809,0.4270588235291036,0.1838476692772507,31.62000000000262,23722.59,17.43999999999869,3.566419204022388,1,8.866035704479154,23730.328502909066,23727.22970134744,23721.42755554109,23650.043560123748,23460.365411825936,8.866035704479154,0.037346354256836,1.0080092863218977,0.0,1.0,0,0,1,1,1000,23738.4,23706.78,baseline_breakout,7.379999999997381,14.62000000000262,20,23740.03,23706.78,23806.53,0.0,-0.6299999999973807,-6.0,3.25,0,0.22195488721796633,0.23339658444012554
2025-09-05_1630,1630,BREAKOUT,SELL,2025-09-05 17:05:00,2025-09-05 17:45:00,23759.28,23548.039999999997,23864.9,23548.039999999997,105.62000000000262,211.24000000000524,2.0,TP_HIT,25.87000000000262,0.7934355345912874,0.6548442777384691,79.75,23825.025,-65.74500000000262,2.018702402382591,1,39.5055754161061,23808.401838759477,23806.966215119064,23785.46753083823,23711.161274077884,23476.058048847528,39.5055754161061,0.1662742954168059,1.4291810874678628,0.0,1.0,0,0,1,1,1630,23864.9,23785.15,baseline_breakout,41.0,228.12999999999735,9,23759.28,23864.9,23548.04,0.0,100.37999999999738,141.62999999999738,,1,0.3881840560499809,0.5141065830721003
2025-09-08_0300,300,BREAKOUT,SELL,2025-09-08 03:55:00,2025-09-08 16:20:00,23730.53,23757.65,23757.65,23676.289999999997,27.12000000000262,-27.12000000000262,-1.0,SL_HIT,1.3700000000026191,0.4,0.155302444929037,25.75,23744.775,-14.24500000000262,2.919005807967195,1,8.821496664966343,23738.781598423186,23731.93284763737,23702.523560517733,23673.182700149693,23492.71280403899,8.821496664966343,0.0371736183935476,0.774504653532886,0.5,1.0,0,1,1,1,300,23757.65,23731.9,baseline_breakout,15.0,28.37999999999738,20,23730.53,23757.65,23676.29,0.0,1.75,1.25,-11.5,0,0.5530973451326899,0.5825242718446602
2025-09-08_1630,1630,BREAKOUT,BUY,2025-09-08 16:45:00,2025-09-08 20:50:00,23815.65,23738.03,23738.03,23970.890000000007,77.62000000000262,-77.62000000000262,-1.0,SL_HIT,3.37000000000262,0.4931543624161777,0.1342742727401488,74.25,23775.155,40.49500000000262,2.9584168400440065,1,25.09788309577616,23774.624446602236,23756.42099612152,23744.55512314353,23719.980803395058,23521.805601550463,25.09788309577616,0.1053839937006806,2.038201453224337,0.0,1.0,0,0,1,1,1630,23812.28,23738.03,baseline_breakout,44.92000000000189,36.06999999999971,20,23815.65,23738.03,23970.890000000007,0.0,-4.110000000000582,3.5499999999992724,5.919999999998254,0,0.5787168255604274,0.6049831649831905
2025-09-09_0300,300,BREAKOUT,SELL,2025-09-09 04:20:00,2025-09-09 05:10:00,23763.78,23794.4,23794.4,23702.539999999997,30.62000000000262,-30.62000000000262,-1.0,SL_HIT,7.370000000002619,0.8863636363636364,1.1072387533634327,23.25,23782.775,-18.99500000000262,3.492985212441067,1,6.6561976607257884,23774.4050658017,23777.83843871461,23777.631528911155,23762.70082658627,23548.7859824118,6.6561976607257884,0.0280098438073647,0.93490136237001,0.0,0.6666666666666666,0,0,1,1,300,23794.4,23771.15,baseline_breakout,34.12000000000262,5.129999999997381,11,23763.78,23794.4,23702.54,0.0,0.8799999999973807,-7.75,-27.62000000000262,0,1.11430437622468,1.4675268817205427
2025-09-09_1000,1000,BREAKOUT,BUY,2025-09-09 10:25:00,2025-09-09 11:05:00,23834.78,23814.28,23814.28,23875.78,20.5,-20.5,-1.0,SL_HIT,3.5,0.5412844036695673,0.4709769991139879,17.0,23822.78,12.0,2.287602567125084,1,7.431360781066328,23826.08393767449,23818.537241913215,23809.02888535896,23784.369569015067,23563.91074259345,7.431360781066328,0.0311786422239531,0.9355618602258446,0.0,1.0,0,0,1,1,1000,23831.28,23814.28,baseline_breakout,28.12999999999738,17.87000000000262,9,23834.78,23814.28,23875.78,0.0,4.5,-14.37999999999738,,0,1.3721951219510917,1.6547058823527871
2025-09-09_1630,1630,BREAKOUT,SELL,2025-09-09 16:50:00,2025-09-09 22:20:00,23774.77,23825.15,23825.15,23674.01,50.38000000000102,-50.38000000000102,-1.0,SL_HIT,11.0099999999984,0.8076781100037247,0.5346970810394154,39.37000000000262,23805.465,-30.69499999999971,1.911991287967869,0,20.59109800748434,23795.536841175257,23800.11001828879,23805.10406221646,23797.62634876163,23578.04823320953,20.59109800748434,0.086609031370164,1.5463563788840613,0.0,0.3333333333333333,0,0,0,1,1630,23825.15,23785.78,baseline_breakout,41.29999999999927,81.22999999999956,20,23774.77,23825.15,23674.01,0.0,12.319999999999707,-26.700000000000728,65.43999999999869,0,0.8197697499007233,1.0490220980441078
2025-09-10_0300,300,BREAKOUT,BUY,2025-09-10 03:35:00,2025-09-10 04:00:00,23868.78,23852.15,23852.15,23902.039999999997,16.62999999999738,-16.62999999999738,-1.0,SL_HIT,1.25,0.4292237442918961,0.2106063322274341,15.37999999999738,23859.84,8.93999999999869,2.591300311725908,1,5.9352441437996415,23864.42296563492,23861.67384055769,23851.94739071816,23818.041345836184,23601.02769516845,5.9352441437996415,0.0248661395504908,0.7640366792072973,0.5,1.0,0,1,1,1,300,23867.53,23852.15,baseline_breakout,18.75,1.0,6,23868.78,23852.15,23902.04,0.0,-10.0,-11.75,,0,1.1274804570055894,1.2191157347206238
2025-09-10_1000,1000,BREAKOUT,SELL,2025-09-10 11:00:00,2025-09-10 14:40:00,23900.78,23924.53,23924.53,23853.28,23.75,-23.75,-1.0,SL_HIT,7.120000000002619,0.64984472049723,0.8374439552034626,16.62999999999738,23916.215,-15.43500000000131,1.9559962043576216,1,8.502061488129995,23909.567839103383,23908.55348803684,23900.28685083,23861.77261622911,23623.244187861343,8.502061488129995,0.0355723180922547,1.1587911287794663,0.0,1.0,0,0,1,1,1000,23924.53,23907.9,baseline_breakout,11.0,47.37999999999738,20,23900.78,23924.53,23853.28,0.0,1.1299999999973809,12.75,27.12999999999738,0,0.4631578947368421,0.6614552014432792
2025-09-10_1630,1630,BREAKOUT,SELL,2025-09-10 16:50:00,2025-09-11 16:30:00,23887.4,23970.9,23970.9,23720.4,83.5,-83.5,-1.0,SL_HIT,2.0,0.5488780487804367,0.0639089894907847,81.5,23930.15,-42.75,2.604291321749479,1,31.29450200880404,23926.5836476466,23935.941673084613,23924.578189375872,23886.707916287847,23637.46343978418,31.29450200880404,0.1310084061421671,1.5522344813998687,0.0,0.6666666666666666,0,0,1,1,1630,23970.9,23889.4,baseline_breakout,71.05999999999767,15.12000000000262,20,23887.4,23970.9,23720.4,0.0,-46.37999999999738,-41.43999999999869,-54.04999999999927,0,0.8510179640718284,0.871901840490769
2025-09-11_1630,1630,BREAKOUT,BUY,2025-09-11 17:35:00,2025-09-15 16:30:00,23983.9,24179.140000000007,23886.28,24179.140000000007,97.62000000000262,195.24000000000524,2.0,TP_HIT,12.37000000000262,0.8914392059553526,0.4522002812705143,85.25,23928.905,54.99500000000262,3.116416651439223,1,27.35513557233429,23952.680216345623,23940.57913114122,23926.948546801126,23899.83173634886,23692.118307175137,27.35513557233429,0.1140562442819319,1.0378804084637734,0.0,1.0,0,0,1,1,1630,23971.53,23886.28,baseline_breakout,36.62000000000262,32.43000000000029,20,23983.9,23886.28,24179.140000000007,0.0,-6.0,-9.25,14.779999999998836,1,0.3751280475312604,0.4295601173020835
2025-09-15_1630,1630,BREAKOUT,BUY,2025-09-15 16:45:00,2025-09-16 05:30:00,24210.9,24322.640000000007,24155.03,24322.640000000007,55.87000000000262,111.74000000000524,2.0,TP_HIT,2.37000000000262,0.8261494252874599,0.1219169600881165,53.5,24181.78,29.12000000000262,2.752133909159083,1,19.439461074896236,24177.757622996334,24158.653679175364,24136.41926000309,24105.3914610166,23828.03156516868,19.439461074896236,0.0802921868864694,1.5857345624521328,0.0,1.0,0,0,1,1,1630,24208.53,24155.03,baseline_breakout,17.75,39.05999999999767,20,24210.9,24155.03,24322.640000000007,0.0,32.5,21.75,11.12999999999738,1,0.31770180776801804,0.3317757009345794
2025-09-16_0300,300,BREAKOUT,BUY,2025-09-16 05:35:00,2025-09-16 11:45:00,24315.73,24383.39,24281.9,24383.39,33.82999999999811,67.65999999999622,2.0,TP_HIT,24.950000000000728,0.8116385911179506,4.006802277395603,8.87999999999738,24286.34,29.389999999999414,1.4260683055415395,1,6.226910706514342,24307.55346623042,24300.293232471813,24290.203654763587,24234.010458863784,23878.802990960827,6.226910706514342,0.0256085698702623,1.2264256127682882,0.0,1.0,0,0,1,1,300,24290.78,24281.9,baseline_breakout,6.43999999999869,12.470000000001164,20,24315.73,24281.9,24383.39,0.0,-2.0799999999981083,-3.1599999999998545,1.6500000000014552,1,0.19036358261894917,0.7252252252252916
2025-09-16_1000,1000,BREAKOUT,BUY,2025-09-16 11:50:00,2025-09-16 16:30:00,24385.78,24324.29,24324.29,24508.759999999995,61.48999999999796,-61.48999999999796,-1.0,SL_HIT,39.75,0.3518821603932128,4.674657170179467,21.739999999997963,24335.16,50.61999999999898,2.556655267413637,1,8.503297365542197,24376.863452428726,24365.61337222104,24349.101198503256,24290.464107188734,23905.69018864513,8.503297365542197,0.0348699010880201,0.9042323591791775,0.0,1.0,0,0,1,1,1000,24346.03,24324.29,baseline_breakout,26.639999999999414,3.139999999999418,20,24385.78,24324.29,24508.759999999995,0.0,0.2700000000004365,-5.819999999999709,-26.639999999999414,0,0.4332411774272288,1.2253909843607134
2025-09-16_1630,1630,BREAKOUT,SELL,2025-09-16 16:50:00,2025-09-17 18:05:00,24281.58,24158.960000000006,24342.89,24158.960000000006,61.30999999999767,122.61999999999534,2.0,TP_HIT,15.0,0.6580962800874401,0.741423270798385,46.30999999999767,24319.735,-38.15499999999884,2.289020778044766,0,20.23135851110741,24313.359687670105,24327.79654235659,24340.751399733726,24316.91587994196,23926.91688404535,20.23135851110741,0.0833197778361515,1.7758357412626282,0.0,0.3333333333333333,0,0,0,1,1630,24342.89,24296.58,baseline_breakout,26.349999999998545,26.17000000000189,20,24281.58,24342.89,24158.960000000006,0.0,1.5500000000029104,0.8500000000021828,3.290000000000873,1,0.42978306964605356,0.5689915784927633
2025-09-17_1630,1630,BREAKOUT,SELL,2025-09-17 18:10:00,2025-09-17 22:25:00,24181.4,24291.28,24291.28,23961.640000000007,109.87999999999738,-109.87999999999738,-1.0,SL_HIT,34.87999999999738,0.6176470588235294,1.7376650047198428,75.0,24253.78,-72.37999999999738,3.7363783071673735,0,20.07291388458442,24180.719241812367,24201.56634061177,24227.40790641544,24260.609809898862,24001.41190873045,20.07291388458442,0.083009726006701,0.974492025943376,0.0,0.3333333333333333,0,0,0,1,1630,24291.28,24216.28,baseline_breakout,11.0,59.0,20,24181.4,24291.28,23961.640000000007,0.0,8.37000000000262,16.0,20.75,0,0.10010921004732674,0.14666666666666667
2025-09-18_0300,300,BREAKOUT,SELL,2025-09-18 03:20:00,2025-09-18 04:05:00,24313.63,24333.63,24333.63,24273.63,20.0,-20.0,-1.0,SL_HIT,3.869999999998981,0.6272340425531048,0.4307189406516922,16.13000000000102,24325.565,-11.93500000000131,1.795218737135417,1,8.984977521869693,24321.61931991541,24313.3783540518,24280.792545476183,24245.66281919,24019.819834713104,8.984977521869693,0.0369544881692684,0.9104550173271518,0.5,1.0,0,1,1,1,300,24333.63,24317.5,baseline_breakout,25.36999999999898,4.380000000001019,10,24313.63,24333.63,24273.63,0.0,-1.75,-2.6199999999989814,-20.86999999999898,0,1.2684999999999491,1.5728456292620818
2025-09-18_1000,1000,BREAKOUT,BUY,2025-09-18 10:15:00,2025-09-18 10:25:00,24400.75,24369.63,24369.63,24462.99,31.11999999999898,-31.11999999999898,-1.0,SL_HIT,16.11999999999898,0.8233532934131378,1.368922330065576,15.0,24377.13,23.61999999999898,1.2738111011777256,1,11.7756863526558,24376.372251584704,24370.644409169432,24366.82105831897,24313.3058658182,24044.023148486234,11.7756863526558,0.0482595262549544,1.2229254517043922,0.0,1.0,0,0,1,1,1000,24384.63,24369.63,baseline_breakout,31.86999999999898,0.6300000000010186,3,24400.75,24369.63,24462.99,0.0,-26.11999999999898,,,0,1.0241002570694095,2.1246666666665988
2025-09-18_1630,1630,BREAKOUT,BUY,2025-09-18 17:00:00,2025-09-22 17:40:00,24472.78,24670.039999999997,24374.15,24670.039999999997,98.62999999999738,197.2599999999948,2.0,TP_HIT,10.62999999999738,0.7518796992481203,0.286716449800621,88.0,24418.15,54.62999999999738,2.373569857239969,1,37.07495683414518,24434.012683042984,24441.922324465537,24449.96738631281,24392.423940351437,24072.560769476197,37.07495683414518,0.1514946680930617,1.6806363168563474,0.0,0.3333333333333333,0,0,1,1,1630,24462.15,24374.15,baseline_breakout,27.75,90.62000000000262,20,24472.78,24374.15,24670.04,0.0,27.0,45.75,44.87000000000262,1,0.2813545574368928,0.3153409090909091
2025-09-22_1630,1630,BREAKOUT,BUY,2025-09-22 17:45:00,2025-09-23 20:40:00,24671.15,24565.15,24565.15,24883.15,106.0,-106.0,-1.0,SL_HIT,63.87000000000262,0.2399999999997817,3.799084739723254,42.12999999999738,24586.215,84.93500000000131,2.5059564754113697,1,16.811944027512073,24651.269890829863,24621.837283227032,24587.40690397607,24566.770294318638,24245.29552257374,16.811944027512073,0.0681441441826265,1.0083367441984936,0.0,1.0,0,0,1,1,1630,24607.28,24565.15,baseline_breakout,17.75,53.75,20,24671.15,24565.15,24883.15,0.0,11.12999999999738,6.75,-13.0,0,0.16745283018867924,0.4213149774507739
2025-09-24_0300,300,BREAKOUT,BUY,2025-09-24 03:25:00,2025-09-24 11:05:00,24601.28,24663.539999999997,24570.15,24663.539999999997,31.12999999999738,62.25999999999476,2.0,TP_HIT,0.6299999999973807,0.46875,0.0712964802788604,30.5,24585.4,15.87999999999738,3.451654997641723,0,8.836340833843051,24594.919462197424,24598.459343804472,24602.671108064136,24656.83373189251,24371.277684497916,8.836340833843051,0.0359182157751265,1.4298903834445054,0.0,0.3333333333333333,0,0,0,1,300,24600.65,24570.15,baseline_breakout,24.87999999999738,4.120000000002619,20,24601.28,24570.15,24663.54,0.0,-9.75,-3.0,-10.25,1,0.7992290395117081,0.815737704917947
2025-09-24_1000,1000,BREAKOUT,BUY,2025-09-24 11:10:00,2025-09-24 16:30:00,24658.28,24605.65,24605.65,24763.539999999997,52.62999999999738,-52.62999999999738,-1.0,SL_HIT,10.0,0.1905972045742694,0.9558981103832837,42.62999999999738,24626.965,31.31499999999869,4.074993644563688,1,10.461366008967556,24646.38406871224,24635.594843084567,24623.470983821317,24629.36529178608,24390.383122021445,10.461366008967556,0.0424253679046858,1.1035751323239666,0.0,1.0,0,0,1,1,1000,24648.28,24605.65,baseline_breakout,15.5,10.5,20,24658.28,24605.65,24763.54,0.0,-11.5,-10.0,-3.5,0,0.2945088352650726,0.3635937133474303
2025-09-24_1630,1630,BREAKOUT,SELL,2025-09-24 16:45:00,2025-09-25 14:40:00,24563.9,24376.9,24657.4,24376.9,93.5,187.0,2.0,TP_HIT,18.87999999999738,0.914362176628082,0.8909383182639186,74.62000000000262,24620.09,-56.18999999999869,3.5212826964441293,0,21.19114153355412,24606.71201559082,24623.79354860988,24636.041439639317,24637.12232950414,24402.492272436222,21.19114153355412,0.0862694504274733,2.031754838343532,0.0,0.3333333333333333,0,0,0,1,1630,24657.4,24582.78,baseline_breakout,34.87999999999738,26.830000000001743,20,24563.9,24657.4,24376.9,0.0,-16.0,-9.0,4.710000000002765,1,0.37304812834221796,0.46743500402031835
2025-09-25_1630,1630,BREAKOUT,BUY,2025-09-25 17:15:00,2025-09-29 17:05:00,24370.31,24738.830000000005,24186.05,24738.830000000005,184.26000000000204,368.5200000000041,2.0,TP_HIT,29.63000000000102,0.851959361393369,0.6646974583732553,154.63000000000102,24263.365,106.94500000000336,3.468854808918448,0,44.57667112571166,24304.8689644502,24311.02192092748,24356.50294502673,24457.69279490361,24417.15977678784,44.57667112571166,0.1829138452720201,1.4681345516139848,0.0,0.0,0,0,0,0,1630,24340.68,24186.05,baseline_breakout,29.350000000002183,90.52999999999884,20,24370.31,24186.05,24738.830000000005,0.0,14.18999999999869,25.840000000000146,8.239999999997963,1,0.1592857918159224,0.18980792860377668
2025-09-29_1630,1630,BREAKOUT,BUY,2025-09-29 17:10:00,2025-09-29 18:35:00,24731.9,24624.65,24624.65,24946.4,107.25,-107.25,-1.0,SL_HIT,41.25,0.5247524752475248,1.4122327299746271,66.0,24657.65,74.25,2.259572367959404,1,29.20906669592703,24709.402614874223,24688.844144871888,24670.789058366005,24608.25909881085,24448.232076939763,29.20906669592703,0.1181028012240346,1.7513155251604375,0.0,1.0,0,0,1,1,1630,24690.65,24624.65,baseline_breakout,118.86000000000058,14.62999999999738,18,24731.9,24624.65,24946.4,0.0,6.0,-5.75,-30.0,0,1.1082517482517538,1.8009090909090997
2025-09-30_0300,300,BREAKOUT,BUY,2025-09-30 03:35:00,2025-09-30 10:00:00,24606.53,24583.65,24583.65,24652.289999999997,22.87999999999738,-22.87999999999738,-1.0,SL_HIT,1.0,0.34375,0.1091725456918436,21.87999999999738,24594.59,11.93999999999869,2.388695299737254,0,9.159812054054816,24601.474120667302,24602.344892982128,24604.568484207768,24611.522430163222,24462.23812327873,9.159812054054816,0.0372251270457671,1.3276233538407054,0.5,0.3333333333333333,0,1,0,1,300,24605.53,24583.65,baseline_breakout,18.37999999999738,11.62000000000262,20,24606.53,24583.65,24652.29,0.0,6.75,7.870000000002619,-1.5,0,0.8033216783216558,0.8400365630712788
2025-09-30_1000,1000,BREAKOUT,SELL,2025-09-30 10:30:00,2025-09-30 12:30:00,24559.28,24595.78,24595.78,24486.28,36.5,-36.5,-1.0,SL_HIT,9.5,0.72,0.6618725377444051,27.0,24582.28,-23.0,1.881111423063046,0,14.35321675737604,24580.95325807336,24594.0399231166,24603.33949062488,24609.4111133972,24471.692953308677,14.35321675737604,0.0584431496256243,1.5119761644116154,0.0,0.3333333333333333,0,0,0,1,1000,24595.78,24568.78,baseline_breakout,29.12000000000262,26.62999999999738,20,24559.28,24595.78,24486.28,0.0,15.62999999999738,-1.5,-3.75,0,0.7978082191781539,1.0785185185186155
2025-09-30_1630,1630,BREAKOUT,SELL,2025-09-30 16:50:00,2025-09-30 17:45:00,24510.9,24606.9,24606.9,24318.9,96.0,-96.0,-1.0,SL_HIT,7.5,0.9008136381247122,0.2466470374816194,88.5,24562.65,-51.75,2.910435042283109,0,30.40782519254428,24559.99537282404,24575.33057883385,24580.561554403397,24592.5832217437,24478.070489295147,30.40782519254428,0.1240583788948764,2.1158931989681684,0.0,0.3333333333333333,0,0,0,1,1630,24606.9,24518.4,baseline_breakout,103.75,11.37000000000262,12,24510.9,24606.9,24318.9,0.0,-65.37999999999738,-34.25,-24.0,0,1.0807291666666667,1.1723163841807909
2025-10-01_0300,300,BREAKOUT,SELL,2025-10-01 03:15:00,2025-10-01 09:45:00,24578.15,24503.390000000007,24615.53,24503.390000000007,37.37999999999738,74.75999999999476,2.0,TP_HIT,18.25,0.921197793538211,1.5302595076135908,19.12999999999738,24605.965,-27.81499999999869,1.6040473633229582,0,11.926081758812602,24604.5620319569,24613.76124255457,24615.435599966066,24600.24201117842,24489.69857676087,11.926081758812602,0.0485231059246224,1.056191932738518,0.0,0.3333333333333333,0,0,0,1,300,24615.53,24596.4,baseline_breakout,23.37999999999738,15.75,20,24578.15,24615.53,24503.390000000007,0.0,9.0,5.370000000002619,7.370000000002619,1,0.6254681647939813,1.2221641400941234
2025-10-01_1000,1000,BREAKOUT,BUY,2025-10-01 11:30:00,2025-10-01 17:15:00,24489.28,24636.28,24415.78,24636.28,73.5,147.0,2.0,TP_HIT,21.75,0.8543046357615894,1.2522215923911522,51.75,24441.655,47.625,2.979423788792741,0,17.369130297831525,24457.242040556204,24461.98258787748,24490.793735252504,24550.710167646677,24492.067162503765,17.369130297831525,0.0709254428788087,0.9385601776353076,0.0,0.0,0,0,0,0,1000,24467.53,24415.78,baseline_breakout,32.25,56.12000000000262,20,24489.28,24415.78,24636.28,0.0,15.5,15.5,29.5,1,0.4387755102040816,0.6231884057971014
2025-10-01_1630,1630,BREAKOUT,BUY,2025-10-01 17:20:00,2025-10-02 14:10:00,24652.03,24911.789999999997,24522.15,24911.789999999997,129.87999999999738,259.7599999999948,2.0,TP_HIT,32.25,0.5898113207546182,0.8597075001358384,97.62999999999738,24570.965,81.06499999999869,2.60258118568247,1,37.51275869397944,24604.662850793204,24584.585920286176,24562.639492257666,24551.533097468437,24496.45832862148,37.51275869397944,0.1521690452834084,1.3675676369808214,0.0,1.0,0,0,1,1,1630,24619.78,24522.15,baseline_breakout,19.25,67.62000000000262,20,24652.03,24522.15,24911.79,0.0,25.62000000000262,18.87000000000262,39.37000000000262,1,0.14821373575608554,0.19717300010243283
2025-10-02_1630,1630,BREAKOUT,SELL,2025-10-02 16:45:00,2025-10-03 04:50:00,24815.15,24953.28,24953.28,24538.890000000007,138.12999999999738,-138.12999999999738,-1.0,SL_HIT,7.25,0.3944444444444444,0.2814756559009623,130.87999999999738,24887.84,-72.68999999999869,5.08131501300927,0,25.75711202019874,24889.754875294224,24913.938930867906,24912.696632433785,24850.80719926322,24564.54554928333,25.75711202019874,0.1037959150768733,2.412382731823392,0.0,0.6666666666666666,0,0,0,1,1630,24953.28,24822.4,baseline_breakout,64.19999999999709,34.150000000001455,20,24815.15,24953.28,24538.890000000007,0.0,-33.75,-45.12999999999738,-42.32999999999811,0,0.4647795554911917,0.4905256723716257
2025-10-03_0300,300,BREAKOUT,BUY,2025-10-03 04:55:00,2025-10-03 15:40:00,24952.65,24907.15,24907.15,25043.65,45.5,-45.5,-1.0,SL_HIT,26.25,0.1831578947373935,4.152406065648038,19.25,24916.775,35.875,3.045097781475228,1,6.321636079178431,24945.248894247125,24936.818034997443,24921.717392536382,24885.30929826109,24598.69398428278,6.321636079178431,0.0253345279125801,0.8682113521398481,0.5,1.0,0,1,1,1,300,24926.4,24907.15,baseline_breakout,14.75,3.25,20,24952.65,24907.15,25043.65,0.0,-8.62000000000262,-7.120000000002619,0.3799999999973806,0,0.3241758241758242,0.7662337662337663
2025-10-03_1630,1630,BREAKOUT,SELL,2025-10-03 16:55:00,2025-10-03 20:45:00,24897.65,24779.890000000007,24956.53,24779.890000000007,58.87999999999738,117.75999999999476,2.0,TP_HIT,8.87999999999738,0.8095238095238095,0.3507092124670119,50.0,24931.53,-33.87999999999738,1.9747140341616856,0,25.320121868291796,24923.630342087607,24925.835577953578,24936.48360261136,24936.32654610549,24638.733219874564,25.320121868291796,0.1016968343128439,1.7721652919343087,0.0,0.3333333333333333,0,0,0,1,1630,24956.53,24906.53,baseline_breakout,35.37999999999738,55.37000000000262,20,24897.65,24956.53,24779.890000000007,0.0,33.0,32.62000000000262,-3.75,1,0.6008831521738953,0.7075999999999476
2025-10-06_0300,300,BREAKOUT,SELL,2025-10-06 03:20:00,2025-10-06 04:35:00,24853.85,24869.35,24869.35,24822.85,15.5,-15.5,-1.0,SL_HIT,0.8800000000010186,0.9446522064324592,0.0848060614674603,14.61999999999898,24862.04,-8.190000000002328,1.4089370666508514,0,10.376616774482208,24862.43549776682,24855.081305021897,24840.461125761456,24870.431035403428,24659.504214679324,10.376616774482208,0.0417505407592071,1.0896152511787482,0.5,1.0,0,1,0,1,300,24869.35,24854.73,baseline_breakout,17.25,7.5,16,24853.85,24869.35,24822.85,0.0,2.5,2.8699999999989814,-3.630000000001018,0,1.1129032258064515,1.1798905608755954
2025-10-06_1000,1000,BREAKOUT,SELL,2025-10-06 10:20:00,2025-10-06 10:40:00,24883.48,24849.74,24900.35,24849.74,16.86999999999898,33.73999999999796,2.0,TP_HIT,3.869999999998981,0.7565568258238582,0.453327986741718,13.0,24893.85,-10.36999999999898,1.522807190605655,1,8.536865389261528,24892.028211113397,24890.84124526739,24886.248692530808,24877.50801409964,24674.67809001397,8.536865389261528,0.034307361306624,1.2302314438426352,0.0,1.0,0,0,1,1,1000,24900.35,24887.35,baseline_breakout,13.86999999999898,42.25,5,24883.48,24900.35,24849.74,0.0,3.130000000001018,13.0,,1,0.8221695317130894,1.0669230769229985
2025-10-07_0300,300,BREAKOUT,BUY,2025-10-07 05:05:00,2025-10-07 11:30:00,24943.28,24922.78,24922.78,24984.28,20.5,-20.5,-1.0,SL_HIT,1.1299999999973809,0.2905263157889222,0.1802237904059727,19.37000000000262,24932.465,10.81499999999869,3.0893228497099607,0,6.269982433794889,24937.963692686622,24935.96979645458,24944.83327775512,24951.84543506014,24722.22871343012,6.269982433794889,0.0251369604710963,0.784654277652599,0.5,0.6666666666666666,0,1,0,1,300,24942.15,24922.78,baseline_breakout,9.75,14.87000000000262,20,24943.28,24922.78,24984.28,0.0,-4.129999999997381,-3.25,-0.8799999999973807,0,0.47560975609756095,0.5033557046979185
2025-10-07_1000,1000,BREAKOUT,BUY,2025-10-07 11:50:00,2025-10-07 15:40:00,24962.1,25017.999999999996,24934.15,25017.999999999996,27.94999999999709,55.89999999999418,2.0,TP_HIT,2.319999999999709,0.8130142109199558,0.2149250321131579,25.62999999999738,24946.965,15.1349999999984,2.374365764250157,1,10.794461571969109,24945.958658202377,24945.704330695065,24949.77635866006,24952.755246760025,24736.16592570209,10.794461571969109,0.0432434032872599,1.0751239521404574,0.0,0.6666666666666666,0,0,1,1,1000,24959.78,24934.15,baseline_breakout,12.36999999999898,22.5,20,24962.1,24934.15,25018.0,0.0,2.130000000001018,17.0,20.75,1,0.4425760286225498,0.4826375341396896
2025-10-07_1630,1630,BREAKOUT,SELL,2025-10-07 17:25:00,2025-10-07 18:05:00,25006.1,24908.34,25054.98,24908.34,48.88000000000102,97.76000000000204,2.0,TP_HIT,3.75,0.7169466764061464,0.177687063075972,45.13000000000102,25032.415,-26.31500000000233,2.1384045750983462,1,21.10451900708521,25026.22232914623,25025.894671120608,25010.78678729337,24977.299150319213,24751.662717292453,21.10451900708521,0.0843974830424784,1.2834166315336386,0.0,1.0,0,0,1,1,1630,25054.98,25009.85,baseline_breakout,21.88000000000102,159.61999999999898,9,25006.1,25054.98,24908.34,0.0,15.0,20.75,,1,0.44762684124387403,0.4848216264125975
2025-10-08_0300,300,BREAKOUT,BUY,2025-10-08 03:35:00,2025-10-08 05:20:00,24847.48,24885.98,24828.23,24885.98,19.25,38.5,2.0,TP_HIT,1.6300000000010186,0.6663376110562015,0.1923810436472851,17.61999999999898,24837.04,10.43999999999869,2.079603674271687,0,8.47276825771613,24842.235624831617,24846.29160089469,24852.141410435248,24894.10201263617,24759.53892526268,8.47276825771613,0.0340991048497317,0.9848405759547928,0.0,0.3333333333333333,0,0,0,1,300,24845.85,24828.23,baseline_breakout,8.380000000001019,37.61999999999898,20,24847.48,24828.23,24885.98,0.0,7.25,14.36999999999898,28.0,1,0.43532467532472824,0.475595913734478
2025-10-08_1000,1000,BREAKOUT,BUY,2025-10-08 10:20:00,2025-10-08 16:30:00,24865.35,24914.35,24840.85,24914.35,24.5,49.0,2.0,TP_HIT,3.25,0.4915254237288136,0.2791540654723989,21.25,24851.475,13.875,1.8252381203964547,0,11.642316562720238,24854.095763883197,24855.274086793084,24863.166266498523,24881.25267055608,24767.42238869169,11.642316562720238,0.0468214465620642,1.3098723223780069,0.0,0.3333333333333333,0,0,0,1,1000,24862.1,24840.85,baseline_breakout,13.25,46.63000000000102,20,24865.35,24840.85,24914.35,0.0,4.75,14.88000000000102,18.25,1,0.5408163265306123,0.6235294117647059
2025-10-08_1630,1630,BREAKOUT,BUY,2025-10-08 16:45:00,2025-10-08 22:55:00,24961.98,25136.24,24874.85,25136.24,87.13000000000102,174.26000000000204,2.0,TP_HIT,10.0,0.81942215088283,0.3955715199476796,77.13000000000102,24913.415,48.56499999999869,3.0510431333564934,1,25.27987859520992,24916.55268800291,24895.9214666828,24886.36240706993,24883.71520687545,24775.1514990569,25.27987859520992,0.1012735311670385,1.747867699491283,0.0,1.0,0,0,1,1,1630,24951.98,24874.85,baseline_breakout,33.13000000000102,64.36999999999898,20,24961.98,24874.85,25136.24,0.0,10.86999999999898,47.86999999999898,46.11999999999898,1,0.38023642832549787,0.42953455205497965
2025-10-09_0300,300,BREAKOUT,SELL,2025-10-09 03:15:00,2025-10-09 04:15:00,25163.73,25130.73,25180.23,25130.73,16.5,33.0,2.0,TP_HIT,2.75,0.4016544117645746,0.3622015143736241,13.75,25173.355,-9.625,1.811007571868121,1,7.592458592437784,25174.700860836736,25173.29743306408,25150.25718590847,25038.42830945634,24806.45489683741,7.592458592437784,0.0301722303984257,1.066104054501141,0.5,1.0,0,1,1,1,300,25180.23,25166.48,baseline_breakout,6.75,34.38000000000102,13,25163.73,25180.23,25130.73,0.0,-4.119999999998981,-2.25,-2.1199999999989814,1,0.4090909090909091,0.4909090909090909
2025-10-09_1000,1000,BREAKOUT,SELL,2025-10-09 10:30:00,2025-10-09 16:35:00,25130.73,25091.73,25150.23,25091.73,19.5,39.0,2.0,TP_HIT,3.619999999998981,0.3936944219886323,0.3408562881460272,15.88000000000102,25142.29,-11.56000000000131,1.495248026453255,1,10.620311626605892,25141.432512195694,25145.25178446436,25144.56180961649,25098.501084476386,24828.70687053116,10.620311626605892,0.0422602591592281,1.1385232450325902,0.0,0.6666666666666666,0,0,1,1,1000,25150.23,25134.35,baseline_breakout,16.5,36.5,20,25130.73,25150.23,25091.73,0.0,-8.119999999998981,-11.75,2.75,1,0.8461538461538461,1.0390428211586233
2025-10-09_1630,1630,BREAKOUT,SELL,2025-10-09 17:25:00,2025-10-10 01:40:00,25051.6,25133.48,25133.48,24887.84,81.88000000000102,-81.88000000000102,-1.0,SL_HIT,7.0,0.7584376185059072,0.269642312012415,74.88000000000102,25096.04,-44.44000000000233,2.8844023319271304,0,25.96031738400797,25073.2966059394,25090.01062083808,25105.945149548214,25106.900512632903,24847.14321924321,25.96031738400797,0.1036273826183077,1.382500247853539,0.0,0.3333333333333333,0,0,0,1,1630,25133.48,25058.6,baseline_breakout,26.15000000000145,56.36999999999898,20,25051.6,25133.48,24887.84,0.0,36.75,17.36999999999898,-7.25,0,0.3193698094772976,0.349225427350442
2025-10-10_0300,300,BREAKOUT,BUY,2025-10-10 04:20:00,2025-10-10 06:05:00,25160.6,25136.98,25136.98,25207.84,23.61999999999898,-23.61999999999898,-1.0,SL_HIT,0.25,0.6814310051108508,0.0414234730838013,23.36999999999898,25148.665,11.934999999997672,3.872266263873581,1,6.035225474557384,25151.449076169727,25144.57975776594,25125.62482155848,25096.079226192916,24870.57336453006,6.035225474557384,0.0239868106267632,0.8817573896804316,0.5,1.0,0,1,1,1,300,25160.35,25136.98,baseline_breakout,12.75,6.0,20,25160.6,25136.98,25207.84,0.0,1.8800000000010184,-4.25,-1.6199999999989814,0,0.5397967823878302,0.5455712451861598
2025-10-10_1000,1000,BREAKOUT,BUY,2025-10-10 11:05:00,2025-10-10 12:00:00,25141.6,25114.1,25114.1,25196.6,27.5,-27.5,-1.0,SL_HIT,7.5,0.7623705408515088,0.5405855080548272,20.0,25124.1,17.5,1.4415613548128725,1,13.873845836132432,25130.85207705207,25130.95066135526,25133.42461420015,25119.20836689266,24888.355676189,13.873845836132432,0.0551828278078262,1.0338821222037464,0.0,0.3333333333333333,0,0,1,1,1000,25134.1,25114.1,baseline_breakout,39.11999999999898,12.13000000000102,12,25141.6,25114.1,25196.6,0.0,-0.3699999999989813,-2.3699999999989814,8.130000000001019,0,1.4225454545454175,1.9559999999999491
2025-10-10_1630,1630,BREAKOUT,SELL,2025-10-10 17:55:00,2025-10-10 18:20:00,25005.9,24641.240000000005,25188.23,24641.240000000005,182.3299999999981,364.6599999999962,2.0,TP_HIT,99.94999999999708,0.6746654360867516,1.9646527759317736,82.38000000000102,25147.04,-141.13999999999942,1.6192906021137192,0,50.87412962964609,25122.390024165063,25133.77140273297,25132.06817870357,25123.573267211003,24900.644187114256,50.87412962964609,0.2034485046714819,1.9446171069366027,0.0,0.6666666666666666,0,0,0,1,1630,25188.23,25105.85,baseline_breakout,151.1999999999971,374.3000000000029,6,25005.9,25188.23,24641.240000000005,0.0,195.9200000000019,239.1700000000019,,1,0.8292656172873288,1.8353969410050404
2025-10-13_0300,300,BREAKOUT,BUY,2025-10-13 03:15:00,2025-10-13 10:10:00,24625.23,24710.99,24582.35,24710.99,42.88000000000102,85.76000000000204,2.0,TP_HIT,5.630000000001019,0.7432998324957807,0.1998511405532518,37.25,24600.975,24.25500000000102,1.322283301173585,0,28.17096757324166,24594.037065704862,24550.195234950326,24503.054537986874,24715.58098541049,24859.873753129377,28.17096757324166,0.1143987998213282,0.656292347793861,1.0,0.6666666666666666,1,1,0,0,300,24619.6,24582.35,baseline_breakout,23.25,55.11999999999898,20,24625.23,24582.35,24710.99,0.0,-12.13000000000102,-6.380000000001019,28.86999999999898,1,0.5422108208955095,0.6241610738255033
2025-10-13_1000,1000,BREAKOUT,BUY,2025-10-13 10:15:00,2025-10-13 13:15:00,24729.73,24659.23,24659.23,24870.73,70.5,-70.5,-1.0,SL_HIT,8.0,0.6666666666666666,0.3768784920574972,62.5,24690.48,39.25,2.944363219199197,1,21.22700066094381,24687.620260070267,24668.046739250065,24650.02160780444,24678.241869749665,24846.45185706537,21.22700066094381,0.085835958018724,1.3260720664727437,0.0,0.6666666666666666,0,0,1,0,1000,24721.73,24659.23,baseline_breakout,63.38000000000102,41.36999999999898,20,24729.73,24659.23,24870.73,0.0,28.25,17.11999999999898,1.1199999999989814,0,0.899007092198596,1.0140800000000163
2025-10-13_1630,1630,BREAKOUT,BUY,2025-10-13 16:55:00,2025-10-14 08:35:00,24711.6,24551.48,24551.48,25031.84,160.11999999999898,-160.11999999999898,-1.0,SL_HIT,44.61999999999898,0.8467594287806822,0.9160409818468244,115.5,24609.23,102.36999999999898,2.3711952802176293,1,48.70961112464738,24656.400047925603,24649.700233390337,24651.233569345663,24669.53615531921,24835.893647856366,48.70961112464738,0.1971123323647493,1.5067613656614378,0.0,0.3333333333333333,0,0,1,0,1630,24666.98,24551.48,baseline_breakout,144.11999999999898,25.13000000000102,20,24711.6,24551.48,25031.84,0.0,15.5,-28.25,-54.11999999999898,0,0.9000749437921552,1.247792207792199
2025-10-14_1000,1000,BREAKOUT,BUY,2025-10-14 10:15:00,2025-10-14 10:35:00,24532.48,24452.6,24452.6,24692.24,79.88000000000102,-79.88000000000102,-1.0,SL_HIT,9.13000000000102,0.6607253886010573,0.258722652966347,70.75,24487.975,44.50500000000102,2.004888028189158,0,35.28875378836112,24511.667392165837,24533.625054625478,24595.320491084225,24683.04227862399,24813.243715740115,35.28875378836112,0.1438450323341183,1.1105258432893497,0.5,0.0,0,1,0,0,1000,24523.35,24452.6,baseline_breakout,108.82999999999812,15.75,5,24532.48,24452.6,24692.24,0.0,-3.380000000001018,-56.88000000000102,,0,1.362418627941872,1.5382332155476766
2025-10-14_1630,1630,BREAKOUT,BUY,2025-10-14 17:20:00,2025-10-17 11:05:00,24516.23,24254.23,24254.23,25040.23,262.0,-262.0,-1.0,SL_HIT,52.88000000000102,0.846713246827323,0.9860947966457536,209.11999999999895,24358.79,157.4399999999987,3.8996245059484687,0,53.62567592879989,24434.635545885503,24424.62706707734,24436.59278237422,24545.542219660183,24789.115010437898,53.62567592879989,0.2187354088650657,1.335212848715221,0.0,0.3333333333333333,0,0,0,0,1630,24463.35,24254.23,baseline_breakout,63.88000000000102,145.25,20,24516.23,24254.23,25040.23,0.0,12.0,31.11999999999898,22.0,0,0.24381679389313365,0.3054705432287746
2025-10-17_1000,1000,BREAKOUT,SELL,2025-10-17 11:10:00,2025-10-17 14:00:00,24272.73,24422.85,24422.85,23972.49,150.11999999999898,-150.11999999999898,-1.0,SL_HIT,56.5,0.3397571277718753,1.3253191332218608,93.61999999999898,24376.04,-103.31000000000132,2.196042075260695,0,42.63124147513669,24304.332406341586,24348.30617386519,24424.022412084956,24579.121763644423,24747.89184455191,42.63124147513669,0.1756343084405285,1.1902556148008112,0.0,0.0,0,0,0,0,1000,24422.85,24329.23,baseline_breakout,123.61999999999898,27.88000000000102,20,24272.73,24422.85,23972.49,0.0,-22.61999999999898,-73.25,-53.25,0,0.8234745536903798,1.320444349497974
2025-10-17_1630,1630,BREAKOUT,BUY,2025-10-17 16:50:00,2025-10-20 16:30:00,24682.73,25032.73,24507.73,25032.73,175.0,350.0,2.0,TP_HIT,30.63000000000102,0.830379746835443,0.4831723317087599,144.36999999999898,24579.915,102.81499999999868,2.277361721475379,1,63.39353060982754,24600.43100102573,24581.792628306488,24529.49013852675,24531.97497353318,24736.193847298942,63.39353060982754,0.2568335455998082,1.5530300620612725,0.0,0.6666666666666666,0,0,1,0,1630,24652.1,24507.73,baseline_breakout,146.0,112.0,20,24682.73,24507.73,25032.73,0.0,1.6199999999989814,82.11999999999898,-40.88000000000102,1,0.8342857142857143,1.011290434300762
2025-10-20_1630,1630,BREAKOUT,BUY,2025-10-20 16:50:00,2025-10-22 17:30:00,25065.35,24951.35,24951.35,25293.35,114.0,-114.0,-1.0,SL_HIT,5.25,0.4634146341463415,0.1821835952781263,108.75,25005.725,59.625,3.773803045046902,1,28.817084172618348,25018.730517152635,24983.612640974698,24953.28373676068,24890.385851053208,24766.037788660786,28.817084172618348,0.114967810832956,1.761223109226037,0.0,1.0,0,0,1,1,1630,25060.1,24951.35,baseline_breakout,26.11999999999898,97.5,20,25065.35,24951.35,25293.35,0.0,9.13000000000102,8.25,57.25,0,0.22912280701753493,0.24018390804596765
2025-10-22_1630,1630,BREAKOUT,SELL,2025-10-22 17:35:00,2025-10-23 20:35:00,24930.83,25109.73,25109.73,24573.03000000001,178.89999999999782,-178.89999999999782,-1.0,SL_HIT,81.89999999999782,0.5766287966612195,1.8243237363773588,97.0,25061.23,-130.39999999999782,2.1606764643297742,0,44.89334780165186,25012.168517656773,25050.17046656496,25076.21132644406,25104.094109782432,24900.960567965147,44.89334780165186,0.1800716133464142,1.661070474173999,0.0,0.3333333333333333,0,0,0,1,1630,25109.73,25012.73,baseline_breakout,98.0,89.63000000000102,20,24930.83,25109.73,24573.03000000001,0.0,-15.11999999999898,-80.61999999999898,33.63000000000102,0,0.5477920626048138,1.0103092783505154
2025-10-24_0300,300,BREAKOUT,BUY,2025-10-24 04:00:00,2025-10-24 09:00:00,25156.35,25198.59,25135.23,25198.59,21.11999999999898,42.23999999999796,2.0,TP_HIT,1.5,0.8895348837206505,0.2155864015276511,19.61999999999898,25145.04,11.309999999997672,2.81987013198153,1,6.95776723100789,25149.116559652863,25146.585991498945,25134.79749643006,25049.26035126265,24921.908414156347,6.95776723100789,0.0276580951966715,1.066992091881097,0.5,1.0,0,1,1,1,300,25154.85,25135.23,baseline_breakout,9.25,19.75,20,25156.35,25135.23,25198.59,0.0,12.0,9.25,2.880000000001018,1,0.43797348484850596,0.4714576962283629
2025-10-24_1000,1000,BREAKOUT,SELL,2025-10-24 10:20:00,2025-10-24 10:35:00,25195.98,25216.35,25216.35,25155.24,20.36999999999898,-20.36999999999898,-1.0,SL_HIT,4.5,0.5588993981082916,0.5154851340758949,15.86999999999898,25208.415,-12.43500000000131,1.8179442395075396,1,8.729640687053188,25205.79938022864,25204.87060012984,25193.25566046052,25122.069480173184,24937.304691265308,8.729640687053188,0.0346469583126085,1.143328985609502,0.0,1.0,0,0,1,1,1000,25216.35,25200.48,baseline_breakout,22.36999999999898,5.0,4,25195.98,25216.35,25155.24,0.0,-13.11999999999898,,,0,1.0981836033382475,1.4095778197857858
2025-10-24_1630,1630,BREAKOUT,BUY,2025-10-24 17:05:00,2025-10-27 01:00:00,25383.98,25588.74,25281.6,25588.74,102.38000000000102,204.76000000000204,2.0,TP_HIT,2.130000000001018,0.6476391825229161,0.0695908104841578,100.25,25331.725,52.25500000000102,3.2753421366354423,1,30.60748948290961,25352.909723409168,25326.4314123817,25285.14279083689,25196.587342722865,24959.559803455588,30.60748948290961,0.1205779766723327,1.100808070218195,0.0,1.0,0,0,1,1,1630,25381.85,25281.6,baseline_breakout,100.25,13.0,20,25383.98,25281.6,25588.74,0.0,-1.3800000000010186,-34.38000000000102,-60.63000000000102,1,0.9791951553037606,1.0
2025-10-27_0300,300,BREAKOUT,BUY,2025-10-27 05:45:00,2025-10-27 12:45:00,25602.38,25683.38,25561.88,25683.38,40.5,81.0,2.0,TP_HIT,5.25,0.97184684684685,0.6996668344347657,35.25,25579.505,22.875,4.697763031204856,1,7.503571330833876,25587.92450116783,25582.13048236135,25561.41732154844,25424.577537221627,25016.752776682955,7.503571330833876,0.029308100773576,0.9379030283658372,0.5,1.0,0,1,1,1,300,25597.13,25561.88,baseline_breakout,8.630000000001019,24.36999999999898,20,25602.38,25561.88,25683.38,0.0,1.8699999999989811,2.8699999999989814,23.5,1,0.21308641975311157,0.2448226950354899
2025-10-27_1000,1000,BREAKOUT,BUY,2025-10-27 12:50:00,2025-10-27 21:45:00,25686.63,25792.890000000003,25633.5,25792.890000000003,53.13000000000102,106.26000000000204,2.0,TP_HIT,31.25,0.2386634844868445,2.911134296027391,21.88000000000102,25644.44,42.18999999999869,2.038259788706633,1,10.734647330645156,25671.19092385169,25660.84499905704,25648.50056078266,25548.798497937507,25059.131337059,10.734647330645156,0.0417907967321721,1.0792566996659223,0.0,1.0,0,0,1,1,1000,25655.38,25633.5,baseline_breakout,6.380000000001019,19.75,20,25686.63,25633.5,25792.890000000003,0.0,3.25,5.25,12.86999999999898,1,0.12008281573500652,0.2915904936014955
2025-10-28_0300,300,BREAKOUT,SELL,2025-10-28 03:50:00,2025-10-28 14:20:00,25832.48,25852.98,25852.98,25791.48,20.5,-20.5,-1.0,SL_HIT,1.8699999999989811,0.3731343283582605,0.2509286032461811,18.63000000000102,25843.665,-11.18500000000131,2.499892983143934,1,7.452319009500727,25839.9657687524,25845.45368120096,25838.083650553035,25748.495544028832,25152.289176208396,7.452319009500727,0.0288486394240921,0.9625819823314202,0.0,0.6666666666666666,0,0,1,1,300,25852.98,25834.35,baseline_breakout,6.369999999998981,13.63000000000102,20,25832.48,25852.98,25791.48,0.0,4.5,8.25,4.25,0,0.3107317073170235,0.3419216317766309
2025-10-28_1630,1630,BREAKOUT,SELL,2025-10-28 16:50:00,2025-10-28 19:30:00,25889.98,25950.73,25950.73,25768.48,60.75,-60.75,-1.0,SL_HIT,9.5,0.822264389626845,0.3784130070087565,51.25,25925.105,-35.125,2.041438590441976,1,25.1048452987774,25907.226959189484,25893.30723782722,25870.554487763053,25824.60988212975,25235.986683455885,25.1048452987774,0.0969674186645852,1.805023375337768,0.0,1.0,0,0,1,1,1630,25950.73,25899.48,baseline_breakout,47.25,24.0,20,25889.98,25950.73,25768.48,0.0,-36.11999999999898,-38.0,5.380000000001019,0,0.7777777777777778,0.9219512195121952
2025-10-29_0300,300,BREAKOUT,BUY,2025-10-29 03:25:00,2025-10-29 05:00:00,26042.23,26081.49,26022.6,26081.49,19.63000000000102,39.26000000000204,2.0,TP_HIT,0.3800000000010186,0.5535055350552812,0.0456959270157662,19.25,26032.225,10.00500000000102,2.3148594606609003,1,8.315839612355585,26035.204104199223,26034.548357027223,26028.19927203271,25949.756649457988,25308.595456554045,8.315839612355585,0.0319321333555367,1.1037691898639146,0.5,1.0,0,1,1,1,300,26041.85,26022.6,baseline_breakout,18.63000000000102,47.5,20,26042.23,26022.6,26081.49,0.0,-5.25,-9.38000000000102,1.6199999999989814,1,0.9490575649516073,0.9677922077922607
2025-10-29_1000,1000,BREAKOUT,BUY,2025-10-29 10:35:00,2025-10-29 11:40:00,26150.1,26124.1,26124.1,26202.1,26.0,-26.0,-1.0,SL_HIT,9.5,0.7731249999999363,0.8854013676560434,16.5,26132.35,17.75,1.5378023754026018,1,10.72959716015541,26136.467471653294,26131.00620397009,26116.353862783984,26038.503934340097,25362.868948284347,10.72959716015541,0.0410308073780039,1.219092404482352,0.0,1.0,0,0,1,1,1000,26140.6,26124.1,baseline_breakout,26.11999999999898,16.25,14,26150.1,26124.1,26202.1,0.0,-3.1199999999989814,-1.1199999999989814,-1.5,0,1.0046153846153454,1.5830303030302413
2025-10-29_1630,1630,BREAKOUT,BUY,2025-10-29 16:50:00,2025-10-29 17:50:00,26148.6,26112.6,26112.6,26220.6,36.0,-36.0,-1.0,SL_HIT,0.5,0.3101534443356084,0.0274881822783251,35.5,26130.35,18.25,1.9516609417610824,1,18.18963491064516,26133.669286097906,26129.171779294396,26125.78997107094,26084.06108644452,25407.2789059895,18.18963491064516,0.0695625575007654,1.54085158332206,0.0,1.0,0,0,1,1,1630,26148.1,26112.6,baseline_breakout,47.25,35.13000000000102,13,26148.6,26112.6,26220.6,0.0,-3.0,-4.75,11.25,0,1.3125,1.3309859154929577
2025-10-30_0300,300,BREAKOUT,BUY,2025-10-30 03:15:00,2025-10-30 06:15:00,26143.35,26241.59,26094.23,26241.59,49.11999999999898,98.23999999999796,2.0,TP_HIT,5.119999999998981,0.5072727272726656,0.2298343978457141,44.0,26116.23,27.11999999999898,1.975139356486999,1,22.276909148455637,26107.135479113007,26088.06058951059,26080.62782549886,26084.57145376312,25473.18803648081,22.276909148455637,0.0852106143568273,0.953806388138102,0.5,1.0,0,1,1,1,300,26138.23,26094.23,baseline_breakout,24.44999999999709,32.75,20,26143.35,26094.23,26241.59,0.0,12.5,15.13000000000102,-17.86999999999898,1,0.4977605863191693,0.555681818181752
2025-10-30_1000,1000,BREAKOUT,BUY,2025-10-30 10:15:00,2025-10-30 15:15:00,26135.23,26047.9,26047.9,26309.89,87.32999999999811,-87.32999999999811,-1.0,SL_HIT,8.0,0.4781077000503516,0.265759816354629,79.32999999999811,26087.565,47.66499999999724,2.635340778926527,1,30.10236878446976,26102.92021763199,26105.32656808114,26120.038467669805,26116.85572346696,25518.64060340262,30.10236878446976,0.1151792763425833,1.006045575310296,0.5,0.3333333333333333,0,1,1,1,1000,26127.23,26047.9,baseline_breakout,43.75,13.5,20,26135.23,26047.9,26309.89,0.0,-36.75,-34.88000000000102,-9.5,0,0.5009733195923617,0.5514937602420401
2025-10-30_1630,1630,BREAKOUT,BUY,2025-10-30 16:50:00,2025-10-30 22:15:00,25989.85,25802.23,25802.23,26365.09,187.61999999999895,-187.61999999999895,-1.0,SL_HIT,5.75,0.8306133333333224,0.0986316867750014,181.86999999999895,25893.165,96.68499999999769,3.119677369351202,0,58.29769507153312,25930.067665740804,25968.38005549994,26023.68008086192,26084.771364939425,25549.84892928274,58.29769507153312,0.224309471087879,1.7710928608162422,0.0,0.3333333333333333,0,0,0,1,1630,25984.1,25802.23,baseline_breakout,152.0,47.63000000000102,20,25989.85,25802.23,26365.09,0.0,-31.36999999999898,-23.25,-90.75,0,0.8101481718366956,0.8357618078847576
2025-10-31_0300,300,BREAKOUT,BUY,2025-10-31 03:20:00,2025-10-31 15:20:00,26043.73,26128.99,26001.1,26128.99,42.63000000000102,85.26000000000204,2.0,TP_HIT,7.380000000001019,0.8133333333333334,0.4606681805830973,35.25,26018.725,25.00500000000102,2.2003459844921327,1,16.020207843875127,26023.20952260669,26010.86397121721,25975.077267158467,25981.159274369504,25585.977919434983,16.020207843875127,0.0615127243443052,0.9783626962797282,0.5,1.0,0,1,1,1,300,26036.35,26001.1,baseline_breakout,18.0,29.11999999999898,20,26043.73,26001.1,26128.99,0.0,5.869999999998981,4.25,8.5,1,0.4222378606614959,0.5106382978723404
2025-10-31_1630,1630,BREAKOUT,SELL,2025-10-31 16:55:00,2025-10-31 20:05:00,25966.6,25774.1,26062.85,25774.1,96.25,192.5,2.0,TP_HIT,1.8800000000010184,0.2222222222222222,0.0603750487875719,94.36999999999898,26015.665,-49.06500000000233,3.0306347628085195,0,31.13869119370404,26005.279058847053,26037.688067127383,26053.27801470405,26039.705450980644,25642.496025982226,31.13869119370404,0.1199182457222125,1.5877146452153517,0.0,0.3333333333333333,0,0,0,1,1630,26062.85,25968.48,baseline_breakout,78.75,41.69999999999709,20,25966.6,26062.85,25774.1,0.0,7.5,-8.130000000001019,-60.75,1,0.8181818181818182,0.8344812970223678
2025-11-03_0300,300,BREAKOUT,SELL,2025-11-03 03:35:00,2025-11-03 08:20:00,25962.98,25916.48,25986.23,25916.48,23.25,46.5,2.0,TP_HIT,4.25,0.8024242424241189,0.4375754540817684,19.0,25976.73,-13.75,1.9562196770714355,1,9.712610614593146,25971.23739006861,25964.13435842576,25940.010822824963,25954.15416120888,25669.16854204449,9.712610614593146,0.0374094599872323,0.8495096124244582,0.5,1.0,0,1,1,1,300,25986.23,25967.23,baseline_breakout,16.86999999999898,33.5,20,25962.98,25986.23,25916.48,0.0,1.6300000000010186,8.0,-11.0,1,0.7255913978494185,0.8878947368420517
2025-11-03_1000,1000,BREAKOUT,BUY,2025-11-03 10:20:00,2025-11-03 11:15:00,25920.35,25990.35,25885.35,25990.35,35.0,70.0,2.0,TP_HIT,1.0,0.2324860508369351,0.0605307539299016,34.0,25902.35,18.0,2.0580456336166564,0,16.520527749547966,25908.12625227665,25908.237757457,25918.22468647909,25939.83092532355,25687.038378970345,16.520527749547966,0.063735743342771,1.1949828643216585,0.0,0.3333333333333333,0,0,0,1,1000,25919.35,25885.35,baseline_breakout,13.5,78.5,12,25920.35,25885.35,25990.35,0.0,11.5,23.63000000000102,62.88000000000102,1,0.38571428571428573,0.39705882352941174
2025-11-03_1630,1630,BREAKOUT,SELL,2025-11-03 16:45:00,2025-11-04 05:40:00,26019.73,25796.73,26131.23,25796.73,111.5,223.0,2.0,TP_HIT,1.1199999999989814,0.4774774774774775,0.0395428568984814,110.38000000000102,26076.04,-56.31000000000131,3.897089771837853,1,28.323699596980603,26056.068721570453,26052.140416005685,26033.225432584404,25984.924973225243,25706.149902271078,28.323699596980603,0.1088547021701631,1.486619746365442,0.0,1.0,0,0,1,1,1630,26131.23,26020.85,baseline_breakout,27.11999999999898,136.88000000000102,20,26019.73,26131.23,25796.73,0.0,19.57999999999811,31.0,124.0,1,0.24322869955156037,0.24569668418190552
2025-11-04_0300,300,BREAKOUT,SELL,2025-11-04 05:45:00,2025-11-04 08:05:00,25803.73,25637.73,25886.73,25637.73,83.0,166.0,2.0,TP_HIT,59.5,0.4153686396676611,3.7177572184336376,23.5,25874.98,-71.25,1.468357892994798,0,16.004272604188095,25820.97163119466,25835.47443941355,25866.846540006303,25933.30852556472,25731.72674972004,16.004272604188095,0.0620230974521439,1.0626945403966814,0.0,0.3333333333333333,0,0,0,1,300,25886.73,25863.23,baseline_breakout,8.369999999998981,53.38000000000102,20,25803.73,25886.73,25637.73,0.0,5.0,-7.75,14.5,1,0.10084337349396363,0.3561702127659141
2025-11-04_1000,1000,BREAKOUT,SELL,2025-11-04 11:20:00,2025-11-04 16:50:00,25598.48,25662.98,25662.98,25469.48,64.5,-64.5,-1.0,SL_HIT,7.25,0.8604081632652784,0.2699793645861743,57.25,25634.355,-35.875,2.1319060169046176,0,26.85390422750582,25624.82132725189,25634.217779931627,25667.322186909463,25808.937037370004,25727.654028410918,26.85390422750582,0.1049042920810369,1.1570539757264076,0.5,0.0,0,1,0,0,1000,25662.98,25605.73,baseline_breakout,44.36999999999898,82.75,20,25598.48,25662.98,25469.48,0.0,-6.0,10.13000000000102,54.88000000000102,0,0.6879069767441702,0.7750218340611176
2025-11-04_1630,1630,BREAKOUT,BUY,2025-11-04 16:55:00,2025-11-04 19:15:00,25746.1,25534.1,25534.1,26170.1,212.0,-212.0,-1.0,SL_HIT,92.86999999999898,0.7188303341902221,1.8911652429052463,119.13000000000102,25593.665,152.43499999999767,2.425912731638919,1,49.10728998875328,25652.66013978026,25625.17052622939,25620.32781379993,25713.507855533742,25723.64115057552,49.10728998875328,0.1907368105800617,1.694272910818687,0.0,1.0,0,0,1,1,1630,25653.23,25534.1,baseline_breakout,136.61999999999898,18.13000000000102,20,25746.1,25534.1,26170.1,0.0,-23.5,-3.75,-3.75,0,0.6444339622641462,1.1468144044321147
2025-11-05_0300,300,BREAKOUT,SELL,2025-11-05 03:15:00,2025-11-05 04:45:00,25225.08,25287.08,25287.08,25101.08,62.0,-62.0,-1.0,SL_HIT,4.869999999998981,0.8421428571428329,0.1905692995321729,57.13000000000102,25258.515,-33.43499999999767,2.2355696267506184,0,25.555008135908068,25271.627128342174,25314.14585607767,25378.90893266211,25543.47831082991,25698.55093369996,25.555008135908068,0.101307936925901,1.2410763391515711,0.0,0.0,0,0,0,0,300,25287.08,25229.95,baseline_breakout,71.11999999999898,65.63000000000102,19,25225.08,25287.08,25101.08,0.0,29.63000000000102,62.38000000000102,14.88000000000102,0,1.147096774193532,1.244880098022015
2025-11-05_1000,1000,BREAKOUT,BUY,2025-11-05 11:05:00,2025-11-05 12:50:00,25420.95,25330.7,25330.7,25601.45,90.25,-90.25,-1.0,SL_HIT,14.0,0.6853173113030154,0.6077703145245258,76.25,25368.825,52.125,3.3101776058925063,0,23.03501777797844,25401.830709150432,25393.127066882225,25380.93567357492,25428.79125204141,25672.99206119365,23.03501777797844,0.0906143074038477,1.0445674941646974,0.0,0.6666666666666666,0,0,0,0,1000,25406.95,25330.7,baseline_breakout,64.0,7.630000000001019,20,25420.95,25330.7,25601.45,0.0,-35.61999999999898,-29.11999999999898,-21.0,0,0.7091412742382271,0.839344262295082
2025-11-05_1630,1630,BREAKOUT,BUY,2025-11-05 16:45:00,2025-11-05 20:35:00,25485.95,25727.45,25365.2,25727.45,120.75,241.5,2.0,TP_HIT,34.0,0.8439845810509156,0.7450855874650286,86.75,25408.575,77.375,1.9010639621350365,1,45.632341534986175,25434.356087016728,25426.69857662054,25406.055356843517,25410.26280817977,25660.47656446901,45.632341534986175,0.179049011455277,1.8311366707921328,0.0,0.6666666666666666,0,0,1,0,1630,25451.95,25365.2,baseline_breakout,87.95000000000073,125.07999999999812,20,25485.95,25365.2,25727.45,0.0,73.04999999999927,70.38000000000102,85.81999999999971,1,0.7283643892339605,1.013832853025945
2025-11-06_0300,300,BREAKOUT,SELL,2025-11-06 03:25:00,2025-11-06 04:40:00,25508.35,25576.35,25576.35,25372.35,68.0,-68.0,-1.0,SL_HIT,23.63000000000102,0.6815642458100558,0.8883932790066262,44.36999999999898,25554.165,-45.81500000000233,1.6681341425950658,0,26.59858033417739,25547.399594670416,25570.659541157955,25601.30655747064,25562.36090815987,25658.61449130169,26.59858033417739,0.1042740135452798,1.1392569659609617,0.0,0.0,0,0,0,0,300,25576.35,25531.98,baseline_breakout,84.75,12.11999999999898,16,25508.35,25576.35,25372.35,0.0,-34.25,-33.25,-19.63000000000102,0,1.2463235294117647,1.910074374577461
2025-11-06_1000,1000,BREAKOUT,BUY,2025-11-06 10:45:00,2025-11-06 12:20:00,25551.1,25635.34,25508.98,25635.34,42.11999999999898,84.23999999999796,2.0,TP_HIT,13.61999999999898,0.5773854244928464,0.6878274391774056,28.5,25523.23,27.86999999999898,1.4392864916708905,0,19.80147813859762,25531.933033690584,25539.28421704588,25557.37184878524,25566.28821829273,25652.8830630022,19.80147813859762,0.0774975564206536,1.0816440877575646,0.0,0.0,0,0,0,0,1000,25537.48,25508.98,baseline_breakout,24.61999999999898,84.63000000000102,20,25551.1,25508.98,25635.34,0.0,-0.1199999999989813,37.25,59.38000000000102,1,0.5845204178537411,0.8638596491227712
2025-11-06_1630,1630,BREAKOUT,SELL,2025-11-06 16:50:00,2025-11-06 17:55:00,25433.98,25175.74,25563.1,25175.74,129.11999999999898,258.239999999998,2.0,TP_HIT,31.36999999999898,0.7615463917525668,0.6554907392559761,97.75,25514.225,-80.24499999999898,2.042531710623964,0,47.857274132668806,25524.746828161813,25577.65861869969,25608.35297128382,25595.702268806595,25649.380777541683,47.857274132668806,0.1881627418621419,2.154003080159265,0.0,0.0,0,0,0,0,1630,25563.1,25465.35,baseline_breakout,96.75,261.3899999999994,14,25433.98,25563.1,25175.74,0.0,138.0,132.63000000000102,190.89999999999785,1,0.7493029739777011,0.989769820971867
2025-11-07_0300,300,BREAKOUT,SELL,2025-11-07 03:25:00,2025-11-07 08:00:00,25138.48,25222.23,25222.23,24970.98,83.75,-83.75,-1.0,SL_HIT,23.75,0.8897746014293039,0.88390777946918,60.0,25192.23,-53.75,2.233030179711613,0,26.86931889462809,25183.834543397767,25196.65140119867,25206.24107323793,25331.192053668765,25605.82873118848,26.86931889462809,0.1068852169845913,1.285495770498598,0.0,0.0,0,0,0,0,300,25222.23,25162.23,baseline_breakout,32.5,48.63000000000102,20,25138.48,25222.23,24970.98,0.0,0.8800000000010186,2.0,14.88000000000102,0,0.3880597014925373,0.5416666666666666
2025-11-07_1000,1000,BREAKOUT,SELL,2025-11-07 10:15:00,2025-11-07 10:35:00,25219.35,25174.85,25241.6,25174.85,22.25,44.5,2.0,TP_HIT,0.1300000000010186,0.7954285714286102,0.0080892430558059,22.11999999999898,25230.54,-11.190000000002328,1.376415818407823,0,16.0707249249623,25227.476366046125,25220.65547556316,25202.1543975275,25245.57513348357,25577.209417549107,16.0707249249623,0.063723787191035,1.0642977268715368,0.5,0.6666666666666666,0,1,0,0,1000,25241.6,25219.48,baseline_breakout,25.13000000000102,1.1199999999989814,1,25219.35,25241.6,25174.85,0.0,,,,1,1.129438202247237,1.136075949367187
2025-11-07_1630,1630,BREAKOUT,SELL,2025-11-07 17:35:00,2025-11-07 21:55:00,24783.06,25000.48,25000.48,24348.220000000005,217.41999999999825,-217.41999999999825,-1.0,SL_HIT,24.669999999998254,0.3581622944134654,0.370675229565736,192.75,24904.105,-121.04499999999824,2.8961350019781382,0,66.5542179036359,24847.38131992824,24890.23658249712,24957.33604935993,25110.72299769309,25537.21000155863,66.5542179036359,0.2685472169442994,1.3383259099201263,0.0,0.0,0,0,0,0,1630,25000.48,24807.73,baseline_breakout,70.95999999999913,180.77000000000044,20,24783.06,25000.48,24348.220000000005,0.0,31.950000000000728,67.70000000000073,77.44000000000233,0,0.32637291877472036,0.36814526588845203
2025-11-10_0300,300,BREAKOUT,BUY,2025-11-10 03:20:00,2025-11-10 10:30:00,25278.98,25396.48,25220.23,25396.48,58.75,117.5,2.0,TP_HIT,3.130000000001018,0.453125,0.1515932866639807,55.61999999999898,25248.04,30.93999999999869,2.693807860782016,1,20.647352325957065,25252.683805468827,25225.73530705349,25149.181154985552,25050.57881315516,25491.217585501618,20.647352325957065,0.0816779487382681,0.8375947490973836,0.5,0.6666666666666666,0,1,1,0,300,25275.85,25220.23,baseline_breakout,13.13000000000102,63.36999999999898,20,25278.98,25220.23,25396.48,0.0,-6.75,-6.880000000001019,31.36999999999898,1,0.22348936170214503,0.23606616325065194
2025-11-10_1000,1000,BREAKOUT,BUY,2025-11-10 10:35:00,2025-11-10 16:35:00,25398.73,25489.23,25353.48,25489.23,45.25,90.5,2.0,TP_HIT,10.5,0.4453248811410011,0.6422716188695659,34.75,25370.855,27.875,2.1256132148302296,1,16.34822354205934,25384.387859699116,25380.044580307946,25367.483335438847,25232.7369622962,25483.07820305429,16.34822354205934,0.0643663031264135,1.1243481189379156,0.0,0.6666666666666666,0,0,1,0,1000,25388.23,25353.48,baseline_breakout,2.5,64.61999999999898,20,25398.73,25353.48,25489.23,0.0,9.0,28.11999999999898,42.0,1,0.055248618784530384,0.07194244604316546
2025-11-10_1630,1630,BREAKOUT,BUY,2025-11-10 17:00:00,2025-11-10 17:55:00,25534.35,25420.48,25420.48,25762.09,113.86999999999898,-113.86999999999898,-1.0,SL_HIT,0.1199999999989813,0.0784313725490196,0.0039388150407948,113.75,25477.355,56.99499999999898,3.73366842411845,1,30.46601547829125,25500.702988251844,25472.29741213652,25447.369283401284,25343.829888449483,25480.84067722607,30.46601547829125,0.1193138477317466,1.5408166608462392,0.0,1.0,0,0,1,1,1630,25534.23,25420.48,baseline_breakout,119.52999999999884,26.88000000000102,12,25534.35,25420.48,25762.09,0.0,-14.5,16.25,-32.36999999999898,0,1.0497058048651964,1.0508131868131765
