WindowID,WindowType,EntryType,Type,EntryTime,ExitTime,EntryPrice,ExitPrice,SL,TP,Risk,P&L,R_Multiple,Status,BreakoutDistance,BreakoutBodyPct,BreakoutAtrMultiple,RangeWidth,RangeMid,EntryOffset,RangeAtrRatio,PriceAboveEMA200_5M,ATR_Value,EMA_9_5M,EMA_21_5M,EMA_50_5M,EMA_200_5M,EMA_200_1H,ATR,ATR_Pct,ATR_Ratio,Consolidation_Score,Trend_Score,Is_Consolidating,Is_Tight_Range,Price_Above_EMA200_5M,Price_Above_EMA200_1H,ActiveWindowType,RangeHigh,RangeLow
2025-06-30_1630,1630,BREAKOUT,SELL,2025-06-30 16:45:00,2025-06-30 22:20:00,22581.15,22656.03,22656.03,22431.390000000007,74.87999999999738,-74.87999999999738,-1.0,SL_HIT,9.0,0.44937499999991815,0.10821334793847252,65.87999999999738,22623.09,-41.93999999999869,0.7921217069095874,0,83.16903756750213,22742.951762408586,23364.613167556858,24223.914934749893,25053.286601303596,22649.125721393037,83.16903756750213,0.3683117891139385,,0.0,0.0,0,0,0,0,1630,22656.03,22590.15
2025-07-01_0300,0300,BREAKOUT,BUY,2025-07-01 03:35:00,2025-07-01 05:50:00,22687.03,22670.4,22670.4,22720.289999999994,16.62999999999738,-16.62999999999738,-1.0,SL_HIT,0.25,0.6129999999997381,0.027679187282021855,16.37999999999738,22678.59,8.43999999999869,1.8135403507177819,0,9.03205709953701,22679.80633546568,22671.877525438584,22675.143741337357,23384.770723465066,22648.52179660529,9.03205709953701,0.03981154474401017,0.9781984627520973,0.5,0.6666666666666666,0,1,0,1,0300,22686.78,22670.4
2025-07-01_1000,1000,BREAKOUT,SELL,2025-07-01 10:15:00,2025-07-01 15:20:00,22628.78,22577.28,22654.53,22577.28,25.75,51.5,2.0,TP_HIT,1.25,0.1836734693877551,0.1091054851872663,24.5,22642.28,-13.5,2.1384675096704195,0,11.456802541636902,22633.466493748034,22634.30360313722,22644.281554670204,22983.27008586708,22648.788072857067,11.456802541636902,0.050629342552435015,1.3069030420706875,0.0,0.0,0,0,0,0,1000,22654.53,22630.03
2025-07-01_1630,1630,BREAKOUT,BUY,2025-07-01 16:50:00,2025-07-01 17:20:00,22613.4,22569.28,22569.28,22701.640000000007,44.12000000000262,-44.12000000000262,-1.0,SL_HIT,3.3700000000026193,0.27631578947368424,0.15970509681331008,40.75,22589.655,23.74500000000262,1.9311521350555867,0,21.101392925123967,22598.12544666913,22596.493440760645,22604.553638218465,22779.86846448132,22646.71032625227,21.101392925123967,0.09331366767104445,1.3309079105245953,0.0,0.3333333333333333,0,0,0,0,1630,22610.03,22569.28
2025-07-02_0300,0300,BREAKOUT,SELL,2025-07-02 04:30:00,2025-07-02 05:10:00,22495.03,22468.53,22508.28,22468.53,13.25,26.5,2.0,TP_HIT,1.1200000000026193,0.6479663394115451,0.167883480008683,12.12999999999738,22502.215,-7.18500000000131,1.8182380468751094,0,6.671293685029,22500.838777206034,22501.574134172497,22500.654675415208,22576.932035197562,22630.361822583072,6.671293685029,0.029656745001135805,0.9568657746182077,0.5,0.3333333333333333,0,1,0,0,0300,22508.28,22496.15
2025-07-02_1000,1000,BREAKOUT,SELL,2025-07-02 10:15:00,2025-07-02 12:00:00,22540.53,22489.289999999994,22566.15,22489.289999999994,25.62000000000262,51.24000000000524,2.0,TP_HIT,7.870000000002619,0.8659558263522382,0.7350248822587403,17.75,22557.275,-16.74500000000262,1.657775306237395,0,10.707120520625118,22554.363700361995,22554.269614931964,22545.76653284921,22558.373901882347,22625.235236220444,10.707120520625118,0.04750163603351438,1.193290361403334,0.5,0.6666666666666666,0,1,0,0,1000,22566.15,22548.4
2025-07-02_1630,1630,BREAKOUT,BUY,2025-07-02 16:45:00,2025-07-02 17:50:00,22499.9,22617.4,22441.15,22617.4,58.75,117.5,2.0,TP_HIT,3.8700000000026193,0.48119402985082443,0.14275543128681284,54.87999999999738,22468.59,31.31000000000131,2.024397433853905,0,27.109301307263916,22463.392799400783,22451.00071254205,22461.799719148345,22511.953489073036,22616.311820917177,27.109301307263916,0.12048631908259108,1.1658080481389868,0.0,0.3333333333333333,0,0,0,0,1630,22496.03,22441.15
2025-07-03_0300,0300,BREAKOUT,BUY,2025-07-03 04:20:00,2025-07-03 05:10:00,22651.78,22631.28,22631.28,22692.78,20.5,-20.5,-1.0,SL_HIT,5.25,0.8,0.7908121203707499,15.25,22638.905,12.875,2.29712092107694,1,6.638744987290643,22643.199911640066,22641.078113492345,22635.57428989948,22593.97066153266,22617.71260816061,6.638744987290643,0.02930782917408982,1.1483505308224442,0.5,1.0,0,1,1,1,0300,22646.53,22631.28
2025-07-03_1000,1000,BREAKOUT,BUY,2025-07-03 10:35:00,2025-07-03 11:40:00,22693.03,22670.53,22670.53,22738.03,22.5,-22.5,-1.0,SL_HIT,5.379999999997381,0.8333333333333334,0.5795897210459189,17.12000000000262,22679.09,13.93999999999869,1.8443449859316876,1,9.282428249915672,22681.45360584857,22675.15058470055,22665.819428551462,22629.02635484824,22620.321703866462,9.282428249915672,0.04090431401146375,1.1171129424432766,0.0,1.0,0,0,1,1,1000,22687.65,22670.53
2025-07-03_1630,1630,BREAKOUT,BUY,2025-07-03 16:50:00,2025-07-04 11:15:00,22794.28,22728.03,22728.03,22926.78,66.25,-66.25,-1.0,SL_HIT,12.12999999999738,0.7384346814080723,0.46195193310861543,54.12000000000262,22755.09,39.18999999999869,2.0610749068297505,1,26.258143176002992,22749.50155385416,22720.499658450513,22692.51030818925,22654.80698928424,22623.957847995433,26.258143176002992,0.11519619472956809,1.3776840782160618,0.0,1.0,0,0,1,1,1630,22782.15,22728.03
2025-07-04_1000,1000,BREAKOUT,SELL,2025-07-04 11:20:00,2025-07-07 01:00:00,22750.53,22804.9,22804.9,22641.789999999994,54.37000000000262,-54.37000000000262,-1.0,SL_HIT,26.0,0.7205882352941176,2.04812229508486,28.37000000000262,22790.715,-40.18500000000131,2.234816519675494,0,12.69455445233691,22749.602639333174,22763.888403377772,22783.631950234816,22782.451598165815,22651.351401114265,12.69455445233691,0.055798939419595545,1.1046536121305748,0.0,0.3333333333333333,0,0,0,1,1000,22804.9,22776.53
2025-07-07_0300,0300,BREAKOUT,SELL,2025-07-07 03:40:00,2025-07-07 15:15:00,22767.53,22800.28,22800.28,22702.03,32.75,-32.75,-1.0,SL_HIT,10.62000000000262,0.9621166566447698,0.9387496506351418,22.12999999999738,22789.215,-21.68500000000131,1.9561704113510459,1,11.312920322065963,22782.000345858927,22782.639819857264,22769.818664422935,22756.713416810362,22661.10408942162,11.312920322065963,0.04968883459060321,0.8541832216859981,0.5,0.6666666666666666,0,1,1,1,0300,22800.28,22778.15
2025-07-07_1630,1630,BREAKOUT,SELL,2025-07-07 17:55:00,2025-07-08 10:55:00,22698.63,22776.15,22776.15,22543.59,77.52000000000044,-77.52000000000044,-1.0,SL_HIT,3.2700000000004366,0.5393436140766685,0.1307946165025338,74.25,22739.025,-40.39500000000044,2.9698777600342012,0,25.001028998292824,22721.81407811887,22733.232414925536,22745.089832261358,22750.780897264252,22672.57765319731,25.001028998292824,0.11014333903981352,1.0455715224358246,0.0,0.3333333333333333,0,0,0,1,1630,22776.15,22701.9
2025-07-08_1000,1000,BREAKOUT,BUY,2025-07-08 11:00:00,2025-07-08 12:50:00,22754.78,22728.65,22728.65,22807.039999999994,26.12999999999738,-26.12999999999738,-1.0,SL_HIT,2.6299999999973807,0.8009075439594281,0.2223861605713518,23.5,22740.4,14.37999999999738,1.9871006743087347,1,11.826275489627667,22754.67550417441,22747.496679076325,22737.235579335582,22717.247709514962,22678.1271192504,11.826275489627667,0.05197270854575464,1.1840313172688388,0.0,1.0,0,0,1,1,1000,22752.15,22728.65
2025-07-08_1630,1630,BREAKOUT,SELL,2025-07-08 16:55:00,2025-07-08 19:20:00,22687.03,22748.9,22748.9,22563.289999999994,61.87000000000262,-61.87000000000262,-1.0,SL_HIT,8.12000000000262,0.8511904761904762,0.3501138708481072,53.75,22722.025,-34.99500000000262,2.317564108137893,0,23.192454444415276,22716.543691916864,22728.625491865045,22736.415294102582,22729.03673749203,22680.720180477445,23.192454444415276,0.10222781229810723,1.6825218449882395,0.0,0.3333333333333333,0,0,0,1,1630,22748.9,22695.15
2025-07-09_0300,0300,BREAKOUT,SELL,2025-07-09 03:30:00,2025-07-09 05:00:00,22672.9,22706.15,22706.15,22606.4,33.25,-33.25,-1.0,SL_HIT,4.75,0.7948717948717948,0.5127614208372301,28.5,22691.9,-19.0,3.0765685250233807,0,9.263567435015416,22687.9198309537,22699.068263978355,22706.65039074094,22715.141660896858,22684.925044773692,9.263567435015416,0.040857444063244736,0.9034903608794046,0.5,0.0,0,1,0,0,0300,22706.15,22677.65
2025-07-09_1000,1000,BREAKOUT,BUY,2025-07-09 12:10:00,2025-07-09 16:25:00,22716.28,22783.039999999994,22682.9,22783.039999999994,33.37999999999738,66.75999999999476,2.0,TP_HIT,7.629999999997381,0.8654937570940825,0.8719264028093768,25.75,22695.775,20.50499999999738,2.9426087643970065,1,8.75073856625199,22702.14007438104,22698.596508787883,22694.102833830442,22699.160299455263,22686.035689757977,8.75073856625199,0.03852188195537293,0.9389112694882995,0.5,1.0,0,1,1,1,1000,22708.65,22682.9
2025-07-09_1630,1630,BREAKOUT,BUY,2025-07-09 16:45:00,2025-07-09 17:35:00,22892.4,22785.53,22785.53,23106.140000000007,106.87000000000262,-106.87000000000262,-1.0,SL_HIT,20.87000000000262,0.937984496124031,1.0139672175819197,86.0,22828.53,63.87000000000262,4.178302861142029,1,20.582519472150988,22824.026483021087,22789.28791377454,22759.413700237634,22722.81969633926,22689.670435697117,20.582519472150988,0.08990983676744678,1.7537036695122752,0.0,1.0,0,0,1,1,1630,22871.53,22785.53
2025-07-10_0300,0300,BREAKOUT,SELL,2025-07-10 03:25:00,2025-07-10 11:20:00,22822.18,22844.3,22844.3,22777.940000000002,22.11999999999898,-22.11999999999898,-1.0,SL_HIT,2.8699999999989814,0.43453070683656514,0.37514845918268747,19.25,22834.675,-12.494999999998981,2.5162396652506263,1,7.650304645397375,22832.997270011885,22842.176988225307,22842.58193671634,22797.277017301574,22701.816444252512,7.650304645397375,0.03352135793073832,1.1757247564581,0.0,0.3333333333333333,0,0,1,1,0300,22844.3,22825.05
2025-07-10_1000,1000,BREAKOUT,BUY,2025-07-10 11:25:00,2025-07-10 16:50:00,22845.93,22792.55,22792.55,22952.690000000002,53.38000000000102,-53.38000000000102,-1.0,SL_HIT,40.5,0.26212319790297944,4.373733561681192,12.880000000001019,22798.989999999998,46.94000000000233,1.390955266036005,1,9.25982331315867,22834.294418423768,22823.39186742827,22814.892412659636,22805.75864306512,22710.58880829644,9.25982331315867,0.0405316102831387,1.1416668721148737,0.0,1.0,0,0,1,1,1000,22805.43,22792.55
2025-07-10_1630,1630,BREAKOUT,SELL,2025-07-10 16:55:00,2025-07-21 19:35:00,22769.55,22898.8,22898.8,22511.05,129.25,-129.25,-1.0,SL_HIT,62.13000000000102,0.38202247191011235,2.2596576144240674,67.11999999999898,22865.239999999998,-95.68999999999869,2.441143072270057,0,27.495315929018062,22820.490047529252,22840.711210625934,22847.15821048481,22827.730487331268,22716.84552843078,27.495315929018062,0.12075476207925964,1.8763025853893298,0.0,0.3333333333333333,0,0,0,1,1630,22898.8,22831.68
2025-07-22_0300,0300,BREAKOUT,BUY,2025-07-22 03:20:00,2025-07-22 03:50:00,23201.65,23188.15,23188.15,23228.65,13.5,-13.5,-1.0,SL_HIT,2.8700000000026193,0.6730434782613252,0.5135480648326191,10.62999999999738,23193.465,8.18500000000131,1.9020961425659975,1,5.588571346166089,23194.5273917889,23191.859891196014,23182.186502216486,23037.936406213623,22813.856889848586,5.588571346166089,0.024086956514584472,1.0700149166286081,0.5,1.0,0,1,1,1,0300,23198.78,23188.15
2025-07-22_1000,1000,BREAKOUT,SELL,2025-07-22 10:55:00,2025-07-22 16:30:00,23147.28,23189.15,23189.15,23063.539999999994,41.87000000000262,-41.87000000000262,-1.0,SL_HIT,5.620000000002619,0.3722627737226277,0.44013153134831207,36.25,23171.025,-23.74500000000262,2.8389266924143906,1,12.768910200062567,23168.278172437218,23167.362744005724,23166.09472756395,23116.92608480589,22837.806129162876,12.768910200062567,0.05516376092596006,1.6763091936887808,0.0,1.0,0,0,1,1,1000,23189.15,23152.9
2025-07-22_1630,1630,BREAKOUT,SELL,2025-07-22 16:45:00,2025-07-23 23:00:00,23056.15,23191.53,23191.53,22785.390000000007,135.37999999999738,-135.37999999999738,-1.0,SL_HIT,45.75,0.9718796992480809,1.61392748138882,89.62999999999738,23146.715,-90.56499999999869,3.1618867793852616,0,28.346998565654957,23136.923920373018,23153.687452722974,23154.727164294865,23132.741223080546,22854.244517102165,28.346998565654957,0.12294766717624128,2.4094130341026245,0.0,0.3333333333333333,0,0,0,1,1630,23191.53,23101.9
2025-07-24_0300,0300,BREAKOUT,BUY,2025-07-24 03:35:00,2025-07-24 06:45:00,23252.47,23233.59,23233.59,23290.230000000003,18.88000000000102,-18.88000000000102,-1.0,SL_HIT,0.7299999999995634,0.49336283185826285,0.10662160722945699,18.150000000001455,23242.665,9.805000000000291,2.650934481117749,1,6.846642242304165,23249.11360897198,23245.448594737387,23222.596944138866,23148.25770312482,22926.629097100467,6.846642242304165,0.029444795509054156,0.8690863344569416,0.5,1.0,0,1,1,1,0300,23251.74,23233.59
2025-07-24_1000,1000,BREAKOUT,BUY,2025-07-24 10:55:00,2025-07-24 11:00:00,23220.99,23204.11,23204.11,23254.750000000004,16.88000000000102,-16.88000000000102,-1.0,SL_HIT,6.5,0.7854077253219152,0.8648976833265462,10.380000000001019,23209.300000000003,11.68999999999869,1.3811750696816045,1,7.515339820312474,23213.189876942568,23215.730620878847,23223.45630599118,23198.1628009504,22947.358672135604,7.515339820312474,0.03236442468780389,1.0742231129437911,0.0,0.3333333333333333,0,0,1,1,1000,23214.49,23204.11
2025-07-24_1630,1630,BREAKOUT,SELL,2025-07-24 17:05:00,2025-07-24 18:50:00,23180.7,23249.08,23249.08,23043.94,68.38000000000102,-68.38000000000102,-1.0,SL_HIT,4.0,0.37784172661873433,0.1412797130751279,64.38000000000102,23216.89,-36.18999999999869,2.2738969819442194,0,28.312628281407477,23202.852808259042,23209.485980573383,23217.730490819165,23211.581910711684,22966.236350501036,28.312628281407477,0.12213879771278467,1.6325501352905571,0.0,0.3333333333333333,0,0,0,1,1630,23249.08,23184.7
2025-07-25_0300,0300,BREAKOUT,BUY,2025-07-25 04:35:00,2025-07-25 07:40:00,23276.4,23256.15,23256.15,23316.9,20.25,-20.25,-1.0,SL_HIT,0.8700000000026193,0.6,0.14998036855979338,19.37999999999738,23265.84,10.56000000000131,3.3409420030800594,1,5.8007591817309905,23271.68554563423,23268.210201731592,23261.20450337921,23238.947552815294,22993.01468543137,5.8007591817309905,0.024921204231457574,0.8648986386339524,0.5,1.0,0,1,1,1,0300,23275.53,23256.15
2025-07-25_1000,1000,BREAKOUT,SELL,2025-07-25 10:15:00,2025-07-25 16:35:00,23230.65,23194.15,23248.9,23194.15,18.25,36.5,2.0,TP_HIT,0.8799999999973807,0.22666666666641722,0.11111028008690252,17.37000000000262,23240.215,-9.56499999999869,2.1931654149040143,0,7.920059235825052,23242.865318824857,23251.638152346204,23260.477126602636,23253.18969394934,23008.348029613888,7.920059235825052,0.03409314520181334,1.5673186819457012,0.0,0.3333333333333333,0,0,0,1,1000,23248.9,23231.53
2025-07-25_1630,1630,BREAKOUT,BUY,2025-07-25 16:45:00,2025-07-28 01:00:00,23239.15,23344.890000000007,23186.28,23344.890000000007,52.87000000000262,105.74000000000524,2.0,TP_HIT,6.120000000002619,0.9891304347826086,0.3197956532065291,46.75,23209.655,29.49500000000262,2.442883461993274,1,19.137220717788264,23222.18635392482,23223.42584241081,23227.071681606223,23238.644490416304,23021.373831692596,19.137220717788264,0.08234905630278329,1.8588466278662485,0.0,0.3333333333333333,0,0,1,1,1630,23233.03,23186.28
2025-07-28_0300,0300,BREAKOUT,BUY,2025-07-28 03:15:00,2025-07-28 08:45:00,23397.65,23429.15,23381.9,23429.15,15.75,31.5,2.0,TP_HIT,4.870000000002619,0.6020512820515507,0.5095456735581425,10.87999999999738,23387.34,10.31000000000131,1.1383689791187421,1,9.55753380456663,23392.19366334178,23382.596621557088,23355.370025081786,23296.643067525267,23051.623871095166,9.55753380456663,0.04084826384088415,0.8497744377756989,0.5,1.0,0,1,1,1,0300,23392.78,23381.9
2025-07-28_1000,1000,BREAKOUT,SELL,2025-07-28 10:30:00,2025-07-28 16:10:00,23392.78,23335.539999999994,23421.4,23335.539999999994,28.62000000000262,57.24000000000524,2.0,TP_HIT,7.620000000002619,0.8365217391306625,1.0266956465587491,21.0,23410.9,-18.12000000000262,2.8294761913026667,1,7.421868423756476,23406.53196026478,23414.18667101663,23413.43828082523,23363.28618542349,23075.97107885841,7.421868423756476,0.03172717575147749,1.2731015627787334,0.0,0.6666666666666666,0,0,1,1,1000,23421.4,23400.4
2025-07-28_1630,1630,BREAKOUT,BUY,2025-07-28 16:50:00,2025-07-28 18:15:00,23365.65,23322.15,23322.15,23452.65,43.5,-43.5,-1.0,SL_HIT,4.25,0.30569758948149817,0.21593124187682497,39.25,23341.775,23.875,1.9941885279212659,0,19.682191252455976,23351.872289838382,23353.099360517816,23361.975439480448,23365.858728803196,23093.241589901056,19.682191252455976,0.08423558194381912,1.788974509328661,0.0,0.3333333333333333,0,0,0,1,1630,23361.4,23322.15
2025-07-29_0300,0300,BREAKOUT,BUY,2025-07-29 03:25:00,2025-07-29 10:25:00,23393.28,23422.28,23378.78,23422.28,14.5,29.0,2.0,TP_HIT,2.3799999999973807,0.5974193548383717,0.3815511576545208,12.12000000000262,23384.84,8.43999999999869,1.9430252230163365,1,6.237695659548685,23388.059769969957,23385.160172004413,23373.337721795288,23360.38895860817,23118.509844659733,6.237695659548685,0.026664476548601504,1.2019809011548717,0.5,1.0,0,1,1,1,0300,23390.9,23378.78
2025-07-29_1000,1000,BREAKOUT,BUY,2025-07-29 10:30:00,2025-07-29 12:55:00,23425.15,23462.65,23406.4,23462.65,18.75,37.5,2.0,TP_HIT,9.12000000000262,0.5328596802844398,1.4729437919509563,9.62999999999738,23411.215,13.93500000000131,1.5553123592631335,1,6.191682296255798,23417.03071353815,23413.631942759414,23408.600300439994,23386.29381801465,23138.179574146696,6.191682296255798,0.026431772245880163,1.2987901703936604,0.0,1.0,0,0,1,1,1000,23416.03,23406.4
2025-07-29_1630,1630,BREAKOUT,SELL,2025-07-29 16:45:00,2025-07-29 18:25:00,23451.65,23327.65,23513.65,23327.65,62.0,124.0,2.0,TP_HIT,3.6299999999973807,0.6597002322144453,0.1670756932143901,58.37000000000262,23484.465,-32.81499999999869,2.6865587363447445,1,21.726679268296653,23467.84754593059,23461.690325062973,23455.602221906323,23422.728443130774,23156.506190466014,21.726679268296653,0.09264456559899475,2.2662511734053434,0.0,1.0,0,0,1,1,1630,23513.65,23455.28
2025-07-30_0300,0300,BREAKOUT,BUY,2025-07-30 05:05:00,2025-07-30 11:30:00,23356.4,23334.28,23334.28,23400.640000000007,22.12000000000262,-22.12000000000262,-1.0,SL_HIT,4.870000000002619,1.0,0.8751369943969877,17.25,23342.905,13.49500000000262,3.0998178959630223,0,5.564843025929087,23348.66887673233,23345.396344872766,23341.227233752536,23363.184735802333,23178.002910978368,5.564843025929087,0.023825773774764462,0.9323499598017141,0.0,1.0,0,0,0,1,0300,23351.53,23334.28
2025-07-30_1630,1630,BREAKOUT,BUY,2025-07-30 17:20:00,2025-07-30 21:55:00,23377.25,23313.53,23313.53,23504.690000000002,63.720000000001164,-63.720000000001164,-1.0,SL_HIT,5.220000000001164,0.5376223776224102,0.22658627359162145,58.5,23342.78,34.470000000001164,2.539328928181398,1,23.03758262695656,23354.50496172844,23353.444380175824,23355.32395385633,23358.78151332905,23198.725895179407,23.03758262695656,0.09854701740776421,1.3614948606258606,0.0,0.6666666666666666,0,0,1,1,1630,23372.03,23313.53
2025-07-31_0300,0300,BREAKOUT,BUY,2025-07-31 03:15:00,2025-07-31 05:55:00,23603.28,23653.78,23578.03,23653.78,25.25,50.5,2.0,TP_HIT,11.87999999999738,0.9119999999998767,1.1804951909925858,13.37000000000262,23584.715,18.56499999999869,1.3285539312775627,1,10.063573397540416,23592.727561291205,23582.796431386454,23532.135539482977,23429.389092440015,23221.44903846431,10.063573397540416,0.04263633443123336,0.8929788056377684,0.5,1.0,0,1,1,1,0300,23591.4,23578.03
2025-07-31_1000,1000,BREAKOUT,BUY,2025-07-31 10:20:00,2025-07-31 10:40:00,23664.78,23695.78,23649.28,23695.78,15.5,31.0,2.0,TP_HIT,1.25,0.9557142857140987,0.1431301721333434,14.25,23656.405,8.375,1.6316839623201145,1,8.733308857027511,23657.92917261232,23657.76667602331,23652.522667981535,23556.63475210248,23251.323710937646,8.733308857027511,0.036904246973889096,1.1721215861389396,0.0,1.0,0,0,1,1,1000,23663.53,23649.28
2025-07-31_1630,1630,BREAKOUT,SELL,2025-07-31 17:30:00,2025-07-31 21:10:00,23484.58,23222.440000000002,23615.65,23222.440000000002,131.0699999999997,262.1399999999994,2.0,TP_HIT,2.069999999999709,0.4539619846951406,0.059708656480975085,129.0,23551.15,-66.56999999999971,3.7209742444670866,0,34.668339935923214,23523.962508208268,23559.342022352244,23600.555833864615,23598.47381034994,23274.760047803822,34.668339935923214,0.1476217157638042,1.3373323884318549,0.0,0.3333333333333333,0,0,0,1,1630,23615.65,23486.65
2025-08-01_0300,0300,BREAKOUT,SELL,2025-08-01 03:20:00,2025-08-01 04:15:00,23142.78,23174.78,23174.78,23078.78,32.0,-32.0,-1.0,SL_HIT,5.370000000002619,0.6372795969776001,0.32854389781345233,26.62999999999738,23161.465,-18.68500000000131,1.6292595900869846,0,16.34484778363381,23155.775187927913,23163.33825744645,23198.4183281755,23374.18734774867,23272.95982767402,16.34484778363381,0.07062612090524048,0.7314170557208287,0.5,0.0,0,1,0,0,0300,23174.78,23148.15
2025-08-01_1000,1000,BREAKOUT,SELL,2025-08-01 10:15:00,2025-08-01 13:45:00,23077.78,22933.28,23150.03,22933.28,72.25,144.5,2.0,TP_HIT,20.0,0.9154770848985808,1.0831886284863934,52.25,23123.905,-46.125,2.829830291920703,0,18.46400476706189,23116.61092520239,23137.81242600409,23159.86552288865,23259.785400116918,23265.175250082957,18.46400476706189,0.08000771637073363,1.4761115518807006,0.0,0.0,0,0,0,0,1000,23150.03,23097.78
2025-08-01_1630,1630,BREAKOUT,SELL,2025-08-01 16:45:00,2025-08-04 16:10:00,22738.78,22966.78,22966.78,22282.78,228.0,-228.0,-1.0,SL_HIT,51.87000000000262,0.8539200000000419,1.0983893187093103,176.12999999999738,22878.715,-139.9350000000013,3.7296955986940077,0,47.223693017111415,22865.838968805085,22916.141167680864,22956.78207539563,23101.40976137867,23245.750879273666,47.223693017111415,0.2076790971947986,1.5787552835766632,0.0,0.0,0,0,0,0,1630,22966.78,22790.65
2025-08-04_1630,1630,BREAKOUT,BUY,2025-08-04 16:45:00,2025-08-06 01:00:00,23099.03,22971.9,22971.9,23353.289999999994,127.12999999999738,-127.12999999999738,-1.0,SL_HIT,19.75,0.674807197943388,0.7910592192350552,107.37999999999738,23025.59,73.43999999999869,4.300958934757374,1,24.966525286309178,23023.061221617158,22988.109314565816,22959.918422272043,22912.21859756197,23165.168632542227,24.966525286309178,0.10808473466768595,1.8509450461637484,0.0,0.6666666666666666,0,0,1,0,1630,23079.28,22971.9
2025-08-06_0300,0300,BREAKOUT,BUY,2025-08-06 03:35:00,2025-08-06 05:30:00,22977.4,23051.4,22940.4,23051.4,37.0,74.0,2.0,TP_HIT,0.25,0.16103059581322715,0.015544280445680346,36.75,22958.775,18.625,2.2850092255150107,0,16.083086050436858,22972.122958364766,22972.17760987962,22990.25369919584,23083.34613671398,23161.02787418132,16.083086050436858,0.06999523901937059,1.1951285925831592,0.5,0.0,0,1,0,0,0300,22977.15,22940.4
2025-08-06_1000,1000,BREAKOUT,SELL,2025-08-06 11:25:00,2025-08-06 13:00:00,23080.53,23017.03,23112.28,23017.03,31.75,63.5,2.0,TP_HIT,1.5,0.3285870755751217,0.12885999347068716,30.25,23097.155,-16.625,2.598676534992191,1,11.640540710885704,23093.094574929237,23093.592417277792,23080.732425074984,23071.03529091928,23153.611189610718,11.640540710885704,0.05043446017437946,1.0356999067997106,0.0,0.3333333333333333,0,0,1,0,1000,23112.28,23082.03
2025-08-06_1630,1630,BREAKOUT,BUY,2025-08-06 16:50:00,2025-08-06 20:40:00,23120.78,23282.28,23040.03,23282.28,80.75,161.5,2.0,TP_HIT,1.75,0.1738935406698241,0.04491230148198741,79.0,23079.53,41.25,2.0274696097582887,1,38.964825721564445,23089.60875281822,23076.683867451204,23066.854398611802,23065.041321228255,23149.08509795296,38.964825721564445,0.1685272976152381,1.9632142202066474,0.0,0.6666666666666666,0,0,1,0,1630,23119.03,23040.03
2025-08-07_0300,0300,BREAKOUT,BUY,2025-08-07 03:15:00,2025-08-07 11:00:00,23361.4,23414.640000000007,23334.78,23414.640000000007,26.62000000000262,53.24000000000524,2.0,TP_HIT,4.25,0.39263252470832416,0.439666609221102,22.37000000000262,23345.965,15.43500000000131,2.314198129006401,1,9.666415212947719,23352.676634596064,23346.731657410703,23326.61672627066,23220.35192558922,23163.003661981402,9.666415212947719,0.0413777222809751,0.8091880915399101,0.5,1.0,0,1,1,1,0300,23357.15,23334.78
2025-08-07_1000,1000,BREAKOUT,BUY,2025-08-07 11:05:00,2025-08-07 17:00:00,23428.03,23561.03,23361.53,23561.03,66.5,133.0,2.0,TP_HIT,36.62999999999738,0.3078276165346696,2.88709284998086,29.87000000000262,23376.465,51.56499999999869,2.3542851058952228,1,12.68750327868403,23401.706040297347,23389.51101070126,23380.178642245097,23316.93470802316,23180.122765422282,12.68750327868403,0.05415522892314903,1.1595956749906806,0.0,1.0,0,0,1,1,1000,23391.4,23361.53
2025-08-07_1630,1630,BREAKOUT,SELL,2025-08-07 17:20:00,2025-08-07 19:45:00,23455.4,23288.640000000007,23538.78,23288.640000000007,83.37999999999738,166.75999999999476,2.0,TP_HIT,19.12999999999738,0.7116691842900172,0.5170422143953609,64.25,23506.655,-51.25499999999738,1.7365374947677201,1,36.99891317843045,23496.98290212489,23499.605210561072,23489.904249021267,23407.540081294894,23198.141572865854,36.99891317843045,0.15774155707611232,1.5961127654308804,0.0,0.6666666666666666,0,0,1,1,1630,23538.78,23474.53
2025-08-08_0300,0300,BREAKOUT,BUY,2025-08-08 03:15:00,2025-08-08 08:25:00,23460.1,23427.47,23427.47,23525.359999999993,32.62999999999738,-32.62999999999738,-1.0,SL_HIT,5.379999999997381,0.5404411764704776,0.5420951093952276,27.25,23441.095,19.00499999999738,2.74574195743999,1,9.924457732148548,23447.773875188024,23442.297202421818,23418.67148804325,23394.786388558972,23214.904330845693,9.924457732148548,0.04230356107667294,0.9862830482142121,0.5,1.0,0,1,1,1,0300,23454.72,23427.47
2025-08-08_1000,1000,BREAKOUT,BUY,2025-08-08 10:15:00,2025-08-08 15:20:00,23443.97,23424.22,23424.22,23483.47,19.75,-19.75,-1.0,SL_HIT,4.5,0.8315018315021244,0.4178534833403779,15.25,23431.845,12.125,1.4160590268757252,1,10.769325085018759,23436.174732210744,23436.451012586484,23440.950033393477,23426.196527333334,23230.299088477797,10.769325085018759,0.04593643945551354,1.0000541084779024,0.0,0.3333333333333333,0,0,1,1,1000,23439.47,23424.22
2025-08-08_1630,1630,BREAKOUT,BUY,2025-08-08 16:45:00,2025-08-12 15:40:00,23526.97,23722.47,23429.22,23722.47,97.75,195.5,2.0,TP_HIT,14.12000000000262,0.5911949685534591,0.5791687116628956,83.62999999999738,23471.035,55.93500000000131,3.4303030705635593,1,24.37977003188174,23470.684069950697,23457.075656595633,23455.149128275385,23442.493307805235,23244.35475580216,24.37977003188174,0.10362477629665756,1.896958114085422,0.0,1.0,0,0,1,1,1630,23512.85,23429.22
2025-08-12_1630,1630,BREAKOUT,SELL,2025-08-12 16:45:00,2025-08-12 18:05:00,23600.03,23707.03,23707.03,23386.03,107.0,-107.0,-1.0,SL_HIT,10.87000000000262,0.48499309305543,0.2512655715604681,96.12999999999738,23658.965,-58.93500000000131,2.2220937805061007,1,43.26100043271034,23642.596629532713,23628.255462770587,23595.420240408122,23569.78358629964,23373.32339481219,43.26100043271034,0.18330909084738597,1.6733728854697822,0.0,1.0,0,0,1,1,1630,23707.03,23610.9
2025-08-13_0300,0300,BREAKOUT,SELL,2025-08-13 03:30:00,2025-08-13 09:40:00,23840.78,23865.65,23865.65,23791.039999999994,24.87000000000262,-24.87000000000262,-1.0,SL_HIT,1.0,0.7296954314723237,0.10346783928370751,23.87000000000262,23853.715,-12.93500000000131,2.469777323702369,1,9.664838919251157,23847.454110170816,23844.31129739697,23831.52159286856,23732.231637552064,23414.638291308926,9.664838919251157,0.040539105344922256,1.1885711514426929,0.0,1.0,0,0,1,1,0300,23865.65,23841.78
2025-08-13_1000,1000,BREAKOUT,BUY,2025-08-13 10:15:00,2025-08-13 16:10:00,23882.65,23933.390000000007,23857.28,23933.390000000007,25.37000000000262,50.74000000000524,2.0,TP_HIT,1.25,0.6442105263160652,0.12624907937623053,24.12000000000262,23869.34,13.31000000000131,2.436102235644009,1,9.901062298243918,23868.47980569333,23861.136617820495,23854.23694790325,23797.584753651645,23444.22088860905,9.901062298243918,0.04145713435587725,1.5341301598469295,0.0,1.0,0,0,1,1,1000,23881.4,23857.28
2025-08-13_1630,1630,BREAKOUT,SELL,2025-08-13 16:55:00,2025-08-13 18:10:00,23916.53,23814.03,23967.78,23814.03,51.25,102.5,2.0,TP_HIT,12.25,0.7649885105494175,0.5859582917394902,39.0,23948.28,-31.75,1.865499867578785,1,20.90592482894021,23937.31507438509,23929.071038306523,23913.888572266744,23857.533480035705,23470.978833262976,20.90592482894021,0.08741203188313777,1.8913292613166397,0.0,1.0,0,0,1,1,1630,23967.78,23928.78
2025-08-14_0300,0300,BREAKOUT,SELL,2025-08-14 03:40:00,2025-08-14 15:00:00,23840.33,23863.33,23863.33,23794.33,23.0,-23.0,-1.0,SL_HIT,8.0,0.7663043478259473,0.9868165006166103,15.0,23855.83,-15.5,1.8502809386561443,0,8.106877008036667,23853.107496963865,23852.381519515715,23846.603625802363,23845.254049506588,23505.968308251697,8.106877008036667,0.0340048858721195,1.1828156169487511,0.5,1.0,0,1,0,1,0300,23863.33,23848.33
2025-08-14_1630,1630,BREAKOUT,BUY,2025-08-14 16:45:00,2025-08-15 16:40:00,23835.58,23746.45,23746.45,24013.840000000004,89.13000000000102,-89.13000000000102,-1.0,SL_HIT,7.130000000001019,0.2917953999313321,0.25057050724494506,82.0,23787.45,48.13000000000102,2.881736548959686,1,28.455064717696768,23794.922842532847,23791.672118125494,23806.9439061001,23826.734621141906,23545.265305296067,28.455064717696768,0.11938062643198431,1.2402765996209297,0.0,0.6666666666666666,0,0,1,1,1630,23828.45,23746.45
2025-08-15_1630,1630,BREAKOUT,SELL,2025-08-15 16:45:00,2025-08-19 18:00:00,23692.78,23439.539999999994,23819.4,23439.539999999994,126.62000000000262,253.24000000000524,2.0,TP_HIT,51.12000000000262,0.8954248366013072,1.6662445226993474,75.5,23781.65,-88.87000000000262,2.4609049582119384,0,30.679770768090663,23769.729938351436,23791.82785184785,23805.94722997776,23819.553280475753,23601.609883703044,30.679770768090663,0.12948995756551432,2.091666353411863,0.0,0.3333333333333333,0,0,0,1,1630,23819.4,23743.9
2025-08-19_1630,1630,BREAKOUT,SELL,2025-08-19 18:05:00,2025-08-20 17:05:00,23466.71,23028.329999999994,23685.9,23028.329999999994,219.19000000000233,438.38000000000466,2.0,TP_HIT,109.19000000000233,0.0021299254526557826,2.890987227731513,110.0,23630.9,-164.19000000000233,2.9124333276898953,0,37.76910494539993,23503.46300857573,23552.951088382342,23607.179601191918,23663.245288943148,23635.82586822909,37.76910494539993,0.16094759318796684,1.0807961068473702,0.0,0.0,0,0,0,0,1630,23685.9,23575.9
2025-08-20_1630,1630,BREAKOUT,SELL,2025-08-20 17:10:00,2025-08-22 17:00:00,23029.95,23352.03,23352.03,22385.790000000005,322.0799999999981,-322.0799999999981,-1.0,SL_HIT,213.95000000000073,0.015591397849411208,4.562241539276241,108.12999999999738,23297.965,-268.0149999999994,2.3057498370737384,0,46.89580728203663,23131.554229828667,23216.415056539572,23277.398279889057,23339.619665461883,23571.29360651573,46.89580728203663,0.20362965304760375,1.982144052376105,0.0,0.0,0,0,0,0,1630,23352.03,23243.9
2025-08-22_1630,1630,BREAKOUT,BUY,2025-08-22 17:05:00,2025-09-02 15:05:00,23494.45,23133.78,23133.78,24215.790000000005,360.6700000000019,-360.6700000000019,-1.0,SL_HIT,244.29999999999927,0.8274569402229107,3.4044023612371443,116.37000000000262,23191.965,302.4850000000006,1.6216549438279844,1,71.7600254252032,23299.289503170847,23242.895593678004,23206.237784170677,23168.6893464157,23429.959352226902,71.7600254252032,0.30543394471972396,3.172585307416235,0.0,1.0,0,0,1,1,1630,23250.15,23133.78
2025-09-02_1630,1630,BREAKOUT,BUY,2025-09-02 16:45:00,2025-09-04 13:10:00,23151.9,23492.9,22981.4,23492.9,170.5,341.0,2.0,TP_HIT,19.25,0.7689075630252101,0.4467932628224406,151.25,23057.025,94.875,3.5105184936048905,0,43.08480364810271,23092.19363147769,23101.634623503516,23152.45078500599,23288.889323980744,23460.34310245734,43.08480364810271,0.18609618928944366,1.674088264435652,0.0,0.0,0,0,0,0,1630,23132.65,22981.4
2025-09-04_1630,1630,BREAKOUT,SELL,2025-09-04 17:00:00,2025-09-04 18:25:00,23389.9,23506.65,23506.65,23156.4,116.75,-116.75,-1.0,SL_HIT,26.37999999999738,0.7982179320586209,0.733348765107549,90.37000000000262,23461.465,-71.56499999999869,2.5122338098096173,0,35.97197030273669,23432.201221731444,23440.300494780633,23448.280940559496,23434.602408386294,23423.491253834727,35.97197030273669,0.15379274944628532,1.8142064002054732,0.0,0.0,0,0,0,0,1630,23506.65,23416.28
2025-09-05_0300,0300,BREAKOUT,BUY,2025-09-05 03:15:00,2025-09-05 08:35:00,23687.28,23730.78,23665.53,23730.78,21.75,43.5,2.0,TP_HIT,0.5,0.3783783783783784,0.05810520689016891,21.25,23676.155,11.125,2.469471292832179,1,8.605080796719395,23678.215492782852,23671.108683692793,23644.082033290848,23542.929792184445,23438.923627408407,8.605080796719395,0.03632785527388284,1.1570804968168904,0.5,1.0,0,1,1,1,0300,23686.78,23665.53
2025-09-05_1000,1000,BREAKOUT,BUY,2025-09-05 11:25:00,2025-09-05 15:30:00,23740.03,23706.78,23706.78,23806.53,33.25,-33.25,-1.0,SL_HIT,1.6299999999973807,0.4270588235291036,0.18384766927725077,31.62000000000262,23722.59,17.43999999999869,3.566419204022388,1,8.866035704479154,23730.328502909066,23727.229701347438,23721.42755554109,23650.043560123748,23460.365411825936,8.866035704479154,0.037346354256836044,1.0080092863218977,0.0,1.0,0,0,1,1,1000,23738.4,23706.78
2025-09-05_1630,1630,BREAKOUT,SELL,2025-09-05 17:05:00,2025-09-05 17:45:00,23759.28,23548.039999999994,23864.9,23548.039999999994,105.62000000000262,211.24000000000524,2.0,TP_HIT,25.87000000000262,0.7934355345912874,0.6548442777384691,79.75,23825.025,-65.74500000000262,2.018702402382591,1,39.5055754161061,23808.401838759473,23806.966215119064,23785.46753083823,23711.161274077884,23476.058048847528,39.5055754161061,0.16627429541680597,1.4291810874678628,0.0,1.0,0,0,1,1,1630,23864.9,23785.15
2025-09-08_0300,0300,BREAKOUT,SELL,2025-09-08 03:55:00,2025-09-08 16:20:00,23730.53,23757.65,23757.65,23676.289999999994,27.12000000000262,-27.12000000000262,-1.0,SL_HIT,1.3700000000026193,0.4,0.15530244492903703,25.75,23744.775,-14.24500000000262,2.919005807967195,1,8.821496664966343,23738.781598423182,23731.93284763737,23702.523560517733,23673.182700149693,23492.71280403899,8.821496664966343,0.03717361839354765,0.774504653532886,0.5,1.0,0,1,1,1,0300,23757.65,23731.9
2025-09-08_1630,1630,BREAKOUT,BUY,2025-09-08 16:45:00,2025-09-08 20:50:00,23815.65,23738.03,23738.03,23970.890000000007,77.62000000000262,-77.62000000000262,-1.0,SL_HIT,3.3700000000026193,0.4931543624161777,0.13427427274014883,74.25,23775.155,40.49500000000262,2.9584168400440065,1,25.09788309577616,23774.624446602233,23756.420996121517,23744.555123143535,23719.980803395058,23521.805601550466,25.09788309577616,0.10538399370068068,2.0382014532243375,0.0,1.0,0,0,1,1,1630,23812.28,23738.03
2025-09-09_0300,0300,BREAKOUT,SELL,2025-09-09 04:20:00,2025-09-09 05:10:00,23763.78,23794.4,23794.4,23702.539999999994,30.62000000000262,-30.62000000000262,-1.0,SL_HIT,7.370000000002619,0.8863636363636364,1.1072387533634327,23.25,23782.775,-18.99500000000262,3.492985212441067,1,6.6561976607257884,23774.4050658017,23777.83843871461,23777.631528911155,23762.70082658627,23548.785982411802,6.6561976607257884,0.028009843807364772,0.9349013623700101,0.0,0.6666666666666666,0,0,1,1,0300,23794.4,23771.15
2025-09-09_1000,1000,BREAKOUT,BUY,2025-09-09 10:25:00,2025-09-09 11:05:00,23834.78,23814.28,23814.28,23875.78,20.5,-20.5,-1.0,SL_HIT,3.5,0.5412844036695673,0.4709769991139879,17.0,23822.78,12.0,2.287602567125084,1,7.431360781066328,23826.08393767449,23818.537241913218,23809.02888535896,23784.369569015067,23563.91074259345,7.431360781066328,0.0311786422239531,0.9355618602258446,0.0,1.0,0,0,1,1,1000,23831.28,23814.28
2025-09-09_1630,1630,BREAKOUT,SELL,2025-09-09 16:50:00,2025-09-09 22:20:00,23774.77,23825.15,23825.15,23674.01,50.38000000000102,-50.38000000000102,-1.0,SL_HIT,11.0099999999984,0.8076781100037247,0.5346970810394154,39.37000000000262,23805.465,-30.69499999999971,1.9119912879678695,0,20.59109800748434,23795.536841175257,23800.11001828879,23805.10406221646,23797.62634876163,23578.04823320953,20.59109800748434,0.086609031370164,1.5463563788840613,0.0,0.3333333333333333,0,0,0,1,1630,23825.15,23785.78
2025-09-10_0300,0300,BREAKOUT,BUY,2025-09-10 03:35:00,2025-09-10 04:00:00,23868.78,23852.15,23852.15,23902.039999999994,16.62999999999738,-16.62999999999738,-1.0,SL_HIT,1.25,0.4292237442918961,0.2106063322274341,15.37999999999738,23859.84,8.93999999999869,2.591300311725908,1,5.9352441437996415,23864.42296563492,23861.67384055769,23851.94739071816,23818.041345836184,23601.02769516845,5.9352441437996415,0.02486613955049082,0.7640366792072973,0.5,1.0,0,1,1,1,0300,23867.53,23852.15
2025-09-10_1000,1000,BREAKOUT,SELL,2025-09-10 11:00:00,2025-09-10 14:40:00,23900.78,23924.53,23924.53,23853.28,23.75,-23.75,-1.0,SL_HIT,7.120000000002619,0.64984472049723,0.8374439552034626,16.62999999999738,23916.215,-15.43500000000131,1.9559962043576216,1,8.502061488129995,23909.567839103383,23908.553488036836,23900.28685083,23861.77261622911,23623.244187861343,8.502061488129995,0.03557231809225471,1.1587911287794663,0.0,1.0,0,0,1,1,1000,23924.53,23907.9
2025-09-10_1630,1630,BREAKOUT,SELL,2025-09-10 16:50:00,2025-09-11 16:30:00,23887.4,23970.9,23970.9,23720.4,83.5,-83.5,-1.0,SL_HIT,2.0,0.5488780487804367,0.06390898949078476,81.5,23930.15,-42.75,2.604291321749479,1,31.29450200880404,23926.583647646596,23935.941673084613,23924.578189375872,23886.707916287847,23637.46343978418,31.29450200880404,0.13100840614216716,1.5522344813998687,0.0,0.6666666666666666,0,0,1,1,1630,23970.9,23889.4
2025-09-11_1630,1630,BREAKOUT,BUY,2025-09-11 17:35:00,2025-09-15 16:30:00,23983.9,24179.140000000007,23886.28,24179.140000000007,97.62000000000262,195.24000000000524,2.0,TP_HIT,12.37000000000262,0.8914392059553526,0.45220028127051437,85.25,23928.905,54.99500000000262,3.116416651439223,1,27.35513557233429,23952.680216345623,23940.57913114122,23926.948546801126,23899.83173634886,23692.118307175137,27.35513557233429,0.11405624428193199,1.0378804084637734,0.0,1.0,0,0,1,1,1630,23971.53,23886.28
2025-09-15_1630,1630,BREAKOUT,BUY,2025-09-15 16:45:00,2025-09-16 05:30:00,24210.9,24322.640000000007,24155.03,24322.640000000007,55.87000000000262,111.74000000000524,2.0,TP_HIT,2.3700000000026193,0.8261494252874599,0.12191696008811656,53.5,24181.78,29.12000000000262,2.752133909159083,1,19.439461074896233,24177.757622996338,24158.653679175364,24136.41926000309,24105.3914610166,23828.031565168676,19.439461074896233,0.08029218688646944,1.5857345624521328,0.0,1.0,0,0,1,1,1630,24208.53,24155.03
2025-09-16_0300,0300,BREAKOUT,BUY,2025-09-16 05:35:00,2025-09-16 11:45:00,24315.73,24383.389999999996,24281.9,24383.389999999996,33.82999999999811,67.65999999999622,2.0,TP_HIT,24.950000000000728,0.8116385911179506,4.006802277395603,8.87999999999738,24286.34,29.389999999999418,1.4260683055415397,1,6.226910706514342,24307.55346623042,24300.293232471813,24290.203654763587,24234.010458863784,23878.802990960827,6.226910706514342,0.025608569870262346,1.2264256127682882,0.0,1.0,0,0,1,1,0300,24290.78,24281.9
2025-09-16_1000,1000,BREAKOUT,BUY,2025-09-16 11:50:00,2025-09-16 16:30:00,24385.78,24324.29,24324.29,24508.759999999995,61.48999999999796,-61.48999999999796,-1.0,SL_HIT,39.75,0.35188216039321285,4.674657170179467,21.739999999997963,24335.16,50.61999999999898,2.556655267413637,1,8.503297365542197,24376.863452428726,24365.613372221036,24349.101198503256,24290.464107188738,23905.69018864513,8.503297365542197,0.03486990108802014,0.9042323591791777,0.0,1.0,0,0,1,1,1000,24346.03,24324.29
2025-09-16_1630,1630,BREAKOUT,SELL,2025-09-16 16:50:00,2025-09-17 18:05:00,24281.58,24158.960000000006,24342.89,24158.960000000006,61.30999999999767,122.61999999999534,2.0,TP_HIT,15.0,0.6580962800874401,0.741423270798385,46.30999999999767,24319.735,-38.154999999998836,2.289020778044766,0,20.23135851110741,24313.359687670105,24327.79654235659,24340.751399733726,24316.915879941957,23926.91688404535,20.23135851110741,0.08331977783615155,1.7758357412626282,0.0,0.3333333333333333,0,0,0,1,1630,24342.89,24296.58
2025-09-17_1630,1630,BREAKOUT,SELL,2025-09-17 18:10:00,2025-09-17 22:25:00,24181.4,24291.28,24291.28,23961.640000000007,109.87999999999738,-109.87999999999738,-1.0,SL_HIT,34.87999999999738,0.6176470588235294,1.7376650047198428,75.0,24253.78,-72.37999999999738,3.7363783071673735,0,20.07291388458442,24180.719241812367,24201.56634061177,24227.40790641544,24260.609809898866,24001.411908730446,20.07291388458442,0.08300972600670109,0.9744920259433761,0.0,0.3333333333333333,0,0,0,1,1630,24291.28,24216.28
2025-09-18_0300,0300,BREAKOUT,SELL,2025-09-18 03:20:00,2025-09-18 04:05:00,24313.63,24333.63,24333.63,24273.63,20.0,-20.0,-1.0,SL_HIT,3.8699999999989814,0.6272340425531048,0.43071894065169225,16.13000000000102,24325.565000000002,-11.93500000000131,1.795218737135417,1,8.984977521869693,24321.619319915415,24313.378354051798,24280.792545476183,24245.66281919,24019.819834713104,8.984977521869693,0.0369544881692684,0.9104550173271518,0.5,1.0,0,1,1,1,0300,24333.63,24317.5
2025-09-18_1000,1000,BREAKOUT,BUY,2025-09-18 10:15:00,2025-09-18 10:25:00,24400.75,24369.63,24369.63,24462.989999999998,31.11999999999898,-31.11999999999898,-1.0,SL_HIT,16.11999999999898,0.8233532934131378,1.368922330065576,15.0,24377.13,23.61999999999898,1.2738111011777256,1,11.7756863526558,24376.372251584704,24370.644409169432,24366.82105831897,24313.3058658182,24044.023148486234,11.7756863526558,0.04825952625495446,1.2229254517043922,0.0,1.0,0,0,1,1,1000,24384.63,24369.63
2025-09-18_1630,1630,BREAKOUT,BUY,2025-09-18 17:00:00,2025-09-22 17:40:00,24472.78,24670.039999999994,24374.15,24670.039999999994,98.62999999999738,197.25999999999476,2.0,TP_HIT,10.62999999999738,0.7518796992481203,0.28671644980062105,88.0,24418.15,54.62999999999738,2.373569857239969,1,37.07495683414518,24434.012683042984,24441.922324465537,24449.96738631281,24392.423940351433,24072.560769476193,37.07495683414518,0.15149466809306172,1.6806363168563474,0.0,0.3333333333333333,0,0,1,1,1630,24462.15,24374.15
2025-09-22_1630,1630,BREAKOUT,BUY,2025-09-22 17:45:00,2025-09-23 20:40:00,24671.15,24565.15,24565.15,24883.15,106.0,-106.0,-1.0,SL_HIT,63.87000000000262,0.23999999999978172,3.799084739723254,42.12999999999738,24586.215,84.93500000000131,2.5059564754113697,1,16.811944027512073,24651.269890829866,24621.837283227032,24587.40690397607,24566.770294318634,24245.29552257374,16.811944027512073,0.06814414418262656,1.0083367441984936,0.0,1.0,0,0,1,1,1630,24607.28,24565.15
2025-09-24_0300,0300,BREAKOUT,BUY,2025-09-24 03:25:00,2025-09-24 11:05:00,24601.28,24663.539999999994,24570.15,24663.539999999994,31.12999999999738,62.25999999999476,2.0,TP_HIT,0.6299999999973807,0.46875,0.07129648027886047,30.5,24585.4,15.87999999999738,3.451654997641723,0,8.836340833843051,24594.919462197424,24598.459343804472,24602.671108064136,24656.83373189251,24371.277684497913,8.836340833843051,0.03591821577512654,1.4298903834445054,0.0,0.3333333333333333,0,0,0,1,0300,24600.65,24570.15
2025-09-24_1000,1000,BREAKOUT,BUY,2025-09-24 11:10:00,2025-09-24 16:30:00,24658.28,24605.65,24605.65,24763.539999999994,52.62999999999738,-52.62999999999738,-1.0,SL_HIT,10.0,0.19059720457426949,0.9558981103832837,42.62999999999738,24626.965,31.31499999999869,4.074993644563688,1,10.461366008967556,24646.38406871224,24635.594843084567,24623.470983821313,24629.365291786078,24390.383122021445,10.461366008967556,0.0424253679046858,1.1035751323239666,0.0,1.0,0,0,1,1,1000,24648.28,24605.65
2025-09-24_1630,1630,BREAKOUT,SELL,2025-09-24 16:45:00,2025-09-25 14:40:00,24563.9,24376.9,24657.4,24376.9,93.5,187.0,2.0,TP_HIT,18.87999999999738,0.914362176628082,0.8909383182639186,74.62000000000262,24620.09,-56.18999999999869,3.5212826964441293,0,21.191141533554116,24606.71201559082,24623.793548609876,24636.041439639313,24637.12232950414,24402.492272436226,21.191141533554116,0.0862694504274733,2.031754838343532,0.0,0.3333333333333333,0,0,0,1,1630,24657.4,24582.78
2025-09-25_1630,1630,BREAKOUT,BUY,2025-09-25 17:15:00,2025-09-29 17:05:00,24370.31,24738.830000000005,24186.05,24738.830000000005,184.26000000000204,368.5200000000041,2.0,TP_HIT,29.63000000000102,0.851959361393369,0.6646974583732553,154.63000000000102,24263.364999999998,106.94500000000335,3.4688548089184477,0,44.57667112571166,24304.868964450197,24311.02192092748,24356.50294502673,24457.69279490361,24417.15977678784,44.57667112571166,0.18291384527202018,1.4681345516139848,0.0,0.0,0,0,0,0,1630,24340.68,24186.05
2025-09-29_1630,1630,BREAKOUT,BUY,2025-09-29 17:10:00,2025-09-29 18:35:00,24731.9,24624.65,24624.65,24946.4,107.25,-107.25,-1.0,SL_HIT,41.25,0.5247524752475248,1.4122327299746273,66.0,24657.65,74.25,2.2595723679594037,1,29.20906669592703,24709.402614874223,24688.844144871888,24670.789058366005,24608.259098810846,24448.232076939763,29.20906669592703,0.11810280122403467,1.7513155251604375,0.0,1.0,0,0,1,1,1630,24690.65,24624.65
2025-09-30_0300,0300,BREAKOUT,BUY,2025-09-30 03:35:00,2025-09-30 10:00:00,24606.53,24583.65,24583.65,24652.289999999994,22.87999999999738,-22.87999999999738,-1.0,SL_HIT,1.0,0.34375,0.10917254569184369,21.87999999999738,24594.59,11.93999999999869,2.388695299737254,0,9.159812054054816,24601.474120667306,24602.344892982128,24604.568484207768,24611.522430163226,24462.238123278734,9.159812054054816,0.037225127045767185,1.3276233538407054,0.5,0.3333333333333333,0,1,0,1,0300,24605.53,24583.65
2025-09-30_1000,1000,BREAKOUT,SELL,2025-09-30 10:30:00,2025-09-30 12:30:00,24559.28,24595.78,24595.78,24486.28,36.5,-36.5,-1.0,SL_HIT,9.5,0.72,0.6618725377444051,27.0,24582.28,-23.0,1.8811114230630461,0,14.353216757376039,24580.953258073358,24594.039923116597,24603.33949062488,24609.4111133972,24471.692953308673,14.353216757376039,0.058443149625624365,1.5119761644116154,0.0,0.3333333333333333,0,0,0,1,1000,24595.78,24568.78
2025-09-30_1630,1630,BREAKOUT,SELL,2025-09-30 16:50:00,2025-09-30 17:45:00,24510.9,24606.9,24606.9,24318.9,96.0,-96.0,-1.0,SL_HIT,7.5,0.9008136381247122,0.24664703748161942,88.5,24562.65,-51.75,2.910435042283109,0,30.40782519254428,24559.99537282404,24575.33057883385,24580.561554403394,24592.5832217437,24478.070489295147,30.40782519254428,0.12405837889487648,2.1158931989681684,0.0,0.3333333333333333,0,0,0,1,1630,24606.9,24518.4
2025-10-01_0300,0300,BREAKOUT,SELL,2025-10-01 03:15:00,2025-10-01 09:45:00,24578.15,24503.390000000007,24615.53,24503.390000000007,37.37999999999738,74.75999999999476,2.0,TP_HIT,18.25,0.921197793538211,1.5302595076135908,19.12999999999738,24605.965,-27.81499999999869,1.6040473633229582,0,11.926081758812602,24604.5620319569,24613.76124255457,24615.435599966062,24600.24201117842,24489.69857676087,11.926081758812602,0.04852310592462249,1.056191932738518,0.0,0.3333333333333333,0,0,0,1,0300,24615.53,24596.4
2025-10-01_1000,1000,BREAKOUT,BUY,2025-10-01 11:30:00,2025-10-01 17:15:00,24489.28,24636.28,24415.78,24636.28,73.5,147.0,2.0,TP_HIT,21.75,0.8543046357615894,1.2522215923911522,51.75,24441.655,47.625,2.9794237887927415,0,17.369130297831525,24457.242040556204,24461.98258787748,24490.793735252504,24550.710167646674,24492.067162503765,17.369130297831525,0.07092544287880871,0.9385601776353076,0.0,0.0,0,0,0,0,1000,24467.53,24415.78
2025-10-01_1630,1630,BREAKOUT,BUY,2025-10-01 17:20:00,2025-10-02 14:10:00,24652.03,24911.789999999994,24522.15,24911.789999999994,129.87999999999738,259.75999999999476,2.0,TP_HIT,32.25,0.5898113207546182,0.8597075001358384,97.62999999999738,24570.965,81.06499999999869,2.60258118568247,1,37.512758693979436,24604.662850793204,24584.585920286176,24562.639492257662,24551.533097468433,24496.45832862148,37.512758693979436,0.15216904528340844,1.3675676369808214,0.0,1.0,0,0,1,1,1630,24619.78,24522.15
2025-10-02_1630,1630,BREAKOUT,SELL,2025-10-02 16:45:00,2025-10-03 04:50:00,24815.15,24953.28,24953.28,24538.890000000007,138.12999999999738,-138.12999999999738,-1.0,SL_HIT,7.25,0.39444444444444443,0.2814756559009623,130.87999999999738,24887.84,-72.68999999999869,5.08131501300927,0,25.75711202019874,24889.754875294224,24913.938930867902,24912.696632433785,24850.80719926322,24564.54554928333,25.75711202019874,0.10379591507687336,2.412382731823392,0.0,0.6666666666666666,0,0,0,1,1630,24953.28,24822.4
2025-10-03_0300,0300,BREAKOUT,BUY,2025-10-03 04:55:00,2025-10-03 15:40:00,24952.65,24907.15,24907.15,25043.65,45.5,-45.5,-1.0,SL_HIT,26.25,0.18315789473739355,4.152406065648038,19.25,24916.775,35.875,3.0450977814752282,1,6.321636079178431,24945.248894247125,24936.818034997443,24921.717392536382,24885.30929826109,24598.69398428278,6.321636079178431,0.02533452791258015,0.8682113521398481,0.5,1.0,0,1,1,1,0300,24926.4,24907.15
2025-10-03_1630,1630,BREAKOUT,SELL,2025-10-03 16:55:00,2025-10-03 20:45:00,24897.65,24779.890000000007,24956.53,24779.890000000007,58.87999999999738,117.75999999999476,2.0,TP_HIT,8.87999999999738,0.8095238095238095,0.3507092124670119,50.0,24931.53,-33.87999999999738,1.9747140341616856,0,25.320121868291793,24923.630342087607,24925.835577953578,24936.48360261136,24936.326546105494,24638.733219874564,25.320121868291793,0.10169683431284396,1.7721652919343087,0.0,0.3333333333333333,0,0,0,1,1630,24956.53,24906.53
2025-10-06_0300,0300,BREAKOUT,SELL,2025-10-06 03:20:00,2025-10-06 04:35:00,24853.85,24869.35,24869.35,24822.85,15.5,-15.5,-1.0,SL_HIT,0.8800000000010186,0.9446522064324593,0.08480606146746038,14.619999999998981,24862.04,-8.190000000002328,1.4089370666508514,0,10.376616774482208,24862.43549776682,24855.081305021897,24840.461125761456,24870.431035403428,24659.504214679324,10.376616774482208,0.041750540759207165,1.0896152511787482,0.5,1.0,0,1,0,1,0300,24869.35,24854.73
2025-10-06_1000,1000,BREAKOUT,SELL,2025-10-06 10:20:00,2025-10-06 10:40:00,24883.48,24849.74,24900.35,24849.74,16.86999999999898,33.73999999999796,2.0,TP_HIT,3.8699999999989814,0.7565568258238582,0.453327986741718,13.0,24893.85,-10.369999999998981,1.522807190605655,1,8.536865389261528,24892.028211113393,24890.84124526739,24886.248692530808,24877.50801409964,24674.67809001397,8.536865389261528,0.034307361306624026,1.2302314438426352,0.0,1.0,0,0,1,1,1000,24900.35,24887.35
2025-10-07_0300,0300,BREAKOUT,BUY,2025-10-07 05:05:00,2025-10-07 11:30:00,24943.28,24922.78,24922.78,24984.28,20.5,-20.5,-1.0,SL_HIT,1.1299999999973807,0.29052631578892224,0.1802237904059727,19.37000000000262,24932.465,10.81499999999869,3.0893228497099607,0,6.269982433794889,24937.963692686622,24935.96979645458,24944.83327775512,24951.84543506014,24722.22871343012,6.269982433794889,0.02513696047109638,0.784654277652599,0.5,0.6666666666666666,0,1,0,1,0300,24942.15,24922.78
2025-10-07_1000,1000,BREAKOUT,BUY,2025-10-07 11:50:00,2025-10-07 15:40:00,24962.1,25017.999999999993,24934.15,25017.999999999993,27.94999999999709,55.89999999999418,2.0,TP_HIT,2.319999999999709,0.8130142109199558,0.2149250321131579,25.62999999999738,24946.965,15.1349999999984,2.374365764250157,1,10.794461571969107,24945.958658202377,24945.704330695065,24949.77635866006,24952.755246760025,24736.16592570209,10.794461571969107,0.04324340328725992,1.0751239521404574,0.0,0.6666666666666666,0,0,1,1,1000,24959.78,24934.15
2025-10-07_1630,1630,BREAKOUT,SELL,2025-10-07 17:25:00,2025-10-07 18:05:00,25006.1,24908.339999999997,25054.98,24908.339999999997,48.88000000000102,97.76000000000204,2.0,TP_HIT,3.75,0.7169466764061464,0.17768706307597204,45.13000000000102,25032.415,-26.31500000000233,2.1384045750983462,1,21.10451900708521,25026.22232914623,25025.894671120608,25010.786787293375,24977.299150319213,24751.662717292453,21.10451900708521,0.08439748304247847,1.2834166315336386,0.0,1.0,0,0,1,1,1630,25054.98,25009.85
2025-10-08_0300,0300,BREAKOUT,BUY,2025-10-08 03:35:00,2025-10-08 05:20:00,24847.48,24885.98,24828.23,24885.98,19.25,38.5,2.0,TP_HIT,1.6300000000010186,0.6663376110562015,0.19238104364728512,17.61999999999898,24837.04,10.43999999999869,2.079603674271687,0,8.47276825771613,24842.235624831617,24846.291600894692,24852.141410435248,24894.10201263617,24759.53892526268,8.47276825771613,0.03409910484973176,0.9848405759547927,0.0,0.3333333333333333,0,0,0,1,0300,24845.85,24828.23
2025-10-08_1000,1000,BREAKOUT,BUY,2025-10-08 10:20:00,2025-10-08 16:30:00,24865.35,24914.35,24840.85,24914.35,24.5,49.0,2.0,TP_HIT,3.25,0.4915254237288136,0.27915406547239896,21.25,24851.475,13.875,1.8252381203964547,0,11.642316562720238,24854.095763883193,24855.274086793084,24863.166266498523,24881.252670556078,24767.422388691695,11.642316562720238,0.04682144656206423,1.3098723223780069,0.0,0.3333333333333333,0,0,0,1,1000,24862.1,24840.85
2025-10-08_1630,1630,BREAKOUT,BUY,2025-10-08 16:45:00,2025-10-08 22:55:00,24961.98,25136.24,24874.85,25136.24,87.13000000000102,174.26000000000204,2.0,TP_HIT,10.0,0.81942215088283,0.39557151994767964,77.13000000000102,24913.415,48.56499999999869,3.0510431333564934,1,25.27987859520992,24916.55268800291,24895.9214666828,24886.36240706993,24883.715206875455,24775.1514990569,25.27987859520992,0.10127353116703851,1.747867699491283,0.0,1.0,0,0,1,1,1630,24951.98,24874.85
2025-10-09_0300,0300,BREAKOUT,SELL,2025-10-09 03:15:00,2025-10-09 04:15:00,25163.73,25130.73,25180.23,25130.73,16.5,33.0,2.0,TP_HIT,2.75,0.40165441176457467,0.36220151437362413,13.75,25173.355,-9.625,1.8110075718681207,1,7.592458592437784,25174.700860836736,25173.29743306408,25150.25718590847,25038.42830945634,24806.45489683741,7.592458592437784,0.030172230398425766,1.066104054501141,0.5,1.0,0,1,1,1,0300,25180.23,25166.48
2025-10-09_1000,1000,BREAKOUT,SELL,2025-10-09 10:30:00,2025-10-09 16:35:00,25130.73,25091.73,25150.23,25091.73,19.5,39.0,2.0,TP_HIT,3.6199999999989814,0.39369442198863236,0.34085628814602725,15.880000000001019,25142.29,-11.56000000000131,1.495248026453255,1,10.620311626605892,25141.432512195694,25145.25178446436,25144.56180961649,25098.501084476382,24828.70687053116,10.620311626605892,0.04226025915922813,1.1385232450325902,0.0,0.6666666666666666,0,0,1,1,1000,25150.23,25134.35
2025-10-09_1630,1630,BREAKOUT,SELL,2025-10-09 17:25:00,2025-10-10 01:40:00,25051.6,25133.48,25133.48,24887.839999999997,81.88000000000102,-81.88000000000102,-1.0,SL_HIT,7.0,0.7584376185059072,0.26964231201241506,74.88000000000102,25096.04,-44.44000000000233,2.8844023319271304,0,25.960317384007972,25073.2966059394,25090.01062083808,25105.945149548214,25106.900512632903,24847.14321924321,25.960317384007972,0.10362738261830771,1.382500247853539,0.0,0.3333333333333333,0,0,0,1,1630,25133.48,25058.6
2025-10-10_0300,0300,BREAKOUT,BUY,2025-10-10 04:20:00,2025-10-10 06:05:00,25160.6,25136.98,25136.98,25207.839999999997,23.61999999999898,-23.61999999999898,-1.0,SL_HIT,0.25,0.6814310051108508,0.04142347308380134,23.36999999999898,25148.665,11.934999999997672,3.872266263873581,1,6.035225474557384,25151.449076169727,25144.57975776594,25125.62482155848,25096.079226192913,24870.57336453006,6.035225474557384,0.02398681062676321,0.8817573896804316,0.5,1.0,0,1,1,1,0300,25160.35,25136.98
2025-10-10_1000,1000,BREAKOUT,BUY,2025-10-10 11:05:00,2025-10-10 12:00:00,25141.6,25114.1,25114.1,25196.6,27.5,-27.5,-1.0,SL_HIT,7.5,0.7623705408515088,0.5405855080548272,20.0,25124.1,17.5,1.4415613548128725,1,13.873845836132432,25130.85207705207,25130.95066135526,25133.42461420015,25119.20836689266,24888.355676188996,13.873845836132432,0.0551828278078262,1.0338821222037464,0.0,0.3333333333333333,0,0,1,1,1000,25134.1,25114.1
2025-10-10_1630,1630,BREAKOUT,SELL,2025-10-10 17:55:00,2025-10-10 18:20:00,25005.9,24641.240000000005,25188.23,24641.240000000005,182.3299999999981,364.6599999999962,2.0,TP_HIT,99.94999999999709,0.6746654360867516,1.9646527759317736,82.38000000000102,25147.04,-141.13999999999942,1.6192906021137192,0,50.87412962964609,25122.390024165063,25133.771402732975,25132.068178703572,25123.573267211003,24900.644187114256,50.87412962964609,0.2034485046714819,1.9446171069366027,0.0,0.6666666666666666,0,0,0,1,1630,25188.23,25105.85
2025-10-13_0300,0300,BREAKOUT,BUY,2025-10-13 03:15:00,2025-10-13 10:10:00,24625.23,24710.99,24582.35,24710.99,42.88000000000102,85.76000000000204,2.0,TP_HIT,5.630000000001019,0.7432998324957807,0.19985114055325182,37.25,24600.975,24.25500000000102,1.322283301173585,0,28.17096757324166,24594.037065704862,24550.195234950326,24503.054537986874,24715.580985410492,24859.873753129377,28.17096757324166,0.11439879982132822,0.656292347793861,1.0,0.6666666666666666,1,1,0,0,0300,24619.6,24582.35
2025-10-13_1000,1000,BREAKOUT,BUY,2025-10-13 10:15:00,2025-10-13 13:15:00,24729.73,24659.23,24659.23,24870.73,70.5,-70.5,-1.0,SL_HIT,8.0,0.6666666666666666,0.37687849205749724,62.5,24690.48,39.25,2.944363219199197,1,21.22700066094381,24687.620260070267,24668.046739250065,24650.021607804436,24678.241869749665,24846.451857065374,21.22700066094381,0.08583595801872405,1.3260720664727437,0.0,0.6666666666666666,0,0,1,0,1000,24721.73,24659.23
2025-10-13_1630,1630,BREAKOUT,BUY,2025-10-13 16:55:00,2025-10-14 08:35:00,24711.6,24551.48,24551.48,25031.839999999997,160.11999999999898,-160.11999999999898,-1.0,SL_HIT,44.61999999999898,0.8467594287806822,0.9160409818468243,115.5,24609.23,102.36999999999898,2.3711952802176293,1,48.70961112464738,24656.400047925603,24649.700233390337,24651.233569345663,24669.536155319212,24835.893647856366,48.70961112464738,0.1971123323647493,1.5067613656614378,0.0,0.3333333333333333,0,0,1,0,1630,24666.98,24551.48
2025-10-14_1000,1000,BREAKOUT,BUY,2025-10-14 10:15:00,2025-10-14 10:35:00,24532.48,24452.6,24452.6,24692.24,79.88000000000102,-79.88000000000102,-1.0,SL_HIT,9.130000000001019,0.6607253886010573,0.25872265296634706,70.75,24487.975,44.50500000000102,2.004888028189158,0,35.28875378836112,24511.667392165833,24533.625054625474,24595.320491084225,24683.04227862399,24813.243715740115,35.28875378836112,0.14384503233411836,1.1105258432893497,0.5,0.0,0,1,0,0,1000,24523.35,24452.6
2025-10-14_1630,1630,BREAKOUT,BUY,2025-10-14 17:20:00,2025-10-17 11:05:00,24516.23,24254.23,24254.23,25040.23,262.0,-262.0,-1.0,SL_HIT,52.88000000000102,0.846713246827323,0.9860947966457537,209.11999999999898,24358.79,157.4399999999987,3.8996245059484687,0,53.62567592879989,24434.635545885503,24424.62706707734,24436.59278237422,24545.542219660183,24789.115010437898,53.62567592879989,0.2187354088650657,1.335212848715221,0.0,0.3333333333333333,0,0,0,0,1630,24463.35,24254.23
2025-10-17_1000,1000,BREAKOUT,SELL,2025-10-17 11:10:00,2025-10-17 14:00:00,24272.73,24422.85,24422.85,23972.49,150.11999999999898,-150.11999999999898,-1.0,SL_HIT,56.5,0.3397571277718753,1.3253191332218608,93.61999999999898,24376.04,-103.31000000000131,2.196042075260695,0,42.63124147513669,24304.332406341586,24348.30617386519,24424.022412084953,24579.121763644423,24747.89184455191,42.63124147513669,0.1756343084405285,1.1902556148008112,0.0,0.0,0,0,0,0,1000,24422.85,24329.23
2025-10-17_1630,1630,BREAKOUT,BUY,2025-10-17 16:50:00,2025-10-20 16:30:00,24682.73,25032.73,24507.73,25032.73,175.0,350.0,2.0,TP_HIT,30.63000000000102,0.830379746835443,0.4831723317087599,144.36999999999898,24579.915,102.81499999999869,2.277361721475379,1,63.39353060982754,24600.431001025732,24581.792628306488,24529.49013852675,24531.97497353318,24736.193847298942,63.39353060982754,0.25683354559980826,1.5530300620612723,0.0,0.6666666666666666,0,0,1,0,1630,24652.1,24507.73
2025-10-20_1630,1630,BREAKOUT,BUY,2025-10-20 16:50:00,2025-10-22 17:30:00,25065.35,24951.35,24951.35,25293.35,114.0,-114.0,-1.0,SL_HIT,5.25,0.4634146341463415,0.1821835952781263,108.75,25005.725,59.625,3.773803045046902,1,28.817084172618348,25018.730517152635,24983.612640974698,24953.28373676068,24890.385851053208,24766.037788660786,28.817084172618348,0.11496781083295605,1.761223109226037,0.0,1.0,0,0,1,1,1630,25060.1,24951.35
2025-10-22_1630,1630,BREAKOUT,SELL,2025-10-22 17:35:00,2025-10-23 20:35:00,24930.83,25109.73,25109.73,24573.030000000006,178.89999999999782,-178.89999999999782,-1.0,SL_HIT,81.89999999999782,0.5766287966612195,1.8243237363773588,97.0,25061.23,-130.39999999999782,2.1606764643297742,0,44.89334780165186,25012.168517656773,25050.17046656496,25076.21132644406,25104.094109782432,24900.960567965147,44.89334780165186,0.18007161334641428,1.661070474173999,0.0,0.3333333333333333,0,0,0,1,1630,25109.73,25012.73
2025-10-24_0300,0300,BREAKOUT,BUY,2025-10-24 04:00:00,2025-10-24 09:00:00,25156.35,25198.589999999997,25135.23,25198.589999999997,21.11999999999898,42.23999999999796,2.0,TP_HIT,1.5,0.8895348837206505,0.2155864015276511,19.61999999999898,25145.04,11.309999999997672,2.81987013198153,1,6.95776723100789,25149.116559652863,25146.585991498945,25134.79749643006,25049.26035126265,24921.908414156347,6.95776723100789,0.027658095196671575,1.0669920918810967,0.5,1.0,0,1,1,1,0300,25154.85,25135.23
2025-10-24_1000,1000,BREAKOUT,SELL,2025-10-24 10:20:00,2025-10-24 10:35:00,25195.98,25216.35,25216.35,25155.24,20.36999999999898,-20.36999999999898,-1.0,SL_HIT,4.5,0.5588993981082916,0.5154851340758949,15.869999999998981,25208.415,-12.43500000000131,1.8179442395075394,1,8.729640687053188,25205.79938022864,25204.870600129838,25193.255660460516,25122.069480173184,24937.304691265308,8.729640687053188,0.034646958312608556,1.143328985609502,0.0,1.0,0,0,1,1,1000,25216.35,25200.48
2025-10-24_1630,1630,BREAKOUT,BUY,2025-10-24 17:05:00,2025-10-27 01:00:00,25383.98,25588.74,25281.6,25588.74,102.38000000000102,204.76000000000204,2.0,TP_HIT,2.1300000000010186,0.6476391825229161,0.06959081048415788,100.25,25331.725,52.25500000000102,3.2753421366354423,1,30.607489482909614,25352.909723409168,25326.4314123817,25285.14279083689,25196.587342722865,24959.559803455588,30.607489482909614,0.12057797667233275,1.100808070218195,0.0,1.0,0,0,1,1,1630,25381.85,25281.6
2025-10-27_0300,0300,BREAKOUT,BUY,2025-10-27 05:45:00,2025-10-27 12:45:00,25602.38,25683.38,25561.88,25683.38,40.5,81.0,2.0,TP_HIT,5.25,0.9718468468468501,0.6996668344347657,35.25,25579.505,22.875,4.697763031204856,1,7.503571330833876,25587.92450116783,25582.13048236135,25561.417321548437,25424.577537221627,25016.752776682955,7.503571330833876,0.029308100773576033,0.9379030283658372,0.5,1.0,0,1,1,1,0300,25597.13,25561.88
2025-10-27_1000,1000,BREAKOUT,BUY,2025-10-27 12:50:00,2025-10-27 21:45:00,25686.63,25792.890000000003,25633.5,25792.890000000003,53.13000000000102,106.26000000000204,2.0,TP_HIT,31.25,0.2386634844868445,2.911134296027391,21.88000000000102,25644.440000000002,42.18999999999869,2.038259788706633,1,10.734647330645156,25671.19092385169,25660.84499905704,25648.50056078266,25548.798497937507,25059.131337059,10.734647330645156,0.04179079673217217,1.0792566996659223,0.0,1.0,0,0,1,1,1000,25655.38,25633.5
2025-10-28_0300,0300,BREAKOUT,SELL,2025-10-28 03:50:00,2025-10-28 14:20:00,25832.48,25852.98,25852.98,25791.48,20.5,-20.5,-1.0,SL_HIT,1.8699999999989814,0.37313432835826055,0.2509286032461811,18.63000000000102,25843.665,-11.18500000000131,2.499892983143934,1,7.452319009500727,25839.9657687524,25845.453681200957,25838.083650553035,25748.495544028832,25152.289176208393,7.452319009500727,0.028848639424092177,0.9625819823314202,0.0,0.6666666666666666,0,0,1,1,0300,25852.98,25834.35
2025-10-28_1630,1630,BREAKOUT,SELL,2025-10-28 16:50:00,2025-10-28 19:30:00,25889.98,25950.73,25950.73,25768.48,60.75,-60.75,-1.0,SL_HIT,9.5,0.822264389626845,0.3784130070087565,51.25,25925.105,-35.125,2.041438590441976,1,25.1048452987774,25907.226959189484,25893.30723782722,25870.554487763053,25824.60988212975,25235.986683455885,25.1048452987774,0.09696741866458529,1.8050233753377676,0.0,1.0,0,0,1,1,1630,25950.73,25899.48
2025-10-29_0300,0300,BREAKOUT,BUY,2025-10-29 03:25:00,2025-10-29 05:00:00,26042.23,26081.49,26022.6,26081.49,19.63000000000102,39.26000000000204,2.0,TP_HIT,0.38000000000101863,0.5535055350552812,0.04569592701576624,19.25,26032.225,10.005000000001019,2.3148594606609003,1,8.315839612355585,26035.204104199223,26034.548357027223,26028.19927203271,25949.756649457988,25308.595456554045,8.315839612355585,0.0319321333555367,1.1037691898639146,0.5,1.0,0,1,1,1,0300,26041.85,26022.6
2025-10-29_1000,1000,BREAKOUT,BUY,2025-10-29 10:35:00,2025-10-29 11:40:00,26150.1,26124.1,26124.1,26202.1,26.0,-26.0,-1.0,SL_HIT,9.5,0.7731249999999363,0.8854013676560434,16.5,26132.35,17.75,1.5378023754026018,1,10.72959716015541,26136.467471653294,26131.006203970086,26116.353862783984,26038.503934340097,25362.868948284347,10.72959716015541,0.04103080737800395,1.219092404482352,0.0,1.0,0,0,1,1,1000,26140.6,26124.1
2025-10-29_1630,1630,BREAKOUT,BUY,2025-10-29 16:50:00,2025-10-29 17:50:00,26148.6,26112.6,26112.6,26220.6,36.0,-36.0,-1.0,SL_HIT,0.5,0.3101534443356084,0.027488182278325106,35.5,26130.35,18.25,1.9516609417610826,1,18.18963491064516,26133.669286097902,26129.171779294393,26125.78997107094,26084.06108644452,25407.2789059895,18.18963491064516,0.06956255750076548,1.54085158332206,0.0,1.0,0,0,1,1,1630,26148.1,26112.6
2025-10-30_0300,0300,BREAKOUT,BUY,2025-10-30 03:15:00,2025-10-30 06:15:00,26143.35,26241.589999999997,26094.23,26241.589999999997,49.11999999999898,98.23999999999796,2.0,TP_HIT,5.119999999998981,0.5072727272726656,0.22983439784571416,44.0,26116.23,27.11999999999898,1.975139356486999,1,22.276909148455633,26107.135479113007,26088.06058951059,26080.62782549886,26084.57145376312,25473.188036480806,22.276909148455633,0.08521061435682739,0.9538063881381021,0.5,1.0,0,1,1,1,0300,26138.23,26094.23
2025-10-30_1000,1000,BREAKOUT,BUY,2025-10-30 10:15:00,2025-10-30 15:15:00,26135.23,26047.9,26047.9,26309.889999999996,87.32999999999811,-87.32999999999811,-1.0,SL_HIT,8.0,0.47810770005035164,0.26575981635462903,79.32999999999811,26087.565000000002,47.664999999997235,2.635340778926527,1,30.102368784469757,26102.92021763199,26105.32656808114,26120.038467669805,26116.855723466957,25518.64060340262,30.102368784469757,0.11517927634258339,1.006045575310296,0.5,0.3333333333333333,0,1,1,1,1000,26127.23,26047.9
2025-10-30_1630,1630,BREAKOUT,BUY,2025-10-30 16:50:00,2025-10-30 22:15:00,25989.85,25802.23,25802.23,26365.089999999997,187.61999999999898,-187.61999999999898,-1.0,SL_HIT,5.75,0.8306133333333224,0.09863168677500145,181.86999999999898,25893.165,96.68499999999767,3.119677369351202,0,58.29769507153312,25930.067665740804,25968.38005549994,26023.68008086192,26084.771364939425,25549.84892928274,58.29769507153312,0.224309471087879,1.7710928608162422,0.0,0.3333333333333333,0,0,0,1,1630,25984.1,25802.23
2025-10-31_0300,0300,BREAKOUT,BUY,2025-10-31 03:20:00,2025-10-31 15:20:00,26043.73,26128.99,26001.1,26128.99,42.63000000000102,85.26000000000204,2.0,TP_HIT,7.380000000001019,0.8133333333333334,0.4606681805830973,35.25,26018.725,25.00500000000102,2.2003459844921327,1,16.020207843875127,26023.20952260669,26010.863971217215,25975.077267158467,25981.159274369504,25585.977919434983,16.020207843875127,0.06151272434430524,0.9783626962797282,0.5,1.0,0,1,1,1,0300,26036.35,26001.1
2025-10-31_1630,1630,BREAKOUT,SELL,2025-10-31 16:55:00,2025-10-31 20:05:00,25966.6,25774.1,26062.85,25774.1,96.25,192.5,2.0,TP_HIT,1.8800000000010186,0.2222222222222222,0.06037504878757195,94.36999999999898,26015.665,-49.06500000000233,3.0306347628085195,0,31.13869119370404,26005.279058847053,26037.688067127383,26053.278014704054,26039.705450980644,25642.496025982226,31.13869119370404,0.11991824572221255,1.5877146452153517,0.0,0.3333333333333333,0,0,0,1,1630,26062.85,25968.48
2025-11-03_0300,0300,BREAKOUT,SELL,2025-11-03 03:35:00,2025-11-03 08:20:00,25962.98,25916.48,25986.23,25916.48,23.25,46.5,2.0,TP_HIT,4.25,0.8024242424241189,0.43757545408176846,19.0,25976.73,-13.75,1.9562196770714355,1,9.712610614593146,25971.237390068614,25964.13435842576,25940.010822824963,25954.154161208877,25669.16854204449,9.712610614593146,0.037409459987232385,0.8495096124244582,0.5,1.0,0,1,1,1,0300,25986.23,25967.23
2025-11-03_1000,1000,BREAKOUT,BUY,2025-11-03 10:20:00,2025-11-03 11:15:00,25920.35,25990.35,25885.35,25990.35,35.0,70.0,2.0,TP_HIT,1.0,0.2324860508369351,0.06053075392990166,34.0,25902.35,18.0,2.0580456336166564,0,16.520527749547966,25908.126252276652,25908.237757457002,25918.224686479094,25939.83092532355,25687.038378970345,16.520527749547966,0.06373574334277109,1.1949828643216585,0.0,0.3333333333333333,0,0,0,1,1000,25919.35,25885.35
2025-11-03_1630,1630,BREAKOUT,SELL,2025-11-03 16:45:00,2025-11-04 05:40:00,26019.73,25796.73,26131.23,25796.73,111.5,223.0,2.0,TP_HIT,1.1199999999989814,0.4774774774774775,0.03954285689848147,110.38000000000102,26076.04,-56.31000000000131,3.8970897718378525,1,28.323699596980603,26056.068721570453,26052.140416005685,26033.225432584404,25984.924973225243,25706.149902271074,28.323699596980603,0.10885470217016319,1.486619746365442,0.0,1.0,0,0,1,1,1630,26131.23,26020.85
2025-11-04_0300,0300,BREAKOUT,SELL,2025-11-04 05:45:00,2025-11-04 08:05:00,25803.73,25637.73,25886.73,25637.73,83.0,166.0,2.0,TP_HIT,59.5,0.41536863966766113,3.7177572184336376,23.5,25874.98,-71.25,1.468357892994798,0,16.004272604188095,25820.97163119466,25835.47443941355,25866.846540006303,25933.30852556472,25731.72674972004,16.004272604188095,0.06202309745214392,1.0626945403966814,0.0,0.3333333333333333,0,0,0,1,0300,25886.73,25863.23
2025-11-04_1000,1000,BREAKOUT,SELL,2025-11-04 11:20:00,2025-11-04 16:50:00,25598.48,25662.98,25662.98,25469.48,64.5,-64.5,-1.0,SL_HIT,7.25,0.8604081632652784,0.2699793645861743,57.25,25634.355,-35.875,2.1319060169046176,0,26.85390422750582,25624.821327251895,25634.217779931627,25667.322186909463,25808.937037370004,25727.654028410914,26.85390422750582,0.10490429208103692,1.1570539757264076,0.5,0.0,0,1,0,0,1000,25662.98,25605.73
2025-11-04_1630,1630,BREAKOUT,BUY,2025-11-04 16:55:00,2025-11-04 19:15:00,25746.1,25534.1,25534.1,26170.1,212.0,-212.0,-1.0,SL_HIT,92.86999999999898,0.7188303341902221,1.8911652429052466,119.13000000000102,25593.665,152.43499999999767,2.425912731638919,1,49.10728998875328,25652.66013978026,25625.17052622939,25620.32781379993,25713.507855533742,25723.64115057552,49.10728998875328,0.19073681058006176,1.694272910818687,0.0,1.0,0,0,1,1,1630,25653.23,25534.1
2025-11-05_0300,0300,BREAKOUT,SELL,2025-11-05 03:15:00,2025-11-05 04:45:00,25225.08,25287.08,25287.08,25101.08,62.0,-62.0,-1.0,SL_HIT,4.869999999998981,0.8421428571428329,0.19056929953217294,57.13000000000102,25258.515,-33.43499999999767,2.2355696267506184,0,25.555008135908068,25271.627128342174,25314.14585607767,25378.90893266211,25543.47831082991,25698.550933699957,25.555008135908068,0.101307936925901,1.2410763391515711,0.0,0.0,0,0,0,0,0300,25287.08,25229.95
2025-11-05_1000,1000,BREAKOUT,BUY,2025-11-05 11:05:00,2025-11-05 12:50:00,25420.95,25330.7,25330.7,25601.45,90.25,-90.25,-1.0,SL_HIT,14.0,0.6853173113030154,0.6077703145245258,76.25,25368.825,52.125,3.3101776058925063,0,23.035017777978442,25401.830709150432,25393.127066882225,25380.935673574917,25428.79125204141,25672.99206119365,23.035017777978442,0.09061430740384778,1.0445674941646974,0.0,0.6666666666666666,0,0,0,0,1000,25406.95,25330.7
2025-11-05_1630,1630,BREAKOUT,BUY,2025-11-05 16:45:00,2025-11-05 20:35:00,25485.95,25727.45,25365.2,25727.45,120.75,241.5,2.0,TP_HIT,34.0,0.8439845810509156,0.7450855874650286,86.75,25408.575,77.375,1.9010639621350363,1,45.632341534986175,25434.356087016728,25426.69857662054,25406.055356843513,25410.26280817977,25660.476564469012,45.632341534986175,0.17904901145527702,1.8311366707921328,0.0,0.6666666666666666,0,0,1,0,1630,25451.95,25365.2
2025-11-06_0300,0300,BREAKOUT,SELL,2025-11-06 03:25:00,2025-11-06 04:40:00,25508.35,25576.35,25576.35,25372.35,68.0,-68.0,-1.0,SL_HIT,23.63000000000102,0.6815642458100558,0.8883932790066262,44.36999999999898,25554.165,-45.81500000000233,1.6681341425950658,0,26.59858033417739,25547.399594670416,25570.659541157955,25601.306557470638,25562.36090815987,25658.614491301694,26.59858033417739,0.10427401354527986,1.1392569659609615,0.0,0.0,0,0,0,0,0300,25576.35,25531.98
2025-11-06_1000,1000,BREAKOUT,BUY,2025-11-06 10:45:00,2025-11-06 12:20:00,25551.1,25635.339999999997,25508.98,25635.339999999997,42.11999999999898,84.23999999999796,2.0,TP_HIT,13.619999999998981,0.5773854244928464,0.6878274391774056,28.5,25523.23,27.86999999999898,1.4392864916708903,0,19.80147813859762,25531.933033690584,25539.28421704588,25557.371848785242,25566.288218292735,25652.8830630022,19.80147813859762,0.0774975564206536,1.0816440877575646,0.0,0.0,0,0,0,0,1000,25537.48,25508.98
2025-11-06_1630,1630,BREAKOUT,SELL,2025-11-06 16:50:00,2025-11-06 17:55:00,25433.98,25175.74,25563.1,25175.74,129.11999999999898,258.23999999999796,2.0,TP_HIT,31.36999999999898,0.7615463917525668,0.6554907392559761,97.75,25514.225,-80.24499999999898,2.042531710623964,0,47.857274132668806,25524.746828161813,25577.65861869969,25608.35297128382,25595.702268806595,25649.380777541683,47.857274132668806,0.18816274186214194,2.154003080159265,0.0,0.0,0,0,0,0,1630,25563.1,25465.35
2025-11-07_0300,0300,BREAKOUT,SELL,2025-11-07 03:25:00,2025-11-07 08:00:00,25138.48,25222.23,25222.23,24970.98,83.75,-83.75,-1.0,SL_HIT,23.75,0.8897746014293039,0.88390777946918,60.0,25192.23,-53.75,2.2330301797116126,0,26.869318894628094,25183.834543397767,25196.65140119867,25206.24107323793,25331.192053668765,25605.828731188478,26.869318894628094,0.10688521698459133,1.285495770498598,0.0,0.0,0,0,0,0,0300,25222.23,25162.23
2025-11-07_1000,1000,BREAKOUT,SELL,2025-11-07 10:15:00,2025-11-07 10:35:00,25219.35,25174.85,25241.6,25174.85,22.25,44.5,2.0,TP_HIT,0.13000000000101863,0.7954285714286102,0.008089243055805936,22.11999999999898,25230.54,-11.190000000002328,1.376415818407823,0,16.0707249249623,25227.476366046125,25220.655475563162,25202.1543975275,25245.575133483566,25577.209417549107,16.0707249249623,0.06372378719103505,1.0642977268715368,0.5,0.6666666666666666,0,1,0,0,1000,25241.6,25219.48
2025-11-07_1630,1630,BREAKOUT,SELL,2025-11-07 17:35:00,2025-11-07 21:55:00,24783.06,25000.48,25000.48,24348.220000000005,217.41999999999825,-217.41999999999825,-1.0,SL_HIT,24.669999999998254,0.3581622944134654,0.370675229565736,192.75,24904.105,-121.04499999999825,2.8961350019781382,0,66.5542179036359,24847.381319928238,24890.236582497117,24957.336049359932,25110.72299769309,25537.21000155863,66.5542179036359,0.26854721694429945,1.3383259099201263,0.0,0.0,0,0,0,0,1630,25000.48,24807.73
2025-11-10_0300,0300,BREAKOUT,BUY,2025-11-10 03:20:00,2025-11-10 10:30:00,25278.98,25396.48,25220.23,25396.48,58.75,117.5,2.0,TP_HIT,3.1300000000010186,0.453125,0.15159328666398073,55.61999999999898,25248.04,30.93999999999869,2.693807860782016,1,20.647352325957065,25252.683805468827,25225.735307053492,25149.181154985552,25050.578813155156,25491.217585501618,20.647352325957065,0.08167794873826818,0.8375947490973836,0.5,0.6666666666666666,0,1,1,0,0300,25275.85,25220.23
2025-11-10_1000,1000,BREAKOUT,BUY,2025-11-10 10:35:00,2025-11-10 16:35:00,25398.73,25489.23,25353.48,25489.23,45.25,90.5,2.0,TP_HIT,10.5,0.44532488114100116,0.6422716188695659,34.75,25370.855,27.875,2.1256132148302296,1,16.34822354205934,25384.387859699113,25380.044580307946,25367.483335438847,25232.736962296196,25483.078203054294,16.34822354205934,0.06436630312641356,1.1243481189379156,0.0,0.6666666666666666,0,0,1,0,1000,25388.23,25353.48
2025-11-10_1630,1630,BREAKOUT,BUY,2025-11-10 17:00:00,2025-11-10 17:55:00,25534.35,25420.48,25420.48,25762.089999999997,113.86999999999898,-113.86999999999898,-1.0,SL_HIT,0.11999999999898137,0.0784313725490196,0.00393881504079482,113.75,25477.355,56.99499999999898,3.73366842411845,1,30.46601547829125,25500.702988251844,25472.297412136522,25447.369283401284,25343.829888449483,25480.84067722607,30.46601547829125,0.11931384773174666,1.5408166608462392,0.0,1.0,0,0,1,1,1630,25534.23,25420.48
