Market,Status,Type,MaxFavorableR,MaxAdverseR,FirstMoveR,PostRetestDepthR,PreRetestDepthR,PreClosesBeyondEdge,BarsToHalfR,Risk,EntryTime
XAUUSD,SL_HIT,SELL,0.151765589782118,0.5424492862509264,-0.0788880540946455,0.48760330578510963,1.1051840721262283,0.0,,13.309999999999944,2024-11-28 03:15:00
XAUUSD,TP_HIT,BUY,2.506493506493501,0.44805194805199405,0.42857142857149183,0.37012987012998516,1.2987012987013293,0.05,2.0,3.0799999999999272,2024-11-28 10:25:00
XAUUSD,SL_HIT,SELL,1.3296703296703165,0.28131868131871407,0.22197802197796113,0.046153846153852304,1.0087912087911004,0.0,6.0,4.550000000000182,2024-11-28 16:50:00
XAUUSD,SL_HIT,BUY,1.3480392156862986,0.1372549019607734,-0.105392156862744,0.0,0.618464052287569,0.3,5.0,12.239999999999782,2024-11-29 03:45:00
XAUUSD,SL_HIT,SELL,0.7284533648170269,1.1700118063754532,0.35419126328218076,0.9173553719008459,1.9445100354191487,0.0,1.0,8.4699999999998,2024-12-02 03:15:00
XAUUSD,SL_HIT,BUY,0.6909413854352693,1.0461811722913383,-0.42273534635875676,0.9342806394317125,1.2397868561279657,0.1,11.0,5.629999999999654,2024-12-02 10:20:00
XAUUSD,SL_HIT,SELL,0.935483870967698,1.0714285714285565,-0.3087557603686868,0.9907834101381527,1.495391705069024,0.3,3.0,4.3400000000001455,2024-12-02 16:45:00
XAUUSD,SL_HIT,SELL,0.5753012048192049,0.6069277108433737,-0.38554216867467156,0.12951807228916942,0.6069277108433737,0.05,5.0,6.640000000000327,2024-12-03 03:25:00
XAUUSD,SL_HIT,SELL,0.07570422535207998,1.46478873239432,-0.13380281690144002,1.3521126760562399,1.4154929577464,0.0,,5.680000000000291,2024-12-03 10:20:00
XAUUSD,SL_HIT,SELL,1.5746835443037863,0.2784810126582592,0.21645569620253377,0.17215189873419134,0.8936708860759321,0.35,2.0,7.900000000000091,2024-12-03 16:50:00
XAUUSD,SL_HIT,BUY,0.3789868667917466,0.6923076923076267,-0.1744840525328047,0.4108818011256341,1.585365853658524,0.05,,5.329999999999927,2024-12-04 17:30:00
XAUUSD,SL_HIT,SELL,0.32352941176464034,0.7622549019608291,-0.0392156862745863,0.5588235294118237,0.7965686274509945,0.0,,4.079999999999927,2024-12-05 03:45:00
XAUUSD,SL_HIT,SELL,0.6880165289255841,0.34504132231405427,0.07438016528928026,0.1342975206611718,0.9442148760330633,0.0,7.0,4.8400000000001455,2024-12-05 10:15:00
XAUUSD,TP_HIT,SELL,4.105431309903981,0.8881789137379068,-0.13418530351439556,0.8498402555909782,2.693290734824135,0.0,2.0,3.130000000000109,2024-12-05 16:45:00
XAUUSD,TP_HIT,BUY,0.4178621008792381,0.20869967607588297,0.10782045349377219,0.04812586765386299,0.642295233688122,0.0,,21.609999999999676,2024-12-06 05:20:00
XAUUSD,SL_HIT,BUY,0.09907120743032029,1.0510835913312577,-0.34210526315789846,0.8637770897832656,2.719814241486078,0.0,,6.460000000000036,2024-12-10 16:50:00
XAUUSD,SL_HIT,BUY,0.504970178926414,0.64612326043735,0.011928429423447922,0.5546719681908255,1.5347912524849887,0.0,12.0,5.0300000000002,2024-12-11 03:30:00
XAUUSD,SL_HIT,BUY,0.5466666666667325,1.3238095238094891,0.22095238095243985,1.268571428571401,1.0704761904761697,0.3,2.0,5.25,2024-12-11 10:20:00
XAUUSD,TP_HIT,BUY,1.4519350811486207,0.4756554307116177,0.2372034956304803,0.1872659176030018,1.4581772784020202,0.1,2.0,8.009999999999764,2024-12-11 16:50:00
XAUUSD,TP_HIT,SELL,1.5727091633466157,0.220119521912355,0.10159362549800652,0.0468127490040096,0.8266932270916546,0.0,3.0,10.039999999999964,2024-12-12 03:15:00
XAUUSD,SL_HIT,BUY,0.3569230769231021,1.8292307692307497,0.10769230769234966,1.72153846153847,0.8923076923077203,0.8,,6.5,2024-12-12 16:45:00
XAUUSD,SL_HIT,BUY,0.07213578500703702,1.1159830268741364,-0.16831683168317213,0.9123055162659298,1.753889674681726,0.0,,7.070000000000164,2024-12-13 03:15:00
XAUUSD,TP_HIT,SELL,2.7684210526314414,0.7157894736841236,0.449999999999988,0.3710526315788913,2.2394736842104765,0.0,2.0,3.800000000000182,2024-12-13 10:45:00
XAUUSD,SL_HIT,SELL,0.1937406855439903,1.1833084947839063,0.12518628912073637,0.9478390461997158,1.1982116244411207,0.0,,6.710000000000036,2024-12-13 17:20:00
XAUUSD,SL_HIT,BUY,0.23876404494379833,0.3735955056180267,0.007022471910074146,0.05617977528091251,1.1404494382022494,0.1,,7.119999999999891,2024-12-16 03:20:00
XAUUSD,TP_HIT,SELL,2.57834757834734,0.5042735042734677,0.3504273504273338,0.45868945868933686,1.9259259259257389,0.35,2.0,3.5100000000002183,2024-12-17 10:15:00
XAUUSD,SL_HIT,SELL,0.9575596816976512,1.222811671087573,0.6366047745358362,1.1697612732096367,2.23342175066316,0.25,1.0,3.769999999999982,2024-12-17 16:45:00
XAUUSD,TP_HIT,SELL,0.8993506493506647,0.5454545454545052,-0.02922077922067951,0.5422077922078287,1.1883116883116691,0.0,8.0,3.0799999999999272,2024-12-18 04:20:00
XAUUSD,SL_HIT,SELL,0.90504451038584,0.53115727002968,0.5608308605342399,0.24925816023744,2.9436201780416598,0.0,1.0,3.369999999999891,2024-12-18 17:00:00
XAUUSD,TP_HIT,BUY,1.768374164810699,0.2750556792872823,0.16815144766144327,0.2327394209353771,1.7182628062360585,0.0,3.0,8.980000000000018,2024-12-19 03:15:00
XAUUSD,TP_HIT,BUY,1.2688172043009345,0.9327956989247357,0.22580645161292687,0.836021505376321,1.736559139784837,0.25,7.0,3.720000000000255,2024-12-19 10:15:00
XAUUSD,SL_HIT,SELL,0.6223529411764663,0.43764705882350585,-0.021176470588216034,0.2082352941176449,1.3176470588235616,0.0,8.0,8.5,2024-12-19 16:55:00
XAUUSD,TP_HIT,BUY,0.44736842105258795,0.40485829959513725,0.1548582995951142,0.38765182186233654,0.9827935222671993,0.0,,9.88000000000011,2024-12-20 03:30:00
XAUUSD,SL_HIT,BUY,1.0903954802260103,0.35367231638419677,0.20338983050844583,0.0,1.9728813559322278,0.1,4.0,8.849999999999909,2024-12-20 17:10:00
XAUUSD,TP_HIT,SELL,2.303370786516825,0.38951310861420796,0.05617977528093141,0.15730337078653983,1.1835205992510198,0.1,3.0,2.6700000000000728,2024-12-23 16:45:00
XAUUSD,SL_HIT,SELL,0.18060200668911633,1.321070234113748,-0.08026755852836095,1.277591973244295,0.9565217391305472,0.35,,2.9899999999997817,2024-12-24 03:15:00
XAUUSD,SL_HIT,BUY,0.45977011494230946,2.9367816091950765,-0.06896551724156856,2.8390804597697605,0.9022988505746841,0.6,,1.7400000000002365,2024-12-24 10:15:00
XAUUSD,SL_HIT,SELL,0.2576028622540281,0.5223613595706613,0.14847942754917812,0.3756708407870938,0.8890876565294581,0.15,,5.5900000000001455,2024-12-24 16:45:00
XAUUSD,TP_HIT,BUY,0.39723320158098524,0.2747035573122308,0.02964426877472185,0.23517786561266155,1.5454545454545945,0.0,,5.059999999999945,2024-12-26 03:20:00
XAUUSD,SL_HIT,BUY,0.36415094339618304,0.23301886792454432,0.02169811320754814,0.0,0.481132075471673,0.45,,10.600000000000364,2024-12-26 17:25:00
XAUUSD,TP_HIT,SELL,0.14994232987314543,0.3725490196078421,-0.0069204152249071425,0.0057670126874488446,0.6332179930796067,0.55,,8.670000000000073,2024-12-27 11:40:00
XAUUSD,SL_HIT,SELL,0.39933993399340495,0.5104510451044882,-0.06930693069308021,0.2761276127612457,1.8855885588558414,0.0,,9.090000000000146,2024-12-30 17:05:00
XAUUSD,SL_HIT,BUY,0.3799999999999792,0.9628571428571117,-0.07714285714285195,0.5028571428570753,2.134285714285657,0.0,,3.5,2024-12-31 10:35:00
XAUUSD,TP_HIT,BUY,1.3474842767296549,0.44496855345913094,0.11163522012579763,0.38050314465411905,1.0125786163522619,0.0,4.0,6.359999999999673,2024-12-31 17:10:00
XAUUSD,TP_HIT,BUY,0.426143790849722,0.27712418300653485,0.0,0.20261437908500074,1.2287581699347108,0.0,,7.649999999999636,2025-01-02 03:15:00
XAUUSD,TP_HIT,BUY,0.9744897959183524,0.6445578231292336,0.07312925170065107,0.2891156462584671,1.6615646258503063,0.0,4.0,5.880000000000109,2025-01-02 17:30:00
XAUUSD,SL_HIT,BUY,0.8442367601246124,0.42679127725852817,-0.2959501557633215,0.3956386292834789,1.9003115264798425,0.0,2.0,3.2100000000000364,2025-01-03 04:55:00
XAUUSD,SL_HIT,SELL,0.4948979591836782,1.0459183673468961,-0.09183673469390832,0.9719387755101722,2.0765306122449427,0.0,,3.9200000000000728,2025-01-03 10:30:00
XAUUSD,TP_HIT,SELL,0.9176276771004216,0.5041186161449527,-0.08401976935752957,0.20428336079073284,1.3080724876441252,0.35,2.0,6.070000000000164,2025-01-03 16:50:00
XAUUSD,TP_HIT,BUY,2.382252559726577,0.5153583617747673,0.34812286689415717,0.3208191126279731,1.027303754266184,0.55,2.0,2.930000000000291,2025-01-06 10:20:00
XAUUSD,TP_HIT,BUY,1.4759124087591622,0.7649635036496133,0.5810218978102294,0.6087591240876099,2.0394160583942247,0.35,1.0,6.849999999999909,2025-01-06 16:45:00
XAUUSD,TP_HIT,BUY,0.18829516539433255,0.8931297709923558,0.0,0.8142493638675778,1.4452926208649912,0.0,,3.930000000000291,2025-01-07 10:20:00
XAUUSD,TP_HIT,SELL,6.179930795848067,0.49480968858143737,-0.30795847750862004,0.4671280276818074,1.4429065743945524,0.45,2.0,2.8899999999998727,2025-01-07 16:45:00
XAUUSD,SL_HIT,SELL,0.39694656488549884,0.6030534351145012,0.08778625954199533,0.5916030534352086,1.274809160305452,0.0,,2.619999999999891,2025-01-08 03:15:00
XAUUSD,SL_HIT,SELL,0.3293650793650529,1.8055555555556408,-0.3888888888888989,1.7817460317461384,1.5555555555555955,0.0,,2.519999999999982,2025-01-08 10:25:00
XAUUSD,SL_HIT,SELL,0.3237179487179335,1.0288461538461264,-0.6009615384615157,0.8910256410255986,0.862179487179472,0.55,,6.2400000000002365,2025-01-08 16:55:00
XAUUSD,SL_HIT,SELL,0.24757281553398272,0.9538834951456167,0.0072815533981070105,0.8325242718446425,0.878640776699026,0.0,,4.119999999999891,2025-01-09 04:15:00
XAUUSD,TP_HIT,BUY,1.5697211155380182,0.7051792828685851,0.49800796812753695,0.6653386454184184,0.9601593625498333,0.8,1.0,2.5099999999997635,2025-01-09 10:15:00
XAUUSD,SL_HIT,BUY,0.1551401869158769,0.7663551401869119,0.07102803738319918,0.7158878504672883,1.4093457943925405,0.35,,5.349999999999909,2025-01-09 16:45:00
XAUUSD,TP_HIT,BUY,0.5668604651162172,0.3924418604652158,0.2819767441859839,0.07558139534889946,0.7296511627907496,0.0,3.0,3.4400000000000546,2025-01-10 04:15:00
XAUUSD,SL_HIT,BUY,0.8378378378378545,0.9270270270270283,0.00270270270276183,0.8054054054054499,1.4864864864865595,0.05,10.0,3.699999999999818,2025-01-10 10:35:00
XAUUSD,SL_HIT,BUY,0.4904862579281511,0.6353065539111776,0.13742071881608636,0.6300211416490501,2.6183932346722925,0.0,,9.460000000000036,2025-01-10 17:20:00
XAUUSD,SL_HIT,SELL,0.12114771519658185,1.0626992561104858,-0.10839532412326762,0.9681190223166661,1.2518597236981734,0.0,,9.41000000000031,2025-01-13 03:25:00
XAUUSD,TP_HIT,SELL,0.21961184882534207,0.5730337078651837,-0.11235955056178888,0.0541368743616141,0.5199182839632446,0.0,,9.789999999999964,2025-01-13 12:00:00
XAUUSD,SL_HIT,SELL,1.3225806451612192,0.6505376344085771,0.1774193548386584,0.6344086021504061,0.9838709677418289,0.6,2.0,1.8600000000001276,2025-01-14 03:20:00
XAUUSD,SL_HIT,BUY,0.9770114942528946,0.5172413793103944,0.2701149425287499,0.42241379310351923,0.9454022988505593,0.1,2.0,3.480000000000018,2025-01-14 10:15:00
XAUUSD,TP_HIT,BUY,1.747252747252912,0.8813186813186822,0.0593406593406589,0.6505494505494975,0.8879120879121332,0.4,2.0,4.549999999999727,2025-01-14 16:50:00
XAUUSD,SL_HIT,SELL,0.9720000000001164,0.7799999999999272,0.19200000000000728,0.6639999999999417,1.6239999999999781,0.0,1.0,2.5,2025-01-15 03:40:00
XAUUSD,TP_HIT,BUY,0.6951501154733252,0.3856812933025232,-0.3071593533487909,0.3279445727482558,1.1986143187066043,0.0,5.0,4.330000000000382,2025-01-15 11:15:00
XAUUSD,SL_HIT,SELL,0.047763457164526645,0.42380591357089625,-0.1918119787717767,0.3525398028809758,1.340409401061392,0.0,,13.190000000000056,2025-01-15 17:00:00
XAUUSD,SL_HIT,BUY,0.1952380952380925,0.9095238095237862,-0.249206349206368,0.7761904761904336,1.1952380952380204,0.0,,6.300000000000182,2025-01-16 03:30:00
XAUUSD,TP_HIT,BUY,0.3014861995753847,0.9214437367302881,0.12951167728240395,0.5541401273884612,1.8195329087048073,0.0,,4.710000000000036,2025-01-16 10:15:00
XAUUSD,SL_HIT,BUY,0.2982791586997973,1.065009560229386,0.09942638623326577,1.0152963671127968,2.768642447418732,0.05,,5.230000000000018,2025-01-16 16:50:00
XAUUSD,SL_HIT,SELL,0.08791208791211318,1.4000000000000599,-0.1384615384614708,1.386813186813258,1.2769230769231414,0.0,,4.549999999999727,2025-01-17 03:25:00
XAUUSD,SL_HIT,BUY,0.45652173913028005,2.773913043478089,-0.22173913043486,2.4999999999998024,1.1478260869563757,0.4,,2.300000000000182,2025-01-17 10:40:00
XAUUSD,SL_HIT,BUY,0.3689538807649322,0.27109111361078614,0.008998875140599369,0.10011248593924471,0.8290213723284585,0.05,,8.889999999999873,2025-01-17 16:45:00
XAUUSD,TP_HIT,BUY,0.6239999999999418,0.30400000000001454,0.05759999999994761,0.13599999999998544,0.8319999999999709,0.15,12.0,6.25,2025-01-20 04:00:00
XAUUSD,SL_HIT,BUY,0.4923076923076995,0.9871794871794408,-0.29230769230765286,0.8743589743589166,0.9153846153845194,0.25,,3.900000000000091,2025-01-20 10:35:00
XAUUSD,SL_HIT,SELL,0.35730337078656416,0.8157303370787096,0.10786516853933434,0.6629213483146952,0.948314606741669,0.25,,4.449999999999818,2025-01-20 17:00:00
XAUUSD,TP_HIT,BUY,1.0795811518324345,0.26596858638742565,-0.06387434554975034,0.1172774869109811,0.8513089005235555,0.05,6.0,9.550000000000182,2025-01-21 03:25:00
XAUUSD,TP_HIT,SELL,1.919239904988405,0.34916864608074727,-0.007125890736282262,0.22565320665081057,1.6722090261284235,0.25,3.0,4.209999999999582,2025-01-21 10:20:00
XAUUSD,TP_HIT,BUY,0.7175697865353969,0.25615763546798437,0.08045977011498544,0.09031198686374546,1.6042692939245449,0.0,2.0,6.089999999999691,2025-01-21 16:45:00
XAUUSD,TP_HIT,BUY,0.48554913294792446,0.6127167630058737,-0.4161849710982773,0.41329479768794103,1.0578034682081707,0.0,,3.4600000000000364,2025-01-22 05:35:00
XAUUSD,TP_HIT,BUY,2.0214843750000253,0.32226562500002465,0.15039062499999964,0.27734375000002015,1.089843750000009,0.15,6.0,5.119999999999891,2025-01-22 10:30:00
XAUUSD,SL_HIT,BUY,0.4147812971342315,0.965309200603316,-0.20663650075412796,0.83107088989437,0.8657616892910539,0.35,,6.630000000000109,2025-01-22 16:45:00
XAUUSD,TP_HIT,SELL,0.21824686940961863,0.46511627906973907,0.12164579606436826,0.0,0.12701252236136276,1.0,,5.5900000000001455,2025-01-23 05:25:00
XAUUSD,TP_HIT,BUY,0.6455542021924675,0.606577344701583,-0.09987819732036055,0.38733252131544726,0.8745432399512552,0.0,12.0,8.210000000000036,2025-01-23 17:40:00
XAUUSD,TP_HIT,BUY,1.374025974025916,0.30779220779224176,0.25324675324672064,0.0,0.7532467532467502,0.1,2.0,7.700000000000273,2025-01-24 04:05:00
XAUUSD,SL_HIT,BUY,0.6740638002774068,0.9653259361997227,0.31206657420249495,0.6588072122052672,0.6934812760055443,0.55,3.0,7.210000000000036,2025-01-24 17:05:00
XAUUSD,TP_HIT,SELL,3.5960099750621666,0.37905236907728157,0.34663341645880225,0.32418952618456637,0.9451371571072849,0.7,1.0,4.010000000000218,2025-01-27 03:25:00
XAUUSD,SL_HIT,BUY,0.9319306930693401,0.4096534653465316,-0.15222772277228086,0.11509900990102716,0.961633663366343,0.0,10.0,8.079999999999927,2025-01-27 10:15:00
XAUUSD,SL_HIT,SELL,0.352100089365508,0.6711349419124379,-0.03574620196604906,0.5433422698838563,1.4647006255585562,0.0,,11.190000000000056,2025-01-27 17:00:00
XAUUSD,SL_HIT,SELL,0.539823008849484,1.2861356932152526,0.06489675516217659,1.2831858407078138,0.9970501474925613,0.65,2.0,3.3900000000003274,2025-01-28 16:55:00
XAUUSD,TP_HIT,SELL,0.1833333333333491,0.7874999999999172,-0.30833333333342017,0.7624999999999408,0.9791666666665917,0.2,,2.400000000000091,2025-01-29 03:55:00
XAUUSD,SL_HIT,BUY,0.7030456852793701,0.7538071065990105,0.08629441624370052,0.6598984771574044,1.395939086294558,0.0,3.0,3.9399999999996,2025-01-29 10:15:00
XAUUSD,SL_HIT,SELL,1.1254237288135205,0.5203389830508672,0.8542372881355739,0.25254237288139214,0.7338983050847991,0.0,1.0,5.900000000000091,2025-01-29 17:20:00
XAUUSD,SL_HIT,BUY,0.4524590163933023,0.6426229508196457,-0.11147540983610664,0.6360655737704718,0.9409836065574343,0.0,,3.050000000000182,2025-01-30 05:45:00
XAUUSD,TP_HIT,BUY,1.0687022900762104,0.36895674300258663,0.04071246819334418,0.2315521628498186,2.717557251908154,0.0,6.0,3.930000000000291,2025-01-30 10:20:00
XAUUSD,TP_HIT,BUY,1.0012936610607714,0.43078913324707885,-0.03363518758088198,0.32729624838288995,1.1423027166882156,0.0,10.0,7.730000000000018,2025-01-30 16:50:00
XAUUSD,SL_HIT,BUY,0.8660714285714264,0.7357142857142782,0.12857142857139492,0.2142857142856853,1.0482142857142833,0.0,3.0,5.599999999999909,2025-01-31 16:55:00
XAUUSD,SL_HIT,SELL,0.6901554404144861,0.31813471502592067,0.03834196891190542,0.30259067357513414,1.47668393782382,0.0,9.0,9.650000000000093,2025-02-03 03:15:00
XAUUSD,TP_HIT,BUY,0.7617765814265993,0.2637954239569259,0.3189771197846296,0.18707940780616666,1.3499327052489647,0.0,2.0,7.430000000000291,2025-02-03 10:15:00
XAUUSD,SL_HIT,BUY,0.34039087947885815,1.0285016286644884,0.2540716612378185,0.463355048859949,0.9641693811075238,0.0,,12.279999999999744,2025-02-03 16:45:00
XAUUSD,SL_HIT,BUY,1.0299539170506107,0.62211981566814,0.064516129032302,0.08294930875568214,1.5852534562210654,0.0,4.0,4.3400000000001455,2025-02-04 03:20:00
XAUUSD,TP_HIT,BUY,0.06769596199526827,0.8349168646080926,-0.18883610451307978,0.31591448931119787,0.8491686460807636,0.0,,8.420000000000073,2025-02-04 10:15:00
XAUUSD,SL_HIT,BUY,0.402061855670014,1.5184094256258858,0.08983799705443814,1.2842415316641704,1.7820324005889785,0.0,,6.790000000000418,2025-02-04 17:05:00
XAUUSD,SL_HIT,SELL,0.36549707602338405,1.7002923976607984,0.1593567251462167,1.600877192982462,0.9005847953216635,0.35,,6.8400000000001455,2025-02-05 03:30:00
XAUUSD,TP_HIT,BUY,2.1255605381166807,0.4798206278027601,-0.13452914798193932,0.318385650224229,4.748878923766639,0.0,4.0,2.230000000000018,2025-02-05 10:20:00
XAUUSD,SL_HIT,BUY,1.4669811320755357,0.998427672956012,-0.10062893081759522,0.8663522012579405,1.7767295597485477,0.0,3.0,6.359999999999673,2025-02-05 16:45:00
XAUUSD,SL_HIT,BUY,0.24738219895292657,0.4031413612565417,0.005235602094236163,0.32722513089005784,0.9240837696335161,0.0,,7.639999999999873,2025-02-06 03:55:00
XAUUSD,SL_HIT,SELL,0.15208034433285164,1.428981348637062,-0.21807747489239962,0.8995695839311566,2.1090387374462325,0.0,,6.9699999999998,2025-02-06 10:20:00
XAUUSD,SL_HIT,SELL,1.4764826175868875,0.8333333333333256,-0.12167689161554501,0.2597137014314838,1.1053169734151047,0.0,2.0,9.7800000000002,2025-02-06 16:45:00
XAUUSD,SL_HIT,BUY,1.2551020408163218,0.8591836734693792,0.24693877551020693,0.31836734693875846,0.6571428571428041,0.15,5.0,4.900000000000091,2025-02-07 03:15:00
XAUUSD,SL_HIT,BUY,1.0890688259108465,1.1187584345478567,0.3184885290147873,1.082321187584298,3.5020242914978663,0.0,3.0,7.410000000000309,2025-02-07 17:00:00
XAUUSD,SL_HIT,SELL,0.19160997732421411,0.8253968253968328,0.014739229024903853,0.8174603174603065,0.9920634920634737,0.4,,8.820000000000164,2025-02-10 03:35:00
XAUUSD,SL_HIT,SELL,0.0847880299252283,2.15211970074817,-0.1720698254364327,1.96758104738163,0.8154613466334598,0.6,,4.009999999999764,2025-02-10 10:15:00
XAUUSD,SL_HIT,BUY,0.5275229357797916,0.5795107033639121,0.059633027522916646,0.34862385321097217,1.5978593272171064,0.05,10.0,6.539999999999964,2025-02-10 16:50:00
XAUUSD,SL_HIT,BUY,0.8990901571546535,2.100909842845309,-0.10752688172044386,2.0653432588916423,1.2291149710504508,0.0,4.0,12.090000000000146,2025-02-11 03:40:00
XAUUSD,TP_HIT,SELL,0.5162548764629683,0.5864759427827999,0.03120936280887318,0.20286085825746872,0.9986996098829957,0.15,11.0,7.690000000000055,2025-02-11 10:50:00
XAUUSD,SL_HIT,SELL,0.7499999999999702,1.2931937172774457,0.4712041884816433,0.9738219895287612,0.6806282722513154,0.6,1.0,7.640000000000327,2025-02-11 16:55:00
XAUUSD,TP_HIT,SELL,0.7419354838709751,0.781637717121616,-0.132754342431783,0.6228287841191087,1.2146401985111699,0.05,3.0,8.059999999999945,2025-02-12 03:15:00
XAUUSD,SL_HIT,SELL,0.5445682451254037,0.7019498607242449,-0.49442896935930475,0.4777158774373773,0.7757660167131324,0.65,3.0,7.179999999999836,2025-02-12 16:50:00
XAUUSD,SL_HIT,SELL,0.13995943204869726,1.0851926977687802,-0.07099391480728615,0.8113590263691953,1.13387423935098,0.05,,4.929999999999836,2025-02-13 03:20:00
XAUUSD,SL_HIT,BUY,0.03476245654695179,0.4241019698725378,-0.10892236384705588,0.3012746234067223,0.9524913093858782,0.0,,8.629999999999654,2025-02-13 12:45:00
XAUUSD,TP_HIT,BUY,0.39651162790694305,0.3674418604651367,-0.03372093023260536,0.3627906976743906,1.2302325581394744,0.0,,8.600000000000364,2025-02-13 16:45:00
XAUUSD,SL_HIT,SELL,0.20806451612903248,0.44677419354839726,-0.1596774193548082,0.3516129032258637,0.969354838709741,0.05,,6.199999999999818,2025-02-14 04:15:00
XAUUSD,SL_HIT,BUY,0.19747235387046042,0.6003159557662283,-0.050552922590863726,0.4375987361769374,0.8894154818324991,0.05,,6.329999999999927,2025-02-14 10:15:00
XAUUSD,TP_HIT,SELL,3.9887798036465103,0.28751753155682336,0.05189340813462626,0.25806451612904874,1.6437587657784116,0.3,2.0,7.130000000000109,2025-02-14 16:50:00
XAUUSD,TP_HIT,BUY,0.8545887961859573,0.3563766388557601,0.22765196662692294,0.18712753277708377,1.368295589988104,0.0,2.0,8.389999999999873,2025-02-17 03:25:00
XAUUSD,TP_HIT,BUY,0.15736040609137625,0.1834662799129954,-0.05293691080493257,0.0,0.5808556925308038,0.35,,13.789999999999964,2025-02-18 05:10:00
XAUUSD,SL_HIT,BUY,0.6859971711457656,0.30268741159829715,0.17821782178221643,0.08345120226310747,0.7807637906648104,0.2,3.0,7.069999999999709,2025-02-19 03:35:00
XAUUSD,TP_HIT,BUY,2.3544973544975374,0.3333333333332933,0.4259259259259884,0.27777777777772433,1.9126984126985467,0.0,2.0,3.779999999999745,2025-02-19 10:20:00
XAUUSD,SL_HIT,BUY,0.20413436692506096,0.7739018087855234,-0.11757105943150906,0.6240310077519462,0.9819121447028584,0.4,,7.739999999999782,2025-02-19 16:50:00
XAUUSD,SL_HIT,SELL,0.49812734082392923,0.8558052434457002,0.035580524344578535,0.36516853932588383,0.6161048689138341,0.35,,5.3400000000001455,2025-02-20 03:25:00
XAUUSD,SL_HIT,BUY,0.05087719298245138,0.8280701754385879,-0.17543859649123367,0.812280701754431,1.3105263157895601,0.0,,5.699999999999818,2025-02-20 10:55:00
XAUUSD,SL_HIT,BUY,0.2490450725745069,0.24446142093200104,0.03819709702062733,0.053475935828864375,0.6378915202444695,0.0,,13.08999999999969,2025-02-20 18:20:00
XAUUSD,SL_HIT,SELL,0.13696369636965117,0.6771177117711801,-0.09845984598459732,0.07425742574256991,0.5467546754675545,0.35,,18.17999999999984,2025-02-21 03:55:00
XAUUSD,SL_HIT,BUY,0.5724637681159332,0.8429951690820988,0.14492753623186655,0.47101449275359375,1.6038647342995356,0.05,,4.139999999999873,2025-02-24 10:55:00
XAUUSD,SL_HIT,SELL,0.26141885325553843,0.6822157434402037,0.11661807580172685,0.5607385811467198,2.085519922254535,0.0,,10.290000000000418,2025-02-24 17:00:00
XAUUSD,TP_HIT,SELL,0.06332842415313841,0.9941089837996442,-0.24153166421210992,0.5346097201766467,0.5552282768777245,0.1,,6.790000000000418,2025-02-25 03:35:00
XAUUSD,SL_HIT,BUY,1.4874759152215258,0.4720616570327153,0.13102119460497672,0.2832369942196116,0.8111753371868964,0.6,2.0,5.190000000000055,2025-02-25 10:25:00
XAUUSD,TP_HIT,SELL,4.710051546391585,0.3646907216494649,0.21649484536079755,0.18556701030928016,0.8208762886598152,0.55,2.0,7.760000000000218,2025-02-25 16:45:00
XAUUSD,SL_HIT,BUY,0.030178326474595476,2.0658436213991798,-0.30315500685871705,1.500685871056194,1.3251028806584229,0.0,,7.289999999999964,2025-02-26 03:20:00
XAUUSD,SL_HIT,SELL,0.6961038961037878,1.7506493506492466,0.16623376623371747,1.5194805194803522,1.1350649350647994,0.6,1.0,3.850000000000364,2025-02-26 10:20:00
XAUUSD,SL_HIT,BUY,0.8759894459103018,0.608619173262985,0.19349164467900562,0.13104661389624017,0.5224274406332552,0.65,6.0,11.36999999999989,2025-02-26 16:45:00
XAUUSD,SL_HIT,SELL,0.49950347567034226,1.1191658391261479,-0.030784508440909082,0.92552135054622,1.3694141012909995,0.0,,10.069999999999707,2025-02-27 10:25:00
XAUUSD,TP_HIT,SELL,0.21518324607330613,0.5528795811518322,-0.0010471204188472203,0.11204188481674779,0.627748691099468,0.0,,19.09999999999991,2025-02-27 16:45:00
XAUUSD,SL_HIT,SELL,0.2408198121263621,1.3834329632792675,-0.2092228864218843,1.1870196413321987,1.917164816396221,0.15,,11.710000000000036,2025-02-28 17:00:00
XAUUSD,SL_HIT,BUY,0.13024602026043355,0.4891461649782862,-0.04052098408106911,0.21273516642543186,0.8654124457307888,0.25,,6.910000000000309,2025-03-03 03:25:00
XAUUSD,SL_HIT,SELL,0.43155452436198394,2.491879350348009,0.1299303944315435,2.2204176334106336,1.016241299303877,0.15,,4.309999999999945,2025-03-03 10:20:00
XAUUSD,TP_HIT,BUY,0.3075722092115126,0.31850117096020725,0.20921155347382925,0.04215456674472652,0.9117876658859853,0.0,,12.8100000000004,2025-03-03 17:20:00
XAUUSD,SL_HIT,BUY,0.41916859122400085,0.21247113163973766,0.2280600461893638,0.0,1.282909930715938,0.15,,17.320000000000164,2025-03-04 10:30:00
XAUUSD,SL_HIT,BUY,0.45954438334641795,0.2882953652788741,-0.07776904948937788,0.23173605655932983,1.7949725058915849,0.0,,12.730000000000018,2025-03-05 17:05:00
XAUUSD,SL_HIT,SELL,1.3079178885631164,0.20821114369496754,0.3035190615836147,0.17888563049851203,2.612903225806587,0.0,2.0,6.819999999999709,2025-03-06 10:40:00
XAUUSD,SL_HIT,BUY,1.4054982817870618,0.9398625429553391,0.1443298969072487,0.8865979381443493,2.2783505154639907,0.0,3.0,5.819999999999709,2025-03-06 16:45:00
XAUUSD,SL_HIT,SELL,0.14912280701760947,1.8289473684210067,-0.2719298245613589,1.7346491228070064,2.4517543859649056,0.05,,4.559999999999945,2025-03-07 03:15:00
XAUUSD,SL_HIT,BUY,0.7264573991030842,0.4618834080718348,0.06053811659192368,0.3677130044843753,1.8946188340807633,0.0,5.0,4.460000000000036,2025-03-07 10:20:00
XAUUSD,SL_HIT,BUY,0.6370192307691854,1.9843749999999871,0.19831730769226005,1.6346153846153415,2.237980769230712,0.05,2.0,8.320000000000164,2025-03-07 16:50:00
XAUUSD,TP_HIT,SELL,0.678846153846216,0.28846153846154854,0.16538461538464566,0.1615384615384952,0.8730769230769466,0.0,4.0,5.199999999999818,2025-03-10 03:50:00
XAUUSD,SL_HIT,SELL,0.668275030156814,1.424607961399276,-0.17008443908327087,0.9879372738238951,1.1338962605549014,0.15,3.0,8.289999999999964,2025-03-10 10:30:00
XAUUSD,SL_HIT,BUY,0.3938906752411122,1.1993569131832365,-0.3665594855305638,1.0948553054661843,1.5659163987138003,0.1,,6.220000000000255,2025-03-10 16:55:00
XAUUSD,TP_HIT,BUY,0.9491525423729014,0.23841807909606202,0.054237288135595835,0.1740112994350259,0.9355932203389639,0.0,10.0,8.849999999999909,2025-03-11 03:20:00
XAUUSD,TP_HIT,BUY,0.5533980582524571,0.15672676837726815,-0.11234396671289061,0.0,0.9223300970873866,0.15,7.0,7.210000000000036,2025-03-11 10:30:00
XAUUSD,SL_HIT,BUY,0.5980392156862826,1.0476190476190688,0.07282913165265982,0.4593837535014368,1.1176470588235519,0.4,,7.139999999999873,2025-03-12 11:00:00
XAUUSD,TP_HIT,BUY,1.9054373522458419,0.607565011820367,0.27423167848696206,0.30969267139478485,3.182033096926709,0.0,2.0,4.230000000000018,2025-03-12 16:50:00
XAUUSD,SL_HIT,SELL,0.30591259640101653,1.0025706940873425,0.10796915167096076,0.791773778920223,0.7892030848328805,0.5,,3.890000000000328,2025-03-13 03:30:00
XAUUSD,TP_HIT,BUY,0.4363636363636155,0.16083916083917152,-0.10069930069933504,0.11608391608390443,1.2097902097902071,0.0,,7.150000000000091,2025-03-13 10:15:00
XAUUSD,TP_HIT,BUY,0.5050928699820547,0.3582983822648117,-0.13061713600957991,0.17016177351706163,1.4379868184541986,0.0,10.0,16.6899999999996,2025-03-13 16:45:00
XAUUSD,SL_HIT,BUY,0.12514484356893552,0.9183082271146992,0.0028968713788949316,0.1917728852838878,0.0,1.0,,17.26000000000022,2025-03-14 12:20:00
XAUUSD,SL_HIT,SELL,0.9036697247706283,0.8967889908257328,-0.48394495412845545,0.8050458715596596,3.0366972477063876,0.0,3.0,4.360000000000127,2025-03-14 17:00:00
XAUUSD,SL_HIT,BUY,0.05797101449281252,1.084541062801913,-0.2318840579710304,1.0700483091787374,1.5314009661836572,0.0,,4.139999999999873,2025-03-17 03:20:00
XAUUSD,SL_HIT,SELL,0.26923076923075084,2.625874125874085,-0.6713286713286668,2.4020979020979154,2.192307692307588,0.05,,2.8600000000001278,2025-03-17 10:15:00
XAUUSD,SL_HIT,SELL,0.5020161290322104,0.7016129032258049,-0.0766129032258279,0.5504032258064513,0.8931451612903747,0.6,3.0,4.960000000000036,2025-03-17 17:05:00
XAUUSD,TP_HIT,BUY,2.662499999999846,0.5416666666667219,0.5750000000000237,0.46666666666679296,0.9250000000000711,0.35,1.0,2.400000000000091,2025-03-18 03:15:00
XAUUSD,TP_HIT,BUY,2.0325814536342284,0.20300751879698992,0.4185463659148281,0.03258145363411435,1.854636591478821,0.0,1.0,3.9899999999997817,2025-03-18 10:15:00
XAUUSD,SL_HIT,SELL,0.16458333333342984,1.2625000000000604,-0.7854166666667075,0.964583333333411,2.2500000000001656,0.1,,4.799999999999727,2025-03-18 16:45:00
XAUUSD,SL_HIT,SELL,0.256532066508294,0.9239904988123133,-0.14726840855104167,0.7220902612826454,1.1068883610450866,0.0,,4.210000000000036,2025-03-19 03:15:00
XAUUSD,SL_HIT,SELL,0.838541666666642,0.4166666666666864,0.17057291666665308,0.1393229166666827,1.621093749999915,0.0,4.0,7.680000000000291,2025-03-19 10:35:00
XAUUSD,SL_HIT,SELL,0.11276595744685544,1.1723404255319099,-0.05744680851063665,1.0255319148935949,1.8702127659575114,0.1,,4.699999999999818,2025-03-19 16:50:00
XAUUSD,SL_HIT,BUY,0.07061068702296966,1.37404580152674,-0.131679389312993,1.3110687022901102,1.192748091603103,0.0,,5.239999999999782,2025-03-20 03:15:00
XAUUSD,SL_HIT,SELL,0.4447368421052562,1.4394736842104048,0.02368421052635295,1.3499999999998444,2.652631578947222,0.0,,3.800000000000182,2025-03-20 10:20:00
XAUUSD,SL_HIT,BUY,0.26218708827408665,0.450592885375522,-0.22266139657445633,0.27009222661400073,1.1212121212121957,0.0,,7.589999999999691,2025-03-20 16:45:00
XAUUSD,TP_HIT,SELL,0.1861003861004126,0.08648648648647927,0.0007722007722176386,0.0,0.10501930501931633,0.9,,12.949999999999818,2025-03-21 05:10:00
XAUUSD,TP_HIT,BUY,0.7097222222221499,0.4555555555555661,0.1902777777777554,0.201388888888856,1.583333333333223,0.45,2.0,7.200000000000273,2025-03-21 16:45:00
XAUUSD,TP_HIT,BUY,1.4783783783785198,0.7945945945946484,-0.04324324324320604,0.7270270270270776,1.1567567567567447,0.2,2.0,3.699999999999818,2025-03-24 10:30:00
XAUUSD,SL_HIT,SELL,0.24330357142855216,0.8381696428571638,0.02232142857140818,0.7008928571428766,1.9888392857142958,0.0,,8.960000000000036,2025-03-24 17:00:00
XAUUSD,TP_HIT,BUY,0.9875886524821605,0.5159574468085355,0.2907801418439322,0.3173758865247978,0.829787234042476,0.4,2.0,5.640000000000327,2025-03-25 10:20:00
XAUUSD,TP_HIT,SELL,1.222807017543766,0.6526315789473819,-0.10701754385966634,0.5701754385964639,1.828070175438442,0.2,3.0,5.700000000000273,2025-03-25 16:55:00
XAUUSD,TP_HIT,SELL,2.5175438596489736,0.10233918128652093,0.6608187134502091,0.020467836257224408,0.9181286549707035,0.7,1.0,3.4200000000000728,2025-03-26 10:15:00
XAUUSD,SL_HIT,SELL,0.16640986132518001,0.8289676425269392,-0.4298921417565574,0.5932203389830568,1.6486902927581868,0.0,,6.489999999999782,2025-03-26 17:00:00
XAUUSD,SL_HIT,BUY,0.4391304347827557,1.90434782608723,-0.15217391304345676,1.860869565217699,3.2739130434787365,0.0,,2.299999999999727,2025-03-27 03:20:00
XAUUSD,SL_HIT,SELL,0.07672634271104681,1.1074168797954187,-0.4936061381073933,1.007672634271151,0.9335038363171934,0.5,,3.9099999999998554,2025-03-27 10:40:00
XAUUSD,SL_HIT,BUY,0.06483516483518148,0.64945054945054,-0.09780219780218481,0.5516483516483552,2.7065934065934463,0.0,,9.099999999999907,2025-03-27 16:45:00
XAUUSD,TP_HIT,BUY,2.4298440979953853,0.18262806236082862,0.07795100222714713,0.12472160356345567,2.5657015590199053,0.0,2.0,4.4900000000002365,2025-03-28 03:30:00
XAUUSD,SL_HIT,SELL,0.8551980198019699,0.24381188118815253,0.2549504950495005,0.12623762376237513,1.471534653465344,0.0,2.0,8.079999999999927,2025-03-28 10:15:00
XAUUSD,TP_HIT,BUY,0.9286452947259951,0.3174767321613061,0.21096173733195908,0.18200620475696308,0.9462254395036662,0.4,4.0,9.669999999999618,2025-03-28 17:15:00
XAUUSD,SL_HIT,SELL,1.3704379562044149,1.363138686131346,0.22810218978102115,1.2864963503649094,1.1149635036496546,0.0,5.0,5.480000000000018,2025-03-31 03:25:00
XAUUSD,SL_HIT,BUY,0.364667747163691,1.0162074554294827,-0.44408427876826645,0.9708265802268575,2.1037277147487625,0.05,,6.170000000000073,2025-03-31 10:20:00
XAUUSD,SL_HIT,BUY,0.4527950310559009,0.27888198757765603,-0.02173913043477708,0.22546583850932483,1.1850931677018655,0.15,,16.09999999999991,2025-03-31 17:35:00
XAUUSD,SL_HIT,SELL,0.1677947987174923,0.21624510153188914,-0.03348770929818486,0.0,0.16957605985036464,0.65,,28.070000000000164,2025-04-01 19:20:00
XAUUSD,SL_HIT,BUY,0.3016695451928506,0.04893494530799737,-0.016119746689706498,0.0,0.1347150259067188,0.75,,17.36999999999989,2025-04-02 04:35:00
XAUUSD,TP_HIT,BUY,1.7895683453237259,0.35611510791367584,-0.1852517985611889,0.24999999999997954,0.8938848920863037,0.4,5.0,5.559999999999945,2025-04-02 10:20:00
XAUUSD,SL_HIT,SELL,0.2353407290015625,0.7559429477020366,0.14896988906494477,0.34469096671947624,0.5887480190174396,0.6,,12.620000000000346,2025-04-02 16:45:00
XAUUSD,TP_HIT,SELL,0.09198542805100082,0.6161202185792223,-0.030965391621121816,0.30919854280509795,0.8274134790528251,0.3,,21.96000000000004,2025-04-03 03:15:00
XAUUSD,SL_HIT,BUY,1.6984982672314093,0.2268001540238666,-0.10666153253754158,0.17751251443972382,1.3411628802464224,0.1,4.0,25.97000000000025,2025-04-03 16:45:00
XAUUSD,TP_HIT,SELL,1.2071663920922449,0.23393739703460645,0.24711696869851527,0.10214168039538706,1.8439044481054205,0.0,3.0,24.2800000000002,2025-04-04 17:00:00
XAUUSD,SL_HIT,BUY,1.0018854584020616,0.1956163092151809,0.14730143766203058,0.11595569172755218,0.9203393825123712,0.0,4.0,42.43000000000029,2025-04-07 04:15:00
XAUUSD,TP_HIT,BUY,1.5728770595690817,0.6742712294043409,0.07604562737641556,0.5564005069708996,1.1166032953105884,0.05,3.0,7.889999999999873,2025-04-08 03:20:00
XAUUSD,TP_HIT,SELL,1.3255813953489026,0.7112403100775534,-0.33139534883722566,0.6918604651163301,1.424418604651185,0.35,3.0,5.159999999999855,2025-04-08 10:20:00
XAUUSD,SL_HIT,SELL,0.15878679750220692,1.083853702051744,-0.3746654772524763,1.045495093666348,1.4620874219446762,0.2,,11.210000000000036,2025-04-08 16:45:00
XAUUSD,SL_HIT,SELL,0.07964601769912502,3.3504424778761983,-0.3946902654867384,3.196460176991258,1.050442477876162,0.15,,11.299999999999727,2025-04-09 04:00:00
XAUUSD,SL_HIT,BUY,0.17460317460318014,0.7498797498797581,0.09523809523809627,0.5988455988456131,1.692159692159709,0.0,,20.789999999999964,2025-04-09 17:15:00
XAUUSD,SL_HIT,BUY,1.3754469606674777,0.6162097735399465,0.4398092967818964,0.454112038140644,1.0548271752085867,0.0,1.0,8.389999999999873,2025-04-10 03:15:00
XAUUSD,SL_HIT,BUY,0.1126279863480956,2.7576791808872874,-0.9675767918088651,2.7252559726961523,1.6689419795221045,0.15,,5.860000000000127,2025-04-10 10:20:00
XAUUSD,SL_HIT,SELL,0.049875311720709706,2.3647132169576013,-1.117206982543648,2.2063591022443862,1.0635910224438894,0.05,,16.039999999999964,2025-04-10 16:55:00
XAUUSD,TP_HIT,BUY,4.6084828711255295,0.394779771615013,1.2642740619901895,0.2871125611745819,1.353996737357265,0.0,1.0,6.130000000000109,2025-04-11 03:15:00
XAUUSD,SL_HIT,BUY,0.6150121065375542,0.24697336561743333,0.1593220338983061,0.17142857142857265,0.9244552058111392,0.0,3.0,20.64999999999964,2025-04-11 11:05:00
XAUUSD,TP_HIT,BUY,0.5454545454545296,0.9671504965622741,-0.233766233766227,0.9610389610389796,1.0886172650878412,0.45,12.0,13.090000000000146,2025-04-14 16:45:00
XAUUSD,TP_HIT,BUY,1.342026078234742,0.34002006018053565,0.2688064192578079,0.32597793380141077,2.4052156469408725,0.0,1.0,9.9699999999998,2025-04-16 03:25:00
XAUUSD,TP_HIT,BUY,2.261728395061774,1.3358024691358377,-0.1876543209876542,1.1580246913580512,1.3864197530864375,0.0,3.0,8.099999999999909,2025-04-16 10:45:00
XAUUSD,TP_HIT,BUY,0.7428571428571449,0.3737451737451551,0.13281853281855435,0.11505791505789982,0.7413127413127447,0.45,1.0,12.949999999999818,2025-04-16 16:50:00
XAUUSD,SL_HIT,SELL,1.7102564102564888,1.7205128205128901,-0.4807692307692476,1.6128205128206181,1.251282051282123,0.0,10.0,7.799999999999727,2025-04-17 03:40:00
XAUUSD,SL_HIT,SELL,0.34559452523523904,0.5859709153122221,0.04533789563731373,0.4183062446535371,1.46792130025661,0.0,,11.690000000000056,2025-04-17 10:15:00
XAUUSD,TP_HIT,SELL,2.400706713780889,0.40706713780920006,0.212014134275617,0.23957597173147033,1.554063604240289,0.0,2.0,14.150000000000093,2025-04-17 16:50:00
XAUUSD,TP_HIT,BUY,1.579697239536973,0.3000890471950032,0.19501335707925654,0.07123775601070174,1.2163846838824832,0.0,2.0,11.230000000000018,2025-04-21 03:30:00
XAUUSD,SL_HIT,BUY,0.10964912280701886,2.9868421052631695,-0.21710526315784948,2.8574561403509553,3.3179824561404145,0.0,,4.559999999999945,2025-04-21 10:20:00
XAUUSD,TP_HIT,BUY,0.4675788221296938,0.6478286734086799,0.12790005948840558,0.5342058298631795,1.3271861986912563,0.15,,16.809999999999945,2025-04-21 16:45:00
XAUUSD,SL_HIT,BUY,0.7605407882676478,0.07263978001833368,0.10242896425297464,0.0,0.30957836846930015,0.7,10.0,43.63999999999987,2025-04-22 05:25:00
XAUUSD,TP_HIT,SELL,0.6402603231597797,0.30789946140036517,0.06597845601436396,0.07069120287253354,0.6227558348294442,0.0,4.0,44.559999999999945,2025-04-22 19:15:00
XAUUSD,SL_HIT,BUY,0.1324736225088057,0.7467760844079615,-0.25322391559203855,0.42203985932003757,1.2245017584994102,0.45,,17.059999999999945,2025-04-23 10:40:00
XAUUSD,SL_HIT,SELL,0.7660841938046102,0.6679904686259043,0.147736298649715,0.6068308181096226,2.0861795075456926,0.0,3.0,25.17999999999984,2025-04-23 16:45:00
XAUUSD,TP_HIT,BUY,3.566228513650196,0.391304347826081,0.11425682507584668,0.20424671385237692,1.3811931243680515,0.0,2.0,9.889999999999873,2025-04-24 03:15:00
XAUUSD,SL_HIT,SELL,0.033749999999997726,0.7950000000000159,-0.35250000000002046,0.758749999999992,0.9637499999999761,0.45,,16.0,2025-04-24 10:35:00
XAUUSD,SL_HIT,SELL,0.5019988577955761,0.8366647629925662,0.06396344945747348,0.8103940605368501,1.6082238720731405,0.0,4.0,17.509999999999764,2025-04-24 16:45:00
XAUUSD,SL_HIT,BUY,0.3201680672268837,0.9277310924370027,-0.057983193277315055,0.832773109243717,0.9226890756302465,0.45,,11.900000000000093,2025-04-25 03:15:00
XAUUSD,SL_HIT,BUY,0.11397423191279744,2.0664023785927204,-0.3022794846382379,1.742319127849402,2.2695738354807524,0.05,,10.08999999999969,2025-04-25 10:15:00
XAUUSD,TP_HIT,BUY,0.2972651605231838,0.3894173602853816,-0.037455410225927646,0.26813317479189774,0.8787158145065161,0.7,,16.820000000000164,2025-04-25 16:45:00
XAUUSD,SL_HIT,BUY,0.14955537590945234,2.819725141471335,0.00727566693614764,2.776071139854523,1.1996766370250829,0.0,,12.36999999999989,2025-04-28 03:50:00
XAUUSD,SL_HIT,BUY,0.25976230899829317,0.6612903225806308,0.01782682512733725,0.5636672325976027,0.9023769100169718,0.4,,11.7800000000002,2025-04-28 10:35:00
XAUUSD,SL_HIT,SELL,0.1892346509671941,3.691337258200094,-0.1345668629100353,3.6240538267450764,1.0235492010092293,0.0,,11.890000000000327,2025-04-28 16:45:00
XAUUSD,SL_HIT,SELL,1.299674267100911,0.49185667752440076,-0.17915309446259042,0.2687296416937375,1.5537459283386734,0.0,5.0,6.140000000000327,2025-04-29 03:25:00
XAUUSD,SL_HIT,BUY,0.36992316136119285,0.7760702524698093,0.14050493962681077,0.4972557628979043,0.9374313940724776,0.25,,9.109999999999673,2025-04-29 10:45:00
XAUUSD,SL_HIT,SELL,0.08526740665994346,0.8229061553985966,-0.24318869828454995,0.3375378405650935,0.5146316851664968,0.4,,19.81999999999971,2025-04-29 16:45:00
XAUUSD,TP_HIT,SELL,0.6678023850085427,0.5442930153321969,0.17461669505964394,0.5383304940375027,0.9940374787053058,0.5,5.0,11.739999999999782,2025-04-30 03:35:00
XAUUSD,SL_HIT,SELL,0.5207070707070631,0.0989898989898999,0.16666666666665134,0.0,0.5757575757575749,0.05,12.0,19.800000000000185,2025-04-30 11:15:00
XAUUSD,TP_HIT,SELL,0.10246913580248002,0.7909465020576139,-0.13580246913579277,0.43662551440330233,0.6456790123456885,0.25,,24.299999999999727,2025-04-30 17:30:00
XAUUSD,TP_HIT,SELL,1.3504074505238315,0.15133876600700347,0.5779976717112729,0.0,0.8946449359720655,0.1,1.0,17.18000000000029,2025-05-01 03:25:00
XAUUSD,TP_HIT,SELL,0.024952015355107146,0.8579654510556615,-0.49232245681382664,0.6938579654510526,1.4443378119001558,0.0,,10.420000000000073,2025-05-01 10:15:00
XAUUSD,SL_HIT,SELL,0.3419913419913231,0.8903318903318926,0.09307359307358959,0.7914862914863026,0.9011544011544099,0.0,,13.860000000000127,2025-05-01 17:15:00
XAUUSD,SL_HIT,BUY,0.08042488619123292,2.4597875569044527,-0.06676783004546592,2.062215477997015,1.0606980273141289,0.0,,6.589999999999691,2025-05-02 03:20:00
XAUUSD,TP_HIT,BUY,1.6981132075473215,0.3231132075471607,1.3891509433963751,0.3136792452830179,2.2334905660378035,0.2,1.0,4.239999999999782,2025-05-02 10:25:00
XAUUSD,SL_HIT,SELL,0.4051654560129163,1.2776432606941155,-0.2655367231638416,1.1880548829701332,1.2574656981436714,0.15,,12.389999999999873,2025-05-02 16:50:00
XAUUSD,SL_HIT,SELL,0.1712887438825842,4.647634584013277,-0.8123980424144044,4.347471451876279,1.3083197389886516,0.3,,6.129999999999654,2025-05-05 03:40:00
XAUUSD,TP_HIT,BUY,0.7151051625239433,0.6826003824091198,-0.3881453154875217,0.6347992351815865,1.8413001912045164,0.05,6.0,5.230000000000018,2025-05-05 10:15:00
XAUUSD,SL_HIT,BUY,0.9434832756631797,1.3206459054210122,-0.5190311418685077,1.1384083044983002,1.008073817762418,0.3,,8.670000000000073,2025-05-05 17:05:00
XAUUSD,SL_HIT,SELL,0.9618181818181752,6.5309090909091045,0.46727272727275704,5.9345454545454315,0.5454545454545454,0.4,1.0,5.5,2025-05-06 03:15:00
XAUUSD,TP_HIT,BUY,0.950873362445434,0.819868995633175,0.004366812227070333,0.40720524017468096,2.2237991266376276,0.0,4.0,9.159999999999854,2025-05-06 10:20:00
XAUUSD,SL_HIT,BUY,0.06827731092437943,2.0178571428571503,-0.3497899159663796,1.9957983193277349,2.508403361344554,0.0,,9.519999999999982,2025-05-06 16:45:00
XAUUSD,SL_HIT,SELL,1.876683203401827,0.5464209780297637,0.11410347271439496,0.25372076541459215,0.9199149539333735,0.2,3.0,14.110000000000127,2025-05-07 03:15:00
XAUUSD,SL_HIT,BUY,0.16297558205565785,0.1953435547984142,0.05792163543441156,0.0,0.029528676888130878,1.0,,35.2199999999998,2025-05-08 04:55:00
XAUUSD,SL_HIT,BUY,0.3107784431137434,0.46766467065869893,0.19221556886224725,0.19041916167666104,1.1425149700598571,0.3,,16.700000000000273,2025-05-08 10:30:00
XAUUSD,TP_HIT,SELL,0.6765693619219846,0.08163265306122064,0.09894084215965843,0.0,0.07310772410229718,0.9,3.0,38.71000000000004,2025-05-08 18:55:00
XAUUSD,TP_HIT,SELL,0.4924647544968469,0.32936315021875956,0.12688381137579657,0.10695187165775655,0.871657754010701,0.0,,41.13999999999987,2025-05-12 10:20:00
XAUUSD,SL_HIT,SELL,0.07574031890660202,0.1910592255125301,-0.12414578587699718,0.0,0.30324601366741655,0.65,,35.11999999999989,2025-05-15 05:45:00
XAUUSD,TP_HIT,BUY,1.328618063112074,0.872687704026108,0.516866158868332,0.6833514689880481,1.8171926006529022,0.0,1.0,9.190000000000056,2025-05-15 17:05:00
XAUUSD,SL_HIT,SELL,1.197452229299433,1.2303609341826074,-0.09341825902332167,1.1571125265392865,1.9777070063694702,0.0,9.0,9.419999999999618,2025-05-16 03:30:00
XAUUSD,TP_HIT,SELL,1.2492462311557282,0.7135678391959512,-0.04422110552764246,0.535678391959777,2.148743718592917,0.0,11.0,9.950000000000273,2025-05-16 10:15:00
XAUUSD,SL_HIT,SELL,0.20047031158141693,0.7313345091123002,-0.2433862433862393,0.6960611405056032,1.0728982951205324,0.0,,17.009999999999764,2025-05-16 17:40:00
XAUUSD,SL_HIT,BUY,0.04701986754967157,1.7211920529801286,-0.15364238410594194,1.6761589403973576,1.4099337748344434,0.0,,15.099999999999907,2025-05-19 03:30:00
XAUUSD,TP_HIT,BUY,0.9450980392157335,0.6862745098039542,0.06274509803922104,0.5725490196078846,1.74117647058828,0.0,7.0,7.649999999999636,2025-05-19 10:35:00
XAUUSD,SL_HIT,SELL,0.5493096646942336,1.2919132149901322,0.45266272189344603,1.1252465483234655,1.818540433924996,0.0,1.0,10.140000000000327,2025-05-19 17:00:00
XAUUSD,SL_HIT,SELL,0.9329388560157525,2.262327416173547,0.13609467455621937,1.9881656804733838,1.3905325443786891,0.0,3.0,5.070000000000164,2025-05-20 03:15:00
XAUUSD,TP_HIT,BUY,1.5130057803468417,0.4869942196531583,0.16040462427747337,0.20664739884390482,0.7196531791907466,0.35,3.0,6.920000000000073,2025-05-20 10:20:00
XAUUSD,TP_HIT,BUY,3.3942652329749645,0.5609318996415632,0.008064516129045402,0.34498207885304294,1.123655913978506,0.25,2.0,11.159999999999854,2025-05-20 16:45:00
XAUUSD,SL_HIT,BUY,1.381886087768453,1.3183940242763625,0.3622782446311948,1.0,0.7170868347338758,0.1,6.0,10.710000000000036,2025-05-21 03:30:00
XAUUSD,SL_HIT,SELL,0.6220145379023586,0.555555555555587,-0.2917964693666011,0.4164070612668923,0.9719626168224321,0.1,11.0,9.63000000000011,2025-05-21 10:15:00
XAUUSD,TP_HIT,BUY,2.598412698412866,0.9476190476190569,0.06984126984128153,0.9111111111111159,1.4142857142857523,0.0,1.0,6.299999999999727,2025-05-22 04:00:00
XAUUSD,SL_HIT,BUY,0.1605136436597106,1.4125200642054097,-0.0626003210272667,0.9935794542536174,0.8025682182985531,0.7,,6.230000000000018,2025-05-22 10:20:00
XAUUSD,TP_HIT,SELL,2.1971698113206757,0.626415094339632,0.604716981132041,0.3424528301886778,0.9481132075471115,0.2,1.0,10.600000000000364,2025-05-22 16:45:00
XAUUSD,SL_HIT,BUY,0.6487647690655209,1.6928034371643244,0.1965628356605734,1.4962406015037508,0.8034371643394268,0.1,3.0,9.309999999999944,2025-05-23 03:15:00
XAUUSD,SL_HIT,BUY,0.10014513788099672,1.599419448476079,-0.3120464441219348,1.4818577648766655,1.2133526850508392,0.0,,6.889999999999873,2025-05-23 10:45:00
XAUUSD,SL_HIT,BUY,0.47702265372166736,0.5631067961165126,-0.06472491909384999,0.5456310679611742,1.0252427184465933,0.4,,15.450000000000273,2025-05-23 17:15:00
XAUUSD,SL_HIT,SELL,0.08980582524272783,0.9595469255663435,-0.11812297734628005,0.8228155339805799,1.2249190938511099,0.0,,12.360000000000127,2025-05-26 03:40:00
XAUUSD,SL_HIT,SELL,0.10409556313995928,1.163822525597285,-0.4880546075085038,0.9368600682594007,2.740614334471134,0.0,,5.859999999999673,2025-05-26 10:15:00
XAUUSD,TP_HIT,SELL,1.4701754385965573,0.6140350877193178,-0.2368421052631495,0.5350877192982946,0.9614035087719637,0.0,6.0,5.699999999999818,2025-05-27 03:35:00
XAUUSD,SL_HIT,SELL,0.06868577609518471,0.8907517577068708,-0.13358572201191035,0.39102217414818413,1.365062195781474,0.0,,18.49000000000024,2025-05-27 10:50:00
XAUUSD,SL_HIT,BUY,1.541501976284499,3.407114624505796,0.07905138339913134,3.3596837944661373,5.359683794465957,0.0,2.0,2.5300000000002,2025-05-28 03:20:00
XAUUSD,SL_HIT,BUY,0.6176470588235583,0.7068627450980108,0.21862745098039785,0.3,1.463725490196133,0.0,6.0,10.199999999999818,2025-05-28 10:40:00
XAUUSD,TP_HIT,SELL,0.17430555555557511,0.29097222222223335,-0.011805555555560907,0.10972222222225152,0.7868055555556019,0.0,,14.399999999999636,2025-05-28 18:25:00
XAUUSD,SL_HIT,BUY,0.20692974013475623,2.0577478344562437,0.11260827718961378,1.842155919153042,1.379210779595775,0.25,,10.389999999999873,2025-05-29 03:40:00
XAUUSD,TP_HIT,BUY,1.531884057971119,0.29710144927533844,0.3724637681159854,0.23333333333329817,1.7681159420290524,0.0,2.0,6.899999999999636,2025-05-29 10:15:00
XAUUSD,SL_HIT,SELL,0.5541516245487286,0.6001805054151746,-0.13898916967508787,0.478339350180525,0.8781588447653503,0.25,3.0,11.079999999999927,2025-05-29 17:25:00
XAUUSD,SL_HIT,SELL,0.7031539888682844,1.7179962894248575,0.0037105751391432805,1.7012987012986707,0.9833024118738131,0.0,3.0,5.389999999999873,2025-05-30 03:20:00
XAUUSD,SL_HIT,SELL,1.2122186495176734,0.32234726688100845,0.46945337620579736,0.21945337620578825,1.6125401929260332,0.0,1.0,12.440000000000056,2025-05-30 16:45:00
XAUUSD,SL_HIT,SELL,0.4054054054053556,0.8820638820638823,-0.09090909090911631,0.4692874692874705,0.8071253071252947,0.0,,8.140000000000327,2025-06-02 03:35:00
XAUUSD,TP_HIT,BUY,0.20138888888889814,0.42515432098767,0.00771604938270901,0.1489197530864418,2.6520061728394904,0.0,,12.960000000000036,2025-06-02 10:15:00
XAUUSD,TP_HIT,SELL,1.4640394088669495,0.3467980295566453,-0.16551724137933752,0.14975369458127763,1.1615763546797888,0.0,9.0,10.150000000000093,2025-06-03 03:15:00
XAUUSD,SL_HIT,BUY,0.3008474576271468,0.2425847457627183,-0.012711864406768638,0.16101694915254727,1.0572033898305553,0.1,,9.4399999999996,2025-06-03 11:00:00
XAUUSD,SL_HIT,SELL,0.7202380952381221,0.5244708994708924,0.05357142857142535,0.18849206349205883,0.9232804232804324,0.0,3.0,15.11999999999989,2025-06-03 16:45:00
XAUUSD,SL_HIT,SELL,0.6018957345971438,2.2535545023696515,0.16350710900469734,2.227488151658721,1.1552132701421727,0.0,2.0,8.440000000000055,2025-06-04 03:50:00
XAUUSD,SL_HIT,BUY,0.21012658227851774,1.4962025316455156,-0.26835443037972995,1.4012658227847572,1.7759493670885549,0.0,,7.900000000000091,2025-06-04 10:30:00
XAUUSD,TP_HIT,BUY,1.5222641509434016,0.6075471698113345,0.17283018867924255,0.21433962264152043,1.1230188679245365,0.1,5.0,13.25,2025-06-04 17:05:00
XAUUSD,TP_HIT,SELL,0.7672226250906421,0.6301667875271992,-0.12835387962291417,0.3850616388687425,1.6040609137055801,0.05,9.0,13.789999999999964,2025-06-05 17:00:00
XAUUSD,TP_HIT,SELL,2.0468750000001363,2.7773437500001092,1.253906250000041,2.7460937500001372,0.968750000000028,0.5,1.0,2.559999999999945,2025-06-06 03:40:00
XAUUSD,SL_HIT,SELL,0.5,1.8854838709678061,0.009677419354830193,1.7451612903226583,1.6354838709677695,0.0,1.0,6.199999999999818,2025-06-06 10:45:00
XAUUSD,TP_HIT,SELL,2.1744855967078083,0.41234567901232305,0.12427983539096352,0.22222222222220556,1.5349794238683085,0.0,1.0,12.150000000000093,2025-06-06 16:55:00
XAUUSD,SL_HIT,SELL,0.7341337907375688,0.4253859348199055,-0.05746140651801725,0.0789022298456333,0.6535162950257278,0.0,6.0,11.659999999999854,2025-06-09 03:15:00
XAUUSD,SL_HIT,BUY,0.08201892744479608,0.9747634069400848,-0.36119873817035886,0.5788643533123425,2.039432176656297,0.0,,6.339999999999691,2025-06-09 10:20:00
XAUUSD,TP_HIT,BUY,0.8453488372092645,0.3941860465116493,-0.015116279069779493,0.2046511627907144,0.8313953488371847,0.3,3.0,8.600000000000364,2025-06-09 16:50:00
XAUUSD,TP_HIT,SELL,1.882768361581809,0.42090395480223974,0.13276836158192146,0.36723163841804646,1.103107344632701,0.0,2.0,7.080000000000382,2025-06-10 03:30:00
XAUUSD,SL_HIT,SELL,0.12396694214873781,2.107438016528919,-0.6590909090909005,1.9462809917354937,1.2128099173553128,0.45,,4.8400000000001455,2025-06-10 10:20:00
XAUUSD,TP_HIT,SELL,1.7084309133489173,0.5245901639344306,0.46487119437936963,0.13231850117092028,0.7646370023418938,0.6,1.0,8.539999999999964,2025-06-10 17:00:00
XAUUSD,TP_HIT,BUY,0.7921259842519397,0.494488188976365,0.011023622047270034,0.322834645669253,2.333858267716523,0.0,5.0,6.349999999999909,2025-06-11 03:15:00
XAUUSD,SL_HIT,BUY,0.268827454718801,0.3040991420400063,-0.007626310772157188,0.0,0.5710200190658113,0.35,,10.489999999999782,2025-06-11 10:55:00
XAUUSD,SL_HIT,SELL,0.6827195467422381,1.232294617563723,-0.229461756373924,1.1770538243626076,3.929178470254957,0.05,2.0,7.059999999999945,2025-06-11 16:45:00
XAUUSD,TP_HIT,BUY,1.844054580896654,0.9415204678362231,-0.13060428849903674,0.9044834307991763,1.8460038986353993,0.2,4.0,5.130000000000109,2025-06-12 03:25:00
XAUUSD,TP_HIT,SELL,6.2051282051285686,0.7041420118343026,-0.19526627218931727,0.6429980276134025,1.0414201183432048,0.15,3.0,5.069999999999709,2025-06-12 10:15:00
XAUUSD,SL_HIT,SELL,0.11378205128205833,0.5448717948717909,-0.190705128205139,0.5058760683760631,0.962606837606847,0.0,,18.7199999999998,2025-06-12 18:10:00
XAUUSD,SL_HIT,BUY,0.7461398728428632,0.46276112624886745,0.07266121707538194,0.38328792007266393,1.3864668483197193,0.0,9.0,22.019999999999985,2025-06-13 03:25:00
XAUUSD,TP_HIT,SELL,0.1868357901953995,0.38292766540966894,-0.19540623928693188,0.0,0.5018854988001314,0.05,,29.170000000000076,2025-06-16 16:55:00
XAUUSD,SL_HIT,BUY,0.49146110056924613,0.5028462998102656,-0.023719165085389075,0.3899430740038085,0.939278937381416,0.2,,10.539999999999964,2025-06-24 10:30:00
XAUUSD,SL_HIT,BUY,0.05821410952145225,0.22397631968426082,-0.03009373458313408,0.10656142081893714,0.741983226443018,0.0,,20.269999999999985,2025-06-24 18:35:00
XAUUSD,TP_HIT,SELL,0.4890173410404594,0.3826589595375619,0.27052023121383423,0.3549132947976505,1.6184971098265726,0.0,,8.650000000000091,2025-06-27 10:15:00
XAUUSD,SL_HIT,BUY,0.5694939415537896,0.4454739843193094,0.2786885245901496,0.12045616535994515,0.6749821810406358,0.6,4.0,14.0300000000002,2025-06-27 16:45:00
XAUUSD,SL_HIT,BUY,0.6086235489220941,1.598673300165884,-0.1160862354891953,1.4394693200663686,1.7529021558872562,0.3,12.0,6.029999999999745,2025-06-30 03:15:00
XAUUSD,SL_HIT,BUY,0.1322645290580808,1.080160320641297,-0.18837675350701605,0.9579158316633214,1.8476953907814355,0.0,,4.9900000000002365,2025-06-30 10:20:00
XAUUSD,TP_HIT,BUY,0.6604316546762972,0.8115107913669094,0.13093525179854365,0.6273381294963721,0.8158273381294628,0.45,4.0,6.949999999999818,2025-06-30 16:45:00
XAUUSD,TP_HIT,BUY,1.298947368421068,0.35789473684206696,0.26947368421056844,0.033684210526285153,0.9621052631578335,0.0,2.0,4.75,2025-07-01 03:55:00
XAUUSD,TP_HIT,BUY,0.6946107784431798,0.5913173652694483,-0.24850299401196035,0.5583832335329505,1.8143712574850581,0.0,9.0,6.679999999999836,2025-07-01 10:15:00
XAUUSD,SL_HIT,BUY,0.5778985507246495,1.3623188405797113,0.13949275362318558,1.2355072463768453,1.0724637681159588,0.5,2.0,5.519999999999982,2025-07-01 16:55:00
XAUUSD,SL_HIT,SELL,0.527168732125798,0.2726406101048678,-0.07244995233557686,0.22688274547188328,0.9542421353670155,0.0,8.0,10.490000000000236,2025-07-02 04:20:00
XAUUSD,SL_HIT,SELL,0.4227941176470998,0.8247549019608013,0.1017156862745027,0.5747549019608013,1.4387254901960773,0.05,,8.159999999999854,2025-07-02 16:45:00
XAUUSD,SL_HIT,SELL,0.41836734693874583,0.4165120593692164,0.20964749536175525,0.13172541743970745,0.715213358070491,0.45,,10.7800000000002,2025-07-03 17:15:00
XAUUSD,SL_HIT,SELL,0.565909090909133,0.17727272727266574,0.1113636363636878,0.08863636363633287,0.9590909090908438,0.25,8.0,4.400000000000091,2025-07-04 17:00:00
XAUUSD,TP_HIT,SELL,2.158620689655185,0.7379310344827461,-0.034482758620689655,0.6262068965517191,1.5668965517240927,0.0,7.0,7.25,2025-07-07 03:30:00
XAUUSD,SL_HIT,SELL,0.3752735229758986,0.9256017505470168,0.2177242888402309,0.7286652078774197,1.0065645514222634,0.0,,9.140000000000327,2025-07-07 10:45:00
XAUUSD,TP_HIT,BUY,0.49405940594062203,0.29999999999997756,-0.20891089108912345,0.0,1.1425742574257494,0.05,,10.099999999999907,2025-07-07 16:55:00
XAUUSD,SL_HIT,SELL,0.5923566878980768,0.6581740976645192,-0.0573248407643269,0.5371549893842306,1.7834394904457689,0.0,9.0,4.710000000000036,2025-07-08 03:20:00
XAUUSD,TP_HIT,SELL,2.385487528344745,0.4104308390022687,0.44897959183675357,0.2471655328798597,0.8367346938775908,0.7,1.0,4.409999999999855,2025-07-08 10:20:00
XAUUSD,TP_HIT,SELL,2.0123339658442827,0.5901328273244789,0.041745730550245004,0.12998102466791617,0.8311195445919749,0.0,3.0,10.540000000000418,2025-07-08 16:45:00
XAUUSD,TP_HIT,SELL,1.2655654383735926,0.4434561626429841,-0.3189326556544159,0.19822109275735983,0.7433290978399549,0.0,11.0,7.869999999999891,2025-07-09 04:45:00
XAUUSD,SL_HIT,SELL,0.3931297709924013,0.5534351145038283,0.007633587786252918,0.024173027989829832,0.7569974554707463,0.2,,7.859999999999673,2025-07-09 11:25:00
XAUUSD,TP_HIT,BUY,0.8907407407407156,0.45925925925925487,-0.23055555555553145,0.10740740740739213,1.0101851851851547,0.0,5.0,10.800000000000182,2025-07-09 16:50:00
XAUUSD,SL_HIT,BUY,0.2299872935197491,0.4345616264294365,0.17916137229991472,0.0,0.3951715374840808,0.45,,7.869999999999891,2025-07-10 04:30:00
XAUUSD,SL_HIT,SELL,0.9853862212944239,0.3152400835072599,0.40083507306891175,0.18789144050106427,0.8726513569938044,0.55,2.0,4.789999999999964,2025-07-10 10:35:00
XAUUSD,SL_HIT,SELL,1.0706955530217044,0.23033067274800295,0.25769669327254535,0.030786773090077806,0.9372862029646314,0.25,2.0,8.769999999999982,2025-07-10 16:45:00
XAUUSD,TP_HIT,BUY,0.051260504201690975,0.8621848739495532,0.02773109243696846,0.1915966386554393,0.4840336134453545,0.1,,11.900000000000093,2025-07-11 03:35:00
XAUUSD,SL_HIT,BUY,0.8234106962663572,0.234106962663985,0.27951564076689156,0.07870837537842339,0.8960645812310628,0.05,6.0,9.91000000000031,2025-07-11 17:45:00
XAUUSD,SL_HIT,BUY,0.7299578059071442,1.829113924050557,0.17510548523204342,1.5569620253164012,0.727848101265844,0.45,2.0,4.7400000000002365,2025-07-14 03:20:00
XAUUSD,SL_HIT,BUY,0.044642857142844716,1.008928571428592,-0.1581632653061497,0.735969387755086,2.0982142857142234,0.0,,7.8400000000001455,2025-07-14 10:25:00
XAUUSD,TP_HIT,SELL,1.9703315881326227,0.6928446771378337,-0.4083769633507301,0.24781849912741155,1.3612565445026452,0.5,4.0,5.730000000000018,2025-07-14 17:00:00
XAUUSD,TP_HIT,BUY,1.129166666666853,0.4874999999999147,0.21250000000012317,0.43749999999995265,1.4208333333334882,0.0,6.0,2.399999999999636,2025-07-15 03:15:00
XAUUSD,SL_HIT,BUY,0.6166007905139089,1.1225296442687545,0.05731225296442031,0.7351778656126166,0.6126482213438621,0.5,5.0,5.059999999999945,2025-07-15 10:20:00
XAUUSD,SL_HIT,BUY,0.8719316969050339,0.4503735325506776,0.30416221985058084,0.27641408751331065,0.8260405549626331,0.75,7.0,9.36999999999989,2025-07-15 16:50:00
XAUUSD,SL_HIT,BUY,0.9050632911393225,0.9968354430380494,-0.07594936708854201,0.8575949367089117,1.7436708860759549,0.0,8.0,3.1599999999998545,2025-07-16 03:35:00
XAUUSD,SL_HIT,BUY,0.8961038961038404,1.3376623376624814,-0.07467532467533235,1.207792207792319,1.2694805194805023,0.4,11.0,3.0799999999999272,2025-07-16 10:15:00
XAUUSD,SL_HIT,SELL,0.4386298763082998,0.48049476688870557,0.09039010466221117,0.24072312083732225,1.3491912464319844,0.0,,10.509999999999764,2025-07-16 16:45:00
XAUUSD,TP_HIT,SELL,0.8756957328384997,0.3692022263451049,0.18181818181817413,0.14842300556588744,1.3005565862708335,0.0,4.0,5.390000000000327,2025-07-17 03:40:00
XAUUSD,TP_HIT,SELL,0.9855334538878158,0.5985533453887569,0.43580470162744434,0.3164556962025202,1.3471971066907782,0.25,5.0,5.5300000000002,2025-07-17 10:15:00
XAUUSD,TP_HIT,BUY,1.4745011086474733,0.3492239467849332,0.19623059866962145,0.10421286031042755,1.1796008869179484,0.05,2.0,9.019999999999982,2025-07-17 17:05:00
XAUUSD,SL_HIT,SELL,1.104545454545678,1.6818181818182383,0.10909090909102559,1.600000000000124,2.0409090909091603,0.0,2.0,2.199999999999818,2025-07-18 03:20:00
XAUUSD,TP_HIT,BUY,0.791744840525387,0.36960600375231273,-0.1332082551594833,0.12945590994372683,2.4465290806754485,0.0,4.0,5.329999999999927,2025-07-18 10:20:00
XAUUSD,SL_HIT,SELL,0.020057306590239587,0.862464183381084,-0.29512893982807165,0.7320916905443637,0.6962750716331891,0.0,,6.980000000000018,2025-07-18 19:10:00
XAUUSD,TP_HIT,BUY,0.03632887189293574,0.41300191204585984,-0.07361376673039953,0.0,0.2667304015296323,0.75,,10.460000000000036,2025-07-21 04:30:00
XAUUSD,SL_HIT,BUY,1.3650793650793966,0.6746031746031674,-0.2010582010582001,0.429894179894183,1.9656084656084967,0.0,6.0,7.559999999999945,2025-07-21 16:45:00
XAUUSD,SL_HIT,BUY,1.7812499999999705,1.0624999999999407,-0.1927083333332692,0.7760416666667604,1.3229166666665977,0.25,4.0,1.9200000000000728,2025-07-22 10:35:00
XAUUSD,SL_HIT,BUY,1.5419580419579224,2.386363636363546,-0.428321678321707,2.24125874125867,4.536713286713132,0.0,8.0,5.720000000000255,2025-07-22 16:45:00
XAUUSD,SL_HIT,BUY,0.10159924741297424,1.4797742238946243,-0.49858889934149836,1.1317027281279042,0.7271872060206476,0.0,,10.63000000000011,2025-07-23 03:20:00
XAUUSD,SL_HIT,BUY,0.10491803278686594,1.4819672131147703,-0.3786885245901606,1.4573770491803286,2.0393442622951214,0.0,,6.099999999999909,2025-07-23 10:15:00
XAUUSD,SL_HIT,BUY,0.7586206896552207,0.362068965517253,-0.020935960591086242,0.2450738916256482,0.8830049261083952,0.7,3.0,8.11999999999989,2025-07-23 16:50:00
XAUUSD,SL_HIT,SELL,1.2425742574257492,1.039603960396004,-0.2698019801979457,1.027227722772309,0.987623762376305,0.3,7.0,4.039999999999964,2025-07-24 03:30:00
XAUUSD,TP_HIT,SELL,1.0620567375885521,0.9556737588652509,0.5691489361701861,0.730496453900728,0.8758865248226538,0.05,1.0,5.640000000000327,2025-07-24 10:45:00
XAUUSD,SL_HIT,BUY,0.3740912095175026,0.43688037012558356,-0.19365499008590978,0.18638466622605046,1.093853271645741,0.0,,15.13000000000011,2025-07-24 16:45:00
XAUUSD,SL_HIT,BUY,0.12956810631226023,3.232558139535144,-0.30564784053160965,3.079734219269339,1.4784053156146737,0.1,,3.0099999999997635,2025-07-25 10:20:00
XAUUSD,TP_HIT,SELL,0.7199999999999919,0.35200000000000325,-0.17866666666668607,0.06488888888889051,0.7128888888888872,0.25,7.0,11.25,2025-07-25 17:15:00
XAUUSD,SL_HIT,SELL,0.016747301823588388,0.46259769259396677,-0.19464086341645104,0.0,0.49758094529216224,0.1,,26.86999999999989,2025-07-28 16:55:00
XAUUSD,SL_HIT,BUY,0.14674922600618437,0.40371517027863435,0.006811145510843759,0.0,0.45696594427245,0.35,,16.15000000000009,2025-07-29 11:20:00
XAUUSD,TP_HIT,SELL,1.4568527918781546,0.2271573604060836,-0.06598984771573282,0.11802030456850551,1.1472081218273906,0.0,3.0,7.880000000000109,2025-07-30 18:05:00
XAUUSD,TP_HIT,BUY,0.9701726844583204,0.6169544740973435,-0.3673469387755131,0.3814756671899779,1.331240188382976,0.0,10.0,6.370000000000346,2025-07-31 04:05:00
XAUUSD,SL_HIT,BUY,1.7698675496688938,0.463576158940355,0.3923841059602492,0.15562913907285766,0.6920529801325027,0.25,1.0,6.039999999999964,2025-07-31 10:40:00
XAUUSD,TP_HIT,SELL,1.73552425665088,0.36150234741788445,-0.06416275430364447,0.30829420970268445,1.2879499217526755,0.0,3.0,6.390000000000327,2025-07-31 16:45:00
XAUUSD,SL_HIT,BUY,1.4129692832762668,0.5802047781570321,1.0887372013650982,0.47440273037549124,0.972696245733816,0.55,1.0,2.930000000000291,2025-08-01 03:35:00
XAUUSD,SL_HIT,SELL,0.6051502145923285,0.6158798283261759,0.40343347639488575,0.3197424892703494,2.315450643776888,0.0,2.0,4.659999999999855,2025-08-01 10:30:00
XAUUSD,SL_HIT,SELL,0.25749559082892726,1.1728395061728405,-0.026455026455042156,1.1393298059964645,1.0855379188712335,0.45,,11.340000000000146,2025-08-01 16:50:00
XAUUSD,SL_HIT,SELL,1.0200617283950084,0.15277777777781384,0.12654320987649795,0.1111111111111501,0.9583333333333363,0.1,5.0,6.480000000000018,2025-08-04 03:15:00
XAUUSD,SL_HIT,SELL,1.2875264270613367,0.7822410147991129,0.41014799154335035,0.520084566596104,0.7653276955602277,0.55,2.0,4.730000000000018,2025-08-04 10:15:00
XAUUSD,SL_HIT,BUY,0.46526054590571037,0.9987593052108911,0.4429280397022566,0.5570719602977434,2.1116625310173815,0.0,,8.059999999999945,2025-08-04 16:45:00
XAUUSD,SL_HIT,BUY,0.872832369942182,0.5086705202311402,-0.21387283236987686,0.3699421965317144,1.4161849710981458,0.1,3.0,3.4600000000000364,2025-08-05 03:30:00
XAUUSD,SL_HIT,BUY,0.2568306010928432,0.38797814207651393,0.08743169398905169,0.045081967213103806,0.732240437158471,0.2,,7.320000000000164,2025-08-05 10:20:00
XAUUSD,SL_HIT,BUY,0.45093457943924437,0.5194704049844234,-0.1775700934579575,0.32087227414329006,1.3161993769470326,0.0,,12.840000000000146,2025-08-05 17:20:00
XAUUSD,SL_HIT,SELL,1.038775510204092,1.3857142857142526,-0.18367346938777027,1.1836734693876774,1.493877551020321,0.05,10.0,4.900000000000091,2025-08-06 10:25:00
XAUUSD,SL_HIT,BUY,0.7404891304348069,0.802989130434749,-0.16168478260870026,0.5516304347825918,1.457880434782586,0.0,7.0,7.360000000000127,2025-08-06 16:50:00
XAUUSD,TP_HIT,BUY,1.325539568345317,0.30035971223023183,-0.2176258992805842,0.2625899280575631,0.9622302158273313,0.3,3.0,5.559999999999945,2025-08-07 03:15:00
XAUUSD,TP_HIT,BUY,2.2167630057803445,2.9971098265895324,0.06358381502884324,2.618497109826546,4.849710982658967,0.0,2.0,3.4600000000000364,2025-08-07 10:15:00
XAUUSD,SL_HIT,SELL,1.5160256410255895,0.8749999999999727,0.1794871794871552,0.6987179487179427,1.2564102564102322,0.65,1.0,6.2400000000002365,2025-08-07 16:55:00
XAUUSD,SL_HIT,SELL,1.5869565217390786,0.704603580562673,0.39130434782607176,0.30179028132993324,1.161125319693061,0.05,4.0,7.820000000000164,2025-08-08 03:15:00
XAUUSD,SL_HIT,BUY,0.09219858156026996,0.9098277608916026,-0.16312056737590122,0.6149949341438937,1.1894630192502904,0.05,,9.86999999999989,2025-08-08 10:50:00
XAUUSD,SL_HIT,BUY,0.22966014418125744,1.8650875386199854,0.07518022657054742,1.6930998970133875,1.2214212152420272,0.15,,9.710000000000036,2025-08-08 16:50:00
XAUUSD,TP_HIT,SELL,3.4185185185187557,0.3555555555555088,0.2240740740740959,0.29444444444440704,1.911111111111186,0.0,2.0,5.399999999999636,2025-08-11 03:30:00
XAUUSD,SL_HIT,SELL,0.21982758620692416,1.0,0.15373563218393077,0.8893678160919573,2.199712643678142,0.0,,6.960000000000036,2025-08-11 10:45:00
XAUUSD,SL_HIT,BUY,0.23958333333335355,1.7821969696969948,0.0558712121212262,1.6041666666666803,1.3134469696969664,0.0,,10.559999999999944,2025-08-11 16:45:00
XAUUSD,SL_HIT,BUY,1.4422604422603573,0.33660933660929626,-0.1449631449631749,0.29975429975423856,2.1081081081080053,0.0,4.0,4.070000000000164,2025-08-12 03:15:00
XAUUSD,SL_HIT,BUY,1.6904315196998765,0.5403377110694463,0.7748592870544401,0.34146341463418173,1.0769230769230507,0.35,1.0,5.329999999999927,2025-08-12 10:25:00
XAUUSD,SL_HIT,SELL,0.23413897280967608,0.4526686807653539,0.1440080563947721,0.23313192346425904,0.9013091641490626,0.0,,19.859999999999676,2025-08-12 17:10:00
XAUUSD,SL_HIT,SELL,0.19133034379673985,0.7787742899850514,-0.3856502242152326,0.4678624813154086,0.893871449925257,0.0,,6.690000000000055,2025-08-13 03:20:00
XAUUSD,SL_HIT,BUY,0.11653543307090505,1.1622047244094111,-0.15905511811020126,1.0094488188976294,2.121259842519684,0.0,,6.349999999999909,2025-08-13 10:20:00
XAUUSD,SL_HIT,BUY,0.6218961625282324,0.45823927765235745,-0.01805869074490431,0.1422121896162241,0.9243792325055848,0.0,3.0,8.860000000000127,2025-08-13 16:50:00
XAUUSD,SL_HIT,BUY,0.8981191222570408,0.2789968652037171,0.42946708463952815,0.18808777429463913,1.777429467084632,0.0,2.0,6.380000000000109,2025-08-14 03:15:00
XAUUSD,TP_HIT,SELL,2.2970430107526907,0.5120967741935373,0.22715053763441428,0.13440860215053665,0.6223118279569994,0.65,2.0,7.440000000000055,2025-08-14 10:30:00
XAUUSD,TP_HIT,SELL,1.9238281250000233,0.7109374999999902,-0.18164062499997188,0.6406249999999639,2.3300781250000178,0.0,2.0,5.119999999999891,2025-08-14 16:55:00
XAUUSD,TP_HIT,BUY,0.7904509283819715,0.7665782493368399,0.06100795755968682,0.6870026525199359,0.9867374005305762,0.1,3.0,3.769999999999982,2025-08-15 03:35:00
XAUUSD,SL_HIT,BUY,1.0098522167488717,0.9655172413792292,0.27339901477836015,0.6477832512314506,0.6822660098522214,0.45,8.0,4.059999999999945,2025-08-15 10:15:00
XAUUSD,SL_HIT,SELL,0.17467948717951662,1.5400641025641768,-0.22596153846152303,1.3862179487180117,1.7532051282051984,0.0,,6.239999999999782,2025-08-15 16:50:00
XAUUSD,SL_HIT,BUY,0.6235955056179735,0.3043071161048736,0.20131086142323257,0.08052434456930155,1.0720973782771956,0.0,9.0,10.679999999999836,2025-08-18 03:15:00
XAUUSD,SL_HIT,BUY,0.059870550161794024,0.6917475728155416,-0.18689320388348882,0.6423948220064702,0.9506472491909287,0.0,,12.360000000000127,2025-08-19 03:15:00
XAUUSD,SL_HIT,SELL,0.7768595041322427,0.4690082644628141,0.24173553719010177,0.1518595041322603,0.7861570247934149,0.2,2.0,9.679999999999836,2025-08-19 17:35:00
XAUUSD,SL_HIT,BUY,0.09502262443440893,1.105203619909539,-0.2036199095022387,0.9796380090497916,1.0531674208145103,0.0,,8.83999999999969,2025-08-20 17:45:00
XAUUSD,TP_HIT,SELL,0.9771986970683516,0.42019543973937934,-0.009771986970748691,0.30618892508143464,2.2019543973940903,0.0,6.0,3.070000000000164,2025-08-21 03:20:00
XAUUSD,SL_HIT,BUY,0.47380952380949237,0.35476190476197644,0.10000000000002165,0.19523809523814267,1.0761904761905186,0.05,,4.199999999999818,2025-08-21 10:35:00
XAUUSD,SL_HIT,SELL,0.5934379457916868,1.0912981455063984,0.32667617689014156,0.46219686162620266,0.3708987161198043,0.8,,7.010000000000218,2025-08-21 16:45:00
XAUUSD,SL_HIT,SELL,0.26717557251919927,1.6679389312977377,-0.6641221374045245,1.4961832061069604,1.561068702290197,0.0,,2.619999999999891,2025-08-22 03:15:00
XAUUSD,SL_HIT,BUY,0.05119453924918066,1.5187713310580433,-0.24744027303752544,1.377133105802075,1.3788395904437507,0.0,,5.859999999999673,2025-08-22 10:15:00
XAUUSD,TP_HIT,BUY,1.5090814737934588,0.6652828230410054,0.3466528282304017,0.047742605085629136,0.7654385054488848,0.0,2.0,19.269999999999985,2025-08-22 17:00:00
XAUUSD,TP_HIT,BUY,0.07159177456207763,0.31911652703729704,-0.11424219345011725,0.0,0.367859862909372,0.75,,13.129999999999654,2025-08-26 19:00:00
XAUUSD,TP_HIT,BUY,0.12106299212598777,0.7283464566929327,-0.018700787401580442,0.31299212598424037,1.292322834645654,0.55,,10.159999999999854,2025-08-28 17:45:00
XAUUSD,TP_HIT,BUY,0.3973139339675407,0.16843872411864783,-0.13038612199216237,0.0,1.008953553441514,0.2,,17.86999999999989,2025-08-29 17:10:00
XAUUSD,TP_HIT,BUY,1.7919112850619123,0.168949771689503,0.09458577951727215,0.0,0.7012393998695193,0.25,3.0,15.330000000000382,2025-09-01 05:10:00
XAUUSD,SL_HIT,SELL,0.9180087847730671,0.7935578330893309,0.1098096632503672,0.7159590043924421,2.215226939970757,0.0,2.0,6.829999999999927,2025-09-01 10:15:00
XAUUSD,SL_HIT,SELL,0.19708029197091598,1.104622871046308,-0.25060827250604073,0.8759124087592823,1.4014598540147634,0.1,,4.109999999999673,2025-09-01 17:40:00
XAUUSD,SL_HIT,BUY,2.606617647059069,1.2647058823529707,-0.31433823529406385,1.1121323529412082,1.5790441176471182,0.0,8.0,5.4399999999996,2025-09-02 03:30:00
XAUUSD,TP_HIT,SELL,2.6546184738955323,0.47590361445780766,0.3674698795180563,0.3694779116465229,2.6526104417670657,0.05,1.0,4.980000000000018,2025-09-02 10:15:00
XAUUSD,TP_HIT,BUY,1.4605077574048149,0.2856135401974453,0.31875881523272453,0.06840620592382307,1.1304654442877242,0.0,4.0,14.179999999999836,2025-09-02 17:00:00
XAUUSD,SL_HIT,BUY,1.9295774647887594,0.5946791862285223,1.5399061032864385,0.05946791862286647,0.7449139280124975,0.05,1.0,6.389999999999873,2025-09-03 03:15:00
XAUUSD,SL_HIT,SELL,0.22477876106194006,1.6176991150441993,0.08495575221239124,1.1185840707963906,0.6619469026548179,0.5,,5.650000000000091,2025-09-03 10:15:00
XAUUSD,SL_HIT,BUY,0.0415854450942091,0.6738141650422337,-0.11435997400908239,0.4502923976608118,1.090318388563995,0.0,,15.389999999999873,2025-09-03 17:20:00
XAUUSD,SL_HIT,SELL,0.25132430841671116,0.3837551500882808,-0.2342554443790443,0.0,0.665685697469087,0.05,,16.990000000000236,2025-09-04 04:35:00
XAUUSD,SL_HIT,SELL,0.8167641325535995,0.3430799220273257,-0.19103313840155894,0.30994152046785806,2.074074074074005,0.05,9.0,5.130000000000109,2025-09-05 10:15:00
XAUUSD,SL_HIT,BUY,0.4328358208955312,1.1369240752758045,0.01881894873458575,0.7553536664503557,2.2939649578196133,0.0,,15.409999999999854,2025-09-05 16:45:00
XAUUSD,SL_HIT,BUY,0.8919925512103641,1.3594040968342107,0.35195530726252344,1.173184357541858,0.813780260707647,0.1,2.0,5.370000000000346,2025-09-08 03:50:00
XAUUSD,TP_HIT,BUY,0.44940978077570576,0.3153456998313825,-0.08684654300170228,0.03119730185496517,1.7790893760539361,0.0,,11.860000000000127,2025-09-08 10:15:00
XAUUSD,TP_HIT,BUY,0.3687405159332464,0.37860394537179803,-0.020485584218511772,0.24962063732928713,1.2898330804249023,0.0,,13.179999999999836,2025-09-08 16:45:00
XAUUSD,SL_HIT,SELL,0.6306729264475557,0.7751695357329196,-0.15805946791863265,0.266040688575894,0.8341158059467771,0.6,6.0,19.170000000000076,2025-09-09 17:05:00
XAUUSD,SL_HIT,SELL,0.1740812379110403,1.9555125725338462,-0.7698259187620816,1.9245647969052482,1.9729206963249766,0.55,,5.170000000000073,2025-09-22 10:20:00
XAUUSD,SL_HIT,SELL,0.04940530649587824,0.821591948764847,-0.5260750228728129,0.6578225068617939,0.8609332113448859,0.15,,10.930000000000293,2025-09-22 16:45:00
XAUUSD,SL_HIT,SELL,0.3456375838926825,4.013422818791934,-0.17114093959723503,3.832214765100672,0.8859060402684082,0.45,,2.980000000000018,2025-09-23 03:15:00
XAUUSD,TP_HIT,BUY,1.038461538461549,0.6336032388664119,0.18825910931179773,0.6194331983806409,0.9858299595142291,0.6,2.0,4.940000000000055,2025-09-23 10:20:00
XAUUSD,TP_HIT,SELL,1.1683884297521272,0.7386363636363386,0.05475206611572408,0.5878099173553875,0.8491735537190489,0.05,1.0,9.679999999999836,2025-09-23 16:45:00
XAUUSD,SL_HIT,BUY,1.065810593900458,1.6195826645265035,-0.1669341894060932,1.5987158908507235,0.9791332263242201,0.2,3.0,6.230000000000018,2025-09-24 03:55:00
XAUUSD,SL_HIT,BUY,0.610902255639079,1.1691729323308389,0.40037593984963227,1.1278195488721456,1.2387218045111819,0.05,2.0,5.320000000000164,2025-09-24 10:30:00
XAUUSD,TP_HIT,SELL,0.8269794721407201,0.6353861192570859,-0.16520039100684766,0.3333333333333185,1.151515151515169,0.0,9.0,10.230000000000018,2025-09-24 17:05:00
XAUUSD,SL_HIT,BUY,0.1336353340883178,1.1019252548131482,-0.06568516421290284,1.079275198188027,1.2457531143827962,0.0,,8.829999999999927,2025-09-25 03:15:00
XAUUSD,TP_HIT,BUY,3.4896265560164186,0.38381742738595453,0.5850622406638202,0.27178423236512467,1.649377593360902,0.25,1.0,4.820000000000164,2025-09-25 10:25:00
XAUUSD,SL_HIT,SELL,0.4447513812155182,1.5773480662983372,-0.13812154696133014,1.55110497237574,1.3149171270718603,0.2,,7.239999999999782,2025-09-26 03:25:00
XAUUSD,TP_HIT,BUY,1.2382550335569815,0.3506711409396196,0.32718120805365875,0.25000000000003814,0.8993288590604186,0.6,3.0,5.960000000000036,2025-09-26 10:25:00
XAUUSD,TP_HIT,BUY,2.2456140350878346,0.4582043343653027,0.7172342621259608,0.33849329205365125,1.4623323013416571,0.15,1.0,9.6899999999996,2025-09-26 16:55:00
XAUUSD,TP_HIT,BUY,1.2425876010781485,0.6370170709793419,0.21922731356693897,0.6046720575022418,0.9676549865228999,0.0,2.0,11.13000000000011,2025-09-29 03:20:00
XAUUSD,SL_HIT,SELL,0.5868131868131293,0.678021978021959,0.018681318681275958,0.33296703296699165,0.7010989010988851,0.15,4.0,9.100000000000364,2025-09-29 10:30:00
XAUUSD,TP_HIT,BUY,0.5060240963855367,0.6997991967871716,0.30120481927710735,0.6947791164658682,1.2048192771084294,0.0,11.0,9.960000000000036,2025-09-29 17:55:00
XAUUSD,SL_HIT,BUY,0.21885913853316064,0.33061699650757825,0.0005820721769361678,0.0,0.49185098952270834,0.4,,17.18000000000029,2025-09-30 04:35:00
XAUUSD,SL_HIT,SELL,0.7393378226711467,0.2648709315375973,0.20258136924802844,0.0,0.5311447811447717,0.45,9.0,35.64000000000033,2025-09-30 11:25:00
XAUUSD,SL_HIT,SELL,0.6580976863753288,0.9897172236503946,0.26992287917743346,0.6838046272493423,0.7275064267352236,0.7,1.0,3.8899999999998727,2025-10-01 03:25:00
XAUUSD,TP_HIT,BUY,2.5717299578059136,0.25316455696203444,-0.03481012658227074,0.11286919831225334,1.4567510548523122,0.0,4.0,9.480000000000018,2025-10-01 10:15:00
XAUUSD,SL_HIT,BUY,0.09090909090908163,2.4231200897866887,-0.023569023569026834,2.3243546576879144,1.487093153759769,0.0,,8.91000000000031,2025-10-01 17:30:00
XAUUSD,SL_HIT,SELL,0.703470031545731,1.2302839116719246,0.20347003154573093,1.203470031545731,1.4337539432176556,0.0,2.0,6.3400000000001455,2025-10-02 03:50:00
XAUUSD,SL_HIT,BUY,0.05708848715508055,1.1807802093244577,-0.38249286393909593,1.101807802093258,1.0770694576593651,0.05,,10.510000000000218,2025-10-02 10:15:00
XAUUSD,TP_HIT,SELL,2.5534132360604413,0.5096404377279924,0.04168837936423789,0.3418447107868644,0.8322042730588722,0.0,6.0,19.19000000000005,2025-10-02 16:45:00
XAUUSD,TP_HIT,SELL,1.6788830715532042,0.9808027923211742,-0.26003490401400203,0.9406631762653247,1.1221640488656668,0.1,8.0,5.730000000000018,2025-10-03 03:30:00
XAUUSD,SL_HIT,BUY,0.5735027223231296,0.468239564428319,0.06170598911073685,0.1814882032667954,1.809437386569914,0.0,9.0,5.509999999999764,2025-10-03 10:20:00
XAUUSD,SL_HIT,SELL,0.04205838693715524,0.7308263236021748,-0.354774863928751,0.4517565561602987,0.8555170707570475,0.3,,20.21000000000004,2025-10-03 17:10:00
XAUUSD,SL_HIT,SELL,0.09304603330066745,0.8246816846229229,-0.24387855044076667,0.7904015670911004,2.0107737512243022,0.2,,10.210000000000036,2025-10-06 03:20:00
XAUUSD,SL_HIT,SELL,0.13408723747987653,3.1631663974153783,-0.3796445880452441,2.751211631664184,0.6025848142165201,0.65,,6.1899999999996,2025-10-06 10:20:00
XAUUSD,TP_HIT,BUY,0.7180185084376773,0.28905824714207823,0.15459989112684608,0.25421883505716386,1.0081654872074084,0.0,6.0,18.36999999999989,2025-10-06 17:00:00
XAUUSD,SL_HIT,BUY,0.6075058639562161,0.44175136825642314,-0.06645817044565375,0.4128225175918499,1.0820953870211247,0.15,9.0,12.789999999999964,2025-10-07 17:30:00
XAUUSD,SL_HIT,BUY,0.3151041666666642,3.5494791666665604,0.10937500000001481,3.4114583333331803,2.6822916666664938,0.0,,3.8400000000001455,2025-10-08 03:20:00
XAUUSD,SL_HIT,BUY,0.12882096069867413,0.6724890829694271,-0.12991266375546653,0.6561135371178886,1.1375545851528643,0.0,,9.159999999999854,2025-10-08 11:20:00
XAUUSD,SL_HIT,BUY,0.5253576072821762,0.3966189856957,-0.10208062418723653,0.25422626788035285,0.8576072821846529,0.35,12.0,15.38000000000011,2025-10-08 17:00:00
XAUUSD,SL_HIT,BUY,0.5429899302865682,1.0441518202943219,0.4213787761425193,0.8326878388845657,1.3671572424476892,0.35,12.0,12.91000000000031,2025-10-09 03:15:00
XAUUSD,TP_HIT,BUY,0.8569832402234457,0.3675977653631132,0.19106145251396472,0.18324022346366733,1.1273743016759596,0.05,5.0,8.950000000000273,2025-10-09 11:10:00
XAUUSD,TP_HIT,SELL,0.7975334018499385,0.2517985611510756,0.1942446043165489,0.1274409044193146,0.9205207262761166,0.0,7.0,29.19000000000005,2025-10-09 16:45:00
XAUUSD,SL_HIT,BUY,0.2844827586206908,2.9066091954022863,0.047413793103437574,2.889367816091957,2.5718390804597697,0.0,,6.960000000000036,2025-10-10 03:35:00
XAUUSD,TP_HIT,BUY,1.047270955165682,0.27631578947368796,-0.05799220272904754,0.04970760233918044,0.7733918128654923,0.4,3.0,20.519999999999985,2025-10-10 10:50:00
XAUUSD,SL_HIT,BUY,0.21398154719660165,1.398864442867276,-0.18488289567069077,0.7345635202271091,0.9694819020582086,0.2,,28.17999999999984,2025-10-10 18:25:00
XAUUSD,TP_HIT,BUY,1.2181701855406162,0.5406269993602184,-0.06014075495841638,0.25335892514395447,0.7434420985284587,0.7,2.0,15.63000000000011,2025-10-13 03:25:00
XAUUSD,TP_HIT,BUY,0.5314685314684865,0.7734265734265916,0.12447552447550508,0.6909090909090898,1.8825174825174638,0.05,5.0,7.150000000000091,2025-10-13 10:20:00
XAUUSD,TP_HIT,BUY,0.5951008645533251,0.36095100864551327,-0.10878962536021265,0.1945244956772188,1.4157060518731943,0.0,12.0,13.88000000000011,2025-10-13 16:50:00
XAUUSD,TP_HIT,BUY,1.6332453825856115,0.7009674582233679,-0.14160070360602187,0.5426561125769251,1.4661389621810816,0.1,2.0,11.3700000000008,2025-10-14 04:00:00
XAUUSD,SL_HIT,BUY,1.0509656652360408,0.5772532188841217,0.017167381974233013,0.1421673819742757,1.2226394849785418,0.4,9.0,18.640000000000327,2025-10-14 10:15:00
XAUUSD,TP_HIT,BUY,0.291649356044842,0.3905276277524015,0.1578728707935224,0.31865392604901854,1.2895720814291303,0.0,,24.07000000000062,2025-10-14 17:05:00
XAUUSD,TP_HIT,BUY,0.3646778042959616,0.24200477326967798,-0.16085918854414896,0.0,0.7527446300715831,0.1,,20.949999999999815,2025-10-15 04:10:00
XAUUSD,SL_HIT,BUY,0.14860834990063157,0.7326043737574484,0.07554671968193066,0.26640159045728684,0.5337972166998385,0.15,,20.11999999999989,2025-10-16 03:30:00
XAUUSD,SL_HIT,BUY,0.31018078020933876,0.6374881065651454,-0.2549952426260928,0.5451950523310604,2.6850618458610533,0.0,,10.510000000000218,2025-10-16 10:15:00
XAUUSD,TP_HIT,BUY,0.712346477052317,0.42016806722688377,0.299288946347772,0.2870071105364917,2.001939237233338,0.0,12.0,15.470000000000256,2025-10-16 17:05:00
XAUUSD,SL_HIT,BUY,0.03368940016432638,7.2933442892358,-0.7526705012325225,7.2645850451930425,1.4716516023007187,0.1,,12.170000000000073,2025-10-17 03:50:00
XAUUSD,TP_HIT,SELL,1.516848364717504,0.7690782953419333,-0.21506442021804176,0.2695738354806502,0.8810703666996773,0.05,1.0,20.18000000000029,2025-10-17 10:15:00
XAUUSD,SL_HIT,SELL,0.27063461783034104,0.4608927890118357,0.010047055831107243,0.20195853999745755,0.777947348340328,0.0,,78.63000000000011,2025-10-17 17:00:00
XAUUSD,SL_HIT,SELL,0.40899898887766684,1.703741152679487,0.3003033367037248,1.6036400404448814,1.2305358948432532,0.15,,19.779999999999745,2025-10-20 16:55:00
XAUUSD,SL_HIT,BUY,0.1737536656891374,1.3878299120234485,-0.10703812316715552,0.9376832844574529,0.5498533724340045,0.35,,13.640000000000327,2025-10-21 03:20:00
XAUUSD,TP_HIT,SELL,6.176169590643127,0.30994152046788015,0.3428362573099049,0.25730994152049425,1.0211988304093536,0.55,2.0,13.680000000000293,2025-10-21 10:20:00
XAUUSD,TP_HIT,SELL,2.4818928054080156,0.6069531627233069,0.17745050700145704,0.4282955094157352,1.5292129406084025,0.0,7.0,41.42000000000007,2025-10-21 16:45:00
XAUUSD,SL_HIT,BUY,0.22660665689764134,0.366234038099225,0.12738120159095806,0.30625915846766133,0.9400251203684362,0.35,,95.53999999999952,2025-10-22 04:00:00
XAUUSD,TP_HIT,SELL,0.9812371738493015,0.13309879800644817,0.34681911462913756,0.0,0.9313984168865396,0.15,5.0,34.11000000000013,2025-10-27 17:10:00
XAUUSD,TP_HIT,SELL,1.370395177494952,0.28734092431345476,0.17012726054922397,0.10046885465505496,2.1466845277963533,0.0,2.0,14.930000000000293,2025-10-28 10:20:00
XAUUSD,TP_HIT,BUY,1.0296720458094826,0.16553878188442633,0.24726704841228475,0.1290994273815728,1.4497657470067833,0.0,3.0,19.21000000000004,2025-10-28 16:50:00
XAUUSD,SL_HIT,BUY,0.027482269503540775,0.6852836879432519,-0.1476063829787377,0.12145390070920803,1.5465425531914563,0.2,,22.5600000000004,2025-10-29 03:40:00
XAUUSD,SL_HIT,BUY,0.7620286085825662,0.14997832683138326,0.14477676636322787,0.10793237971390394,1.3441699176419395,0.0,3.0,23.070000000000164,2025-10-29 10:50:00
XAUUSD,SL_HIT,SELL,0.9554339327599913,1.281469898358086,0.6465989053948401,1.1368256450351841,0.9546520719312018,0.6,1.0,12.789999999999964,2025-10-30 03:35:00
XAUUSD,SL_HIT,SELL,1.5605700712588788,0.4239904988123133,0.0011876484560829207,0.3669833729215753,0.942992874109262,0.8,2.0,8.420000000000073,2025-10-30 10:15:00
XAUUSD,TP_HIT,BUY,1.1033781033781216,0.518111518111525,0.310948310948328,0.15018315018315417,0.7456247456247426,0.1,2.0,24.56999999999971,2025-10-30 16:50:00
XAUUSD,SL_HIT,SELL,0.8275132275132607,1.259259259259293,-0.303703703703698,1.0994708994709552,1.8412698412698862,0.2,7.0,9.449999999999818,2025-10-31 03:25:00
XAUUSD,SL_HIT,BUY,0.8663414634146448,0.5804878048780311,0.2741463414634093,0.4712195121951149,1.810731707317068,0.0,1.0,10.25,2025-10-31 10:15:00
XAUUSD,TP_HIT,SELL,0.9910198845413517,0.6407953816549162,-0.27132777421423854,0.6343810134701883,1.1840923669018515,0.0,11.0,15.590000000000146,2025-10-31 18:05:00
XAUUSD,SL_HIT,BUY,0.30977280923188394,0.24486116119725784,-0.04724125495852668,0.09051568698159979,0.9495131626397372,0.0,,27.730000000000015,2025-11-03 03:15:00
XAUUSD,TP_HIT,BUY,0.3990060347887897,0.5569755058572954,-0.2854100106496252,0.5456159034433903,0.9886403975860947,0.7,,28.170000000000076,2025-11-04 16:55:00
XAUUSD,SL_HIT,BUY,0.4327830188679322,0.37146226415095335,0.30896226415092987,0.0,3.2016509433962304,0.05,,8.480000000000018,2025-11-06 10:20:00
